cluster_profile,profile_lab,clade,Num_Sequence,Range_of_Host,Range_of_HostType,Host_Range_Per_Continent,Continent_of_Earliest_Date,Host_of_Earliest_Sample_Date,Range_of_Continent,Length_Between_First_Last_Sample,number_Conti,number_hostType
10_1_13_1_1_1_1_1,H5N1/2022/R15_Europe,2.3.4.4b,23,"wild-Anseriformes, wild-Charadriiformes, domestic-Anseriformes, domestic-Galliformes, wild-Sphenisciformes, wild-Gruiformes","wild-ave, domestic-ave","wild-Anseriformes - Europe, wild-Charadriiformes - Europe, domestic-Anseriformes - Europe, domestic-Galliformes - Europe, wild-Sphenisciformes - Europe, wild-Gruiformes - Europe",Europe,wild-Anseriformes,Europe,0.236,1,2
10_1_1_1_1_1_1_1,H5N1/2021/R3_Europe,2.3.4.4b,11,"wild-Accipitriformes, domestic-Galliformes, wild-Anseriformes, wild-Strigiformes, wild-Mammal","wild-ave, domestic-ave, mammal","wild-Accipitriformes - Europe, domestic-Galliformes - Europe, wild-Anseriformes - Europe, wild-Strigiformes - Europe, wild-Mammal - Europe",Europe,domestic-Galliformes,Europe,0.632945,1,3
10_1_1_1_1_1_1_7,H5N1/2021/R7_Europe,2.3.4.4b,36,"domestic-Galliformes, domestic-Anseriformes, wild-Pelecaniformes, wild-Anseriformes, wild-Accipitriformes","domestic-ave, wild-ave","domestic-Galliformes - Europe, domestic-Anseriformes - Europe, wild-Pelecaniformes - Europe, wild-Anseriformes - Europe, wild-Accipitriformes - Europe",Europe,domestic-Galliformes,Europe,1.301,1,2
10_1_1_1_22_1_1_1,NA,2.3.4.4b,1,wild-Anseriformes,wild-ave,wild-Anseriformes - Europe,Europe,wild-Anseriformes,Europe,0,1,1
10_29_57_33_31_56_20_36,NA,EA_nonGsGD,1,domestic-Galliformes,domestic-ave,domestic-Galliformes - Europe,Europe,domestic-Galliformes,Europe,0,1,1
10_37_3_1_36_65_1_2,NA,2.3.4.4b,1,wild-Anseriformes,wild-ave,wild-Anseriformes - Europe,Europe,wild-Anseriformes,Europe,0,1,1
11_6_7_3_4_5_2_5,H5N6/2020/R1_Asia,2.3.4.4h,51,"wild-Anseriformes, NA-environment, domestic-Anseriformes","wild-ave, other, domestic-ave","wild-Anseriformes - Asia, NA-environment - Asia, domestic-Anseriformes - Asia",Asia,wild-Anseriformes,Asia,0.363852,1,3
12_3_1_1_2_1_1_4,H5N1/2023/R1_NAmerica,2.3.4.4b,32,"wild-Accipitriformes, wild-Passeriformes, wild-Anseriformes, wild-Falconiformes, wild-Strigiformes",wild-ave,"wild-Accipitriformes - North America, wild-Passeriformes - North America, wild-Anseriformes - North America, wild-Falconiformes - North America, wild-Strigiformes - North America",North America,wild-Accipitriformes,North America,0.276,1,1
13_19_38_20_1_30_3_6,NA,2.3.2.1a,3,"domestic-Anseriformes, domestic-Galliformes",domestic-ave,"domestic-Anseriformes - Asia, domestic-Galliformes - Asia",Asia,domestic-Anseriformes,Asia,0,1,1
13_5_10_7_1_13_29_6,NA,2.3.2.1a,1,domestic-Anseriformes,domestic-ave,domestic-Anseriformes - Asia,Asia,domestic-Anseriformes,Asia,0,1,1
13_5_10_7_1_13_3_6,NA,2.3.2.1a,1,domestic-Anseriformes,domestic-ave,domestic-Anseriformes - Asia,Asia,domestic-Anseriformes,Asia,0,1,1
13_5_10_7_1_13_7_47,NA,2.3.2.1a,1,domestic-Anseriformes,domestic-ave,domestic-Anseriformes - Asia,Asia,domestic-Anseriformes,Asia,0,1,1
13_5_10_7_1_13_7_6,H5N1/2020/R4_Asia,2.3.2.1a,12,"domestic-Anseriformes, domestic-Galliformes",domestic-ave,"domestic-Anseriformes - Asia, domestic-Galliformes - Asia",Asia,domestic-Anseriformes,Asia,1.369,1,1
13_5_24_15_1_21_8_19,H5N1/2020/R3_Asia,2.3.2.1a,7,"domestic-Galliformes, domestic-Anseriformes",domestic-ave,"domestic-Galliformes - Asia, domestic-Anseriformes - Asia",Asia,domestic-Anseriformes,Asia,0.906,1,1
13_5_36_7_1_39_3_6,NA,2.3.2.1a,3,domestic-Anseriformes,domestic-ave,domestic-Anseriformes - Asia,Asia,domestic-Anseriformes,Asia,0,1,1
13_5_61_18_1_27_8_6,NA,2.3.2.1a,1,domestic-Anseriformes,domestic-ave,domestic-Anseriformes - Asia,Asia,domestic-Anseriformes,Asia,0,1,1
13_5_75_7_1_13_7_6,NA,2.3.2.1a,1,domestic-Anseriformes,domestic-ave,domestic-Anseriformes - Asia,Asia,domestic-Anseriformes,Asia,0,1,1
14_48_76_46_1_30_3_6,NA,2.3.2.1a,1,domestic-Anseriformes,domestic-ave,domestic-Anseriformes - Asia,Asia,domestic-Anseriformes,Asia,0,1,1
14_5_10_5_1_75_3_6,NA,2.3.2.1a,1,domestic-Anseriformes,domestic-ave,domestic-Anseriformes - Asia,Asia,domestic-Anseriformes,Asia,0,1,1
14_5_10_5_1_9_3_6,H5N1/2021/R1_Asia,2.3.2.1a,22,"domestic-Anseriformes, domestic-Galliformes",domestic-ave,"domestic-Anseriformes - Asia, domestic-Galliformes - Asia",Asia,domestic-Anseriformes,Asia,0.942,1,1
14_5_85_5_1_85_3_6,NA,2.3.2.1a,1,domestic-Anseriformes,domestic-ave,domestic-Anseriformes - Asia,Asia,domestic-Anseriformes,Asia,0,1,1
15_10_7_8_9_10_6_9,H5N6/2020/R7_Asia,2.3.4.4h,16,domestic-Anseriformes,domestic-ave,domestic-Anseriformes - Asia,Asia,domestic-Anseriformes,Asia,0.38,1,1
16_8_20_9_4_15_2_13,H5N6/2020/R3_Asia,2.3.4.4h,11,"domestic-Anseriformes, domestic-Galliformes",domestic-ave,"domestic-Anseriformes - Asia, domestic-Galliformes - Asia",Asia,domestic-Anseriformes,Asia,0.678,1,1
16_8_42_9_4_15_2_27,NA,2.3.4.4h,2,"domestic-Anseriformes, domestic-Galliformes",domestic-ave,"domestic-Anseriformes - Asia, domestic-Galliformes - Asia",Asia,domestic-Anseriformes,Asia,0.014,1,1
16_8_56_9_4_15_2_35,NA,2.3.4.4h,1,domestic-Anseriformes,domestic-ave,domestic-Anseriformes - Asia,Asia,domestic-Anseriformes,Asia,0,1,1
17_11_17_10_10_17_5_16,H5N1/2020/R1_Asia,2.3.2.1c,10,domestic-Anseriformes,domestic-ave,domestic-Anseriformes - Asia,Asia,domestic-Anseriformes,Asia,0,1,1
17_11_17_16_10_28_5_24,NA,2.3.2.1c,4,domestic-Anseriformes,domestic-ave,domestic-Anseriformes - Asia,Asia,domestic-Anseriformes,Asia,0,1,1
18_12_18_1_4_12_1_11,H5N6/2021/R1_Asia,2.3.4.4b,11,"domestic-Anseriformes, wild-Mammal, domestic-Galliformes","domestic-ave, mammal","domestic-Anseriformes - Asia, wild-Mammal - Asia, domestic-Galliformes - Asia",Asia,domestic-Anseriformes,Asia,0.551068,1,2
18_12_18_1_4_60_1_11,NA,2.3.4.4b,1,domestic-Galliformes,domestic-ave,domestic-Galliformes - Asia,Asia,domestic-Galliformes,Asia,0,1,1
18_40_18_1_4_12_1_11,NA,2.3.4.4b,1,domestic-Anseriformes,domestic-ave,domestic-Anseriformes - Asia,Asia,domestic-Anseriformes,Asia,0,1,1
18_41_18_1_4_12_1_11,NA,2.3.4.4b,1,domestic-Anseriformes,domestic-ave,domestic-Anseriformes - Asia,Asia,domestic-Anseriformes,Asia,0,1,1
19_9_14_6_8_11_4_12,H5N6/2020/R6_Asia,2.3.4.4g,14,domestic-Anseriformes,domestic-ave,domestic-Anseriformes - Asia,Asia,domestic-Anseriformes,Asia,0,1,1
1_16_5_2_1_3_1_2,NA,2.3.4.4b,1,domestic-Anseriformes,domestic-ave,domestic-Anseriformes - Asia,Asia,domestic-Anseriformes,Asia,0,1,1
1_17_22_1_6_1_1_1,NA,2.3.4.4b,1,wild-Anseriformes,wild-ave,wild-Anseriformes - Asia,Asia,wild-Anseriformes,Asia,0,1,1
1_17_22_1_6_1_1_21,NA,2.3.4.4b,4,"wild-Anseriformes, wild-unknown avian",wild-ave,"wild-Anseriformes - Asia, wild-unknown avian - Asia",Asia,wild-unknown avian,Asia,0.028,1,1
1_1_12_1_1_1_1_1,NA,2.3.4.4b,1,wild-Anseriformes,wild-ave,wild-Anseriformes - Asia,Asia,wild-Anseriformes,Asia,0,1,1
1_1_12_1_6_2_1_17,H5N8/2021/R2_Asia,2.3.4.4b,8,domestic-Anseriformes,domestic-ave,domestic-Anseriformes - Asia,Asia,domestic-Anseriformes,Asia,0.167,1,1
1_1_13_1_1_1_1_1,NA,2.3.4.4b,1,domestic-Anseriformes,domestic-ave,domestic-Anseriformes - Europe,Europe,domestic-Anseriformes,Europe,0,1,1
1_1_15_1_6_1_1_53,NA,2.3.4.4b,1,wild-Anseriformes,wild-ave,wild-Anseriformes - Asia,Asia,wild-Anseriformes,Asia,0,1,1
1_1_15_2_1_3_1_14,H5N8/2020/R4_Asia,2.3.4.4b,10,"domestic-Anseriformes, domestic-Galliformes, wild-unknown avian","domestic-ave, wild-ave","domestic-Anseriformes - Asia, domestic-Galliformes - Asia, wild-unknown avian - Asia",Asia,wild-unknown avian,Asia,0.071,1,2
1_1_15_2_1_3_1_2,H5N8/2020/R5_Asia,2.3.4.4b,8,"wild-Accipitriformes, domestic-Galliformes, wild-Anseriformes, domestic-Anseriformes","wild-ave, domestic-ave","wild-Accipitriformes - Asia, domestic-Galliformes - Asia, wild-Anseriformes - Asia, domestic-Anseriformes - Asia",Asia,domestic-Anseriformes,Asia,0.205,1,2
1_1_19_1_7_14_1_1,H5N3/2020/R1_Europe,2.3.4.4b,13,"wild-Charadriiformes, wild-Accipitriformes, wild-Falconiformes",wild-ave,"wild-Charadriiformes - Europe, wild-Accipitriformes - Europe, wild-Falconiformes - Europe",Europe,wild-Charadriiformes,Europe,0.191,1,1
1_1_1_1_1_1_1_1,H5N1/2021/R5_Europe,2.3.4.4b,79,"wild-Anseriformes, wild-Charadriiformes, domestic-Anseriformes, wild-Ciconiiformes, wild-Mammal, domestic-Galliformes, wild-Podicipediformes, wild-Galliformes, wild-Suliformes","wild-ave, domestic-ave, mammal","wild-Anseriformes - Europe, wild-Anseriformes - Asia, wild-Charadriiformes - Europe, domestic-Anseriformes - Asia, wild-Ciconiiformes - Europe, wild-Mammal - Asia, domestic-Galliformes - Asia, wild-Charadriiformes - Asia, wild-Podicipediformes - Asia, wild-Galliformes - Asia, wild-Suliformes - Asia",Europe,wild-Anseriformes,"Europe, Asia",1.329,2,3
1_1_1_1_45_1_1_1,NA,2.3.4.4b,1,wild-Anseriformes,wild-ave,wild-Anseriformes - Asia,Asia,wild-Anseriformes,Asia,0,1,1
1_1_1_1_46_1_1_1,NA,2.3.4.4b,1,wild-Anseriformes,wild-ave,wild-Anseriformes - Asia,Asia,wild-Anseriformes,Asia,0,1,1
1_1_2_19_1_37_12_15,NA,EA_nonGsGD,3,domestic-Anseriformes,domestic-ave,domestic-Anseriformes - Europe,Europe,domestic-Anseriformes,Europe,0,1,1
1_1_2_1_12_1_1_1,NA,2.3.4.4b,1,domestic-Galliformes,domestic-ave,domestic-Galliformes - Europe,Europe,domestic-Galliformes,Europe,0,1,1
1_1_2_1_1_19_1_15,NA,2.3.4.4b,4,"wild-Charadriiformes, wild-Falconiformes",wild-ave,"wild-Charadriiformes - Europe, wild-Falconiformes - Europe",Europe,wild-Charadriiformes,Europe,0.088,1,1
1_1_2_1_1_1_1_1,H5N1/2021/R2_Europe,2.3.4.4b,984,"domestic-Galliformes, wild-Anseriformes, wild-Charadriiformes, wild-Pelecaniformes, wild-Passeriformes, domestic-Anseriformes, wild-Mammal, wild-Falconiformes, wild-Ciconiiformes, wild-Accipitriformes, wild-Suliformes, wild-Gruiformes, wild-unknown avian, wild-Rheiformes, wild-Strigiformes, wild-Podicipediformes, domestic-Pelecaniformes, wild-Galliformes, domestic-Strigiformes, NA-environment, wild-Phoenicopteriformes, domestic-Mammal","domestic-ave, wild-ave, mammal, other","domestic-Galliformes - Europe, wild-Anseriformes - Europe, wild-Charadriiformes - Europe, wild-Pelecaniformes - Europe, wild-Passeriformes - Europe, domestic-Anseriformes - Europe, wild-Mammal - Europe, wild-Falconiformes - Europe, wild-Ciconiiformes - Europe, wild-Accipitriformes - Europe, wild-Suliformes - Europe, wild-Gruiformes - Europe, wild-unknown avian - Europe, wild-Rheiformes - Europe, domestic-Anseriformes - Africa, wild-Strigiformes - Europe, wild-Podicipediformes - Europe, domestic-Pelecaniformes - Europe, wild-Galliformes - Europe, domestic-Strigiformes - Europe, NA-environment - Europe, wild-Phoenicopteriformes - Europe, domestic-Mammal - Europe",Europe,domestic-Galliformes,"Europe, Africa",1.628,2,4
1_1_2_1_1_1_1_10,H5N1/2022/R14_Europe,2.3.4.4b,27,"domestic-Galliformes, domestic-Anseriformes",domestic-ave,"domestic-Galliformes - Europe, domestic-Anseriformes - Europe",Europe,domestic-Galliformes,Europe,0.154,1,1
1_1_2_1_1_1_1_45,NA,2.3.4.4b,1,domestic-Galliformes,domestic-ave,domestic-Galliformes - Europe,Europe,domestic-Galliformes,Europe,0,1,1
1_1_2_1_1_1_1_57,NA,2.3.4.4b,1,wild-Anseriformes,wild-ave,wild-Anseriformes - Europe,Europe,wild-Anseriformes,Europe,0,1,1
1_1_2_1_1_93_1_1,NA,2.3.4.4b,1,domestic-Galliformes,domestic-ave,domestic-Galliformes - Europe,Europe,domestic-Galliformes,Europe,0,1,1
1_1_2_1_22_1_1_7,NA,2.3.4.4b,1,wild-Anseriformes,wild-ave,wild-Anseriformes - Europe,Europe,wild-Anseriformes,Europe,0,1,1
1_1_2_1_27_1_1_14,NA,2.3.4.4b,1,wild-Anseriformes,wild-ave,wild-Anseriformes - Europe,Europe,wild-Anseriformes,Europe,0,1,1
1_1_2_1_28_1_1_1,NA,2.3.4.4b,1,wild-Anseriformes,wild-ave,wild-Anseriformes - Europe,Europe,wild-Anseriformes,Europe,0,1,1
1_1_2_1_5_1_1_1,H5N1/2022/R18_Europe,2.3.4.4b,73,"domestic-Galliformes, wild-Anseriformes, domestic-Anseriformes, wild-Accipitriformes, wild-Strigiformes, wild-Pelecaniformes, wild-Ciconiiformes, wild-Passeriformes, wild-Mammal, wild-Charadriiformes, domestic-Mammal","domestic-ave, wild-ave, mammal","domestic-Galliformes - Europe, wild-Anseriformes - Europe, domestic-Anseriformes - Europe, wild-Accipitriformes - Europe, wild-Strigiformes - Europe, wild-Pelecaniformes - Europe, wild-Ciconiiformes - Europe, wild-Passeriformes - Europe, wild-Mammal - Europe, wild-Charadriiformes - Europe, domestic-Mammal - Europe",Europe,domestic-Galliformes,Europe,0.529,1,3
1_1_32_1_1_19_1_15,NA,2.3.4.4b,3,"wild-Charadriiformes, wild-Falconiformes",wild-ave,"wild-Charadriiformes - Europe, wild-Falconiformes - Europe",Europe,wild-Charadriiformes,Europe,0.057,1,1
1_1_35_47_1_43_17_46,NA,EA_nonGsGD,1,wild-Anseriformes,wild-ave,wild-Anseriformes - Europe,Europe,wild-Anseriformes,Europe,0,1,1
1_1_41_12_24_42_11_7,NA,2.3.4.4b,2,domestic-Galliformes,domestic-ave,domestic-Galliformes - Europe,Europe,domestic-Galliformes,Europe,0.028,1,1
1_1_47_1_12_1_1_1,NA,2.3.4.4b,2,"domestic-Galliformes, domestic-Anseriformes",domestic-ave,"domestic-Galliformes - Europe, domestic-Anseriformes - Europe",Europe,domestic-Galliformes,Europe,0,1,1
1_1_4_1_3_1_1_3,H5N1/2022/R12_Europe,2.3.4.4b,396,"wild-Charadriiformes, domestic-Galliformes, wild-Mammal, wild-Falconiformes, wild-Accipitriformes, wild-Passeriformes, domestic-Charadriiformes, wild-Anseriformes, domestic-Anseriformes, wild-Pelecaniformes","wild-ave, domestic-ave, mammal","wild-Charadriiformes - Europe, domestic-Galliformes - Europe, wild-Mammal - Europe, wild-Falconiformes - Europe, wild-Accipitriformes - Europe, wild-Passeriformes - Europe, domestic-Charadriiformes - Europe, wild-Anseriformes - Europe, domestic-Anseriformes - Europe, wild-Pelecaniformes - Europe",Europe,wild-Charadriiformes,Europe,1.085,1,3
1_1_4_1_3_1_1_56,NA,2.3.4.4b,1,wild-Charadriiformes,wild-ave,wild-Charadriiformes - Europe,Europe,wild-Charadriiformes,Europe,0,1,1
1_1_66_38_12_14_15_1,NA,EA_nonGsGD,1,wild-Anseriformes,wild-ave,wild-Anseriformes - Europe,Europe,wild-Anseriformes,Europe,0,1,1
1_1_74_44_1_73_1_43,NA,EA_nonGsGD,1,domestic-Anseriformes,domestic-ave,domestic-Anseriformes - Asia,Asia,domestic-Anseriformes,Asia,0,1,1
1_1_81_1_7_83_1_2,NA,2.3.4.4b,1,wild-Charadriiformes,wild-ave,wild-Charadriiformes - Europe,Europe,wild-Charadriiformes,Europe,0,1,1
1_1_82_1_1_1_1_1,NA,2.3.4.4b,1,wild-Charadriiformes,wild-ave,wild-Charadriiformes - Europe,Europe,wild-Charadriiformes,Europe,0,1,1
1_1_88_53_12_14_15_1,NA,EA_nonGsGD,1,domestic-Galliformes,domestic-ave,domestic-Galliformes - Europe,Europe,domestic-Galliformes,Europe,0,1,1
1_1_94_1_3_1_1_3,NA,2.3.4.4b,1,wild-Mammal,mammal,wild-Mammal - Europe,Europe,wild-Mammal,Europe,0,1,1
1_2_2_1_30_7_1_2,NA,2.3.4.4b,1,wild-Falconiformes,wild-ave,wild-Falconiformes - Europe,Europe,wild-Falconiformes,Europe,0,1,1
1_35_65_13_35_64_25_20,NA,Am_nonGsGD,1,wild-Anseriformes,wild-ave,wild-Anseriformes - North America,North America,wild-Anseriformes,North America,0,1,1
1_54_2_1_1_1_1_1,NA,2.3.4.4b,1,domestic-Galliformes,domestic-ave,domestic-Galliformes - Europe,Europe,domestic-Galliformes,Europe,0,1,1
1_7_11_48_4_6_2_5,NA,2.3.4.4h,1,domestic-Galliformes,domestic-ave,domestic-Galliformes - Asia,Asia,domestic-Galliformes,Asia,0,1,1
1_7_11_4_4_6_2_5,H5N6/2020/R4_Asia,2.3.4.4h,31,"domestic-Anseriformes, domestic-Galliformes",domestic-ave,"domestic-Anseriformes - Asia, domestic-Galliformes - Asia",Asia,domestic-Anseriformes,Asia,1.058,1,1
20_13_27_1_11_24_1_9,H5N6/2021/R2_Asia,2.3.4.4b,6,"wild-Mammal, NA-environment, domestic-Anseriformes, domestic-Galliformes","mammal, other, domestic-ave","wild-Mammal - Asia, NA-environment - Asia, domestic-Anseriformes - Asia, domestic-Galliformes - Asia",Asia,domestic-Anseriformes,Asia,0.054,1,3
20_13_49_1_11_38_1_9,NA,2.3.4.4b,2,NA-environment,other,NA-environment - Asia,Asia,NA-environment,Asia,0,1,1
20_13_50_1_11_10_1_9,NA,2.3.4.4b,1,domestic-Anseriformes,domestic-ave,domestic-Anseriformes - Asia,Asia,domestic-Anseriformes,Asia,0,1,1
20_13_50_60_11_12_1_62,NA,2.3.4.4b,1,domestic-Galliformes,domestic-ave,domestic-Galliformes - Asia,Asia,domestic-Galliformes,Asia,0,1,1
20_13_68_1_11_38_1_9,NA,2.3.4.4b,1,wild-Mammal,mammal,wild-Mammal - Asia,Asia,wild-Mammal,Asia,0,1,1
21_8_21_11_4_18_2_5,H5N6/2020/R2_Asia,2.3.4.4h,7,domestic-Anseriformes,domestic-ave,domestic-Anseriformes - Asia,Asia,domestic-Anseriformes,Asia,0.008,1,1
21_8_21_11_4_44_24_5,NA,2.3.4.4h,1,domestic-Anseriformes,domestic-ave,domestic-Anseriformes - Asia,Asia,domestic-Anseriformes,Asia,0,1,1
21_8_54_11_4_44_2_5,NA,2.3.4.4h,1,domestic-Anseriformes,domestic-ave,domestic-Anseriformes - Asia,Asia,domestic-Anseriformes,Asia,0,1,1
22_1_12_1_6_1_1_18,H5N1/2022/R16_Asia,2.3.4.4b,8,"wild-Anseriformes, domestic-Galliformes, wild-Passeriformes, wild-unknown avian","wild-ave, domestic-ave","wild-Anseriformes - Asia, domestic-Galliformes - Asia, wild-Passeriformes - Asia, wild-unknown avian - Asia",Asia,wild-Anseriformes,Asia,0.367,1,2
22_38_22_2_6_66_1_2,NA,2.3.4.4b,1,wild-Anseriformes,wild-ave,wild-Anseriformes - Asia,Asia,wild-Anseriformes,Asia,0,1,1
23_1_23_1_1_1_1_1,H5N1/2022/R17_Asia,2.3.4.4b,8,"wild-Passeriformes, wild-Mammal","wild-ave, mammal","wild-Passeriformes - Asia, wild-Mammal - Asia",Asia,wild-Passeriformes,Asia,0.332,1,2
24_1_25_1_14_1_1_7,H5N1/2021/R9_Europe,2.3.4.4b,7,"wild-Pelecaniformes, wild-Anseriformes, domestic-Anseriformes","wild-ave, domestic-ave","wild-Pelecaniformes - Europe, wild-Anseriformes - Europe, domestic-Anseriformes - Europe",Europe,wild-Pelecaniformes,Europe,0.257,1,2
25_4_1_1_2_1_1_4,NA,2.3.4.4b,1,wild-Accipitriformes,wild-ave,wild-Accipitriformes - North America,North America,wild-Accipitriformes,North America,0,1,1
25_4_26_17_19_31_10_8,NA,Am_nonGsGD,1,wild-Charadriiformes,wild-ave,wild-Charadriiformes - North America,North America,wild-Charadriiformes,North America,0,1,1
25_4_26_36_19_59_22_38,NA,Am_nonGsGD,1,wild-Anseriformes,wild-ave,wild-Anseriformes - North America,North America,wild-Anseriformes,North America,0,1,1
25_4_40_17_19_31_10_32,NA,Am_nonGsGD,2,"wild-Anseriformes, wild-Charadriiformes",wild-ave,"wild-Anseriformes - North America, wild-Charadriiformes - North America",North America,wild-Anseriformes,North America,0,1,1
25_4_40_17_19_31_10_58,NA,Am_nonGsGD,1,wild-Charadriiformes,wild-ave,wild-Charadriiformes - North America,North America,wild-Charadriiformes,North America,0,1,1
26_1_30_1_13_25_1_25,NA,2.3.4.4b,4,domestic-Galliformes,domestic-ave,domestic-Galliformes - Asia,Asia,domestic-Galliformes,Asia,0,1,1
26_23_46_1_13_50_1_30,NA,2.3.4.4b,1,domestic-Anseriformes,domestic-ave,domestic-Anseriformes - Asia,Asia,domestic-Anseriformes,Asia,0,1,1
26_23_46_58_13_50_2_30,NA,2.3.4.4h,1,wild-Mammal,mammal,wild-Mammal - Asia,Asia,wild-Mammal,Asia,0,1,1
27_9_14_6_8_11_4_22,H5N6/2020/R5_Asia,2.3.4.4g,6,domestic-Anseriformes,domestic-ave,domestic-Anseriformes - Asia,Asia,domestic-Anseriformes,Asia,0,1,1
28_1_2_26_12_49_1_23,NA,EA_nonGsGD,2,domestic-Anseriformes,domestic-ave,domestic-Anseriformes - Europe,Europe,domestic-Anseriformes,Europe,0,1,1
28_1_2_49_43_80_1_1,NA,EA_nonGsGD,1,wild-Anseriformes,wild-ave,wild-Anseriformes - Europe,Europe,wild-Anseriformes,Europe,0,1,1
28_1_35_1_1_2_1_7,NA,2.3.4.4b,1,domestic-Galliformes,domestic-ave,domestic-Galliformes - Europe,Europe,domestic-Galliformes,Europe,0,1,1
29_1_2_1_1_79_14_1,NA,2.3.4.4b,1,wild-Anseriformes,wild-ave,wild-Anseriformes - Europe,Europe,wild-Anseriformes,Europe,0,1,1
29_1_77_14_12_76_31_23,NA,EA_nonGsGD,1,wild-Anseriformes,wild-ave,wild-Anseriformes - Europe,Europe,wild-Anseriformes,Europe,0,1,1
29_34_63_24_1_63_14_1,NA,EA_nonGsGD,1,wild-Anseriformes,wild-ave,wild-Anseriformes - Europe,Europe,wild-Anseriformes,Europe,0,1,1
2_16_37_45_41_74_1_21,NA,EA_nonGsGD,1,domestic-Anseriformes,domestic-ave,domestic-Anseriformes - Asia,Asia,domestic-Anseriformes,Asia,0,1,1
2_1_12_1_6_4_1_1,H5N1/2021/R11_Asia,2.3.4.4b,5,"domestic-Anseriformes, domestic-Galliformes",domestic-ave,"domestic-Anseriformes - Asia, domestic-Galliformes - Asia",Asia,domestic-Anseriformes,Asia,0.145,1,1
2_1_16_1_1_8_1_1,H5N5/2020/R2_Europe,2.3.4.4b,15,"wild-Charadriiformes, wild-Pelecaniformes, wild-Anseriformes, wild-Accipitriformes",wild-ave,"wild-Charadriiformes - Europe, wild-Pelecaniformes - Europe, wild-Anseriformes - Europe, wild-Accipitriformes - Europe",Europe,wild-Anseriformes,Europe,1.235,1,1
2_1_1_1_1_16_1_1,H5N1/2022/R7_Africa,2.3.4.4b,13,"wild-Charadriiformes, wild-Sphenisciformes",wild-ave,"wild-Charadriiformes - Africa, wild-Sphenisciformes - Africa",Africa,wild-Charadriiformes,Africa,0.633,1,1
2_1_1_1_1_1_1_1,H5N1/2020/R2_Europe,2.3.4.4b,1381,"wild-Anseriformes, domestic-Galliformes, wild-Accipitriformes, wild-Galliformes, wild-Charadriiformes, domestic-Anseriformes, wild-Passeriformes, wild-Falconiformes, wild-Strigiformes, wild-Mammal, wild-Pelecaniformes, wild-Ciconiiformes, domestic-Casuariiformes, wild-Suliformes, domestic-Struthioniformes, wild-Gruiformes, wild-Psittaciformes, wild-Procellariiformes, wild-Sphenisciformes, wild-unknown avian","wild-ave, domestic-ave, mammal","wild-Anseriformes - Europe, domestic-Galliformes - Europe, wild-Accipitriformes - Europe, wild-Galliformes - Europe, wild-Charadriiformes - Europe, domestic-Anseriformes - Europe, wild-Passeriformes - Europe, wild-Falconiformes - Europe, wild-Strigiformes - Europe, wild-Mammal - Europe, domestic-Galliformes - Africa, wild-Pelecaniformes - Africa, wild-Ciconiiformes - Europe, wild-Pelecaniformes - Europe, wild-Anseriformes - North America, domestic-Anseriformes - Asia, wild-Accipitriformes - Asia, domestic-Galliformes - North America, domestic-Anseriformes - North America, domestic-Casuariiformes - North America, wild-Suliformes - Europe, wild-Mammal - Asia, wild-Mammal - North America, wild-Passeriformes - Asia, wild-Charadriiformes - Africa, wild-Strigiformes - Africa, domestic-Struthioniformes - Africa, wild-Gruiformes - Africa, wild-Suliformes - Africa, wild-Psittaciformes - North America, wild-Procellariiformes - Europe, wild-Sphenisciformes - Africa, wild-Accipitriformes - North America, wild-unknown avian - Africa, wild-Anseriformes - Asia, wild-Gruiformes - Europe, domestic-Anseriformes - Africa, wild-Accipitriformes - Africa, wild-Charadriiformes - North America, wild-Ciconiiformes - Africa, wild-Anseriformes - Africa, wild-unknown avian - Europe, domestic-Galliformes - Asia, wild-Procellariiformes - Africa, domestic-Casuariiformes - Asia, wild-Passeriformes - North America, wild-Strigiformes - North America, wild-Falconiformes - North America, wild-Suliformes - North America, wild-Gruiformes - Asia, wild-Charadriiformes - Asia, wild-Pelecaniformes - North America",Europe,wild-Anseriformes,"Europe, Africa, North America, Asia",2.938448,4,3
2_1_1_1_1_1_1_33,NA,2.3.4.4b,2,"wild-Suliformes, wild-Charadriiformes",wild-ave,"wild-Suliformes - North America, wild-Charadriiformes - North America",North America,wild-Suliformes,North America,0,1,1
2_1_1_1_1_1_1_44,NA,2.3.4.4b,1,wild-Anseriformes,wild-ave,wild-Anseriformes - Asia,Asia,wild-Anseriformes,Asia,0,1,1
2_1_1_1_1_1_1_48,NA,2.3.4.4b,1,domestic-Galliformes,domestic-ave,domestic-Galliformes - Europe,Europe,domestic-Galliformes,Europe,0,1,1
2_1_1_1_1_1_1_51,NA,2.3.4.4b,1,wild-Anseriformes,wild-ave,wild-Anseriformes - Europe,Europe,wild-Anseriformes,Europe,0,1,1
2_1_1_1_1_33_1_2,NA,2.3.4.4b,3,domestic-Galliformes,domestic-ave,domestic-Galliformes - Europe,Europe,domestic-Galliformes,Europe,0,1,1
2_1_1_1_1_53_1_1,NA,2.3.4.4b,1,domestic-Galliformes,domestic-ave,domestic-Galliformes - Africa,Africa,domestic-Galliformes,Africa,0,1,1
2_1_1_1_1_53_1_60,NA,2.3.4.4b,1,domestic-Galliformes,domestic-ave,domestic-Galliformes - Africa,Africa,domestic-Galliformes,Africa,0,1,1
2_1_1_1_1_8_1_1,H5N5/2021/R1_Europe,2.3.4.4b,8,"wild-Anseriformes, domestic-Galliformes, wild-Accipitriformes","wild-ave, domestic-ave","wild-Anseriformes - Europe, domestic-Galliformes - Europe, wild-Accipitriformes - Europe",Europe,wild-Anseriformes,Europe,0.228,1,2
2_1_1_1_1_95_36_1,NA,2.3.4.4b,1,domestic-Galliformes,domestic-ave,domestic-Galliformes - Africa,Africa,domestic-Galliformes,Africa,0,1,1
2_1_1_1_27_1_1_1,NA,2.3.4.4b,1,domestic-Galliformes,domestic-ave,domestic-Galliformes - Europe,Europe,domestic-Galliformes,Europe,0,1,1
2_1_1_1_2_1_1_1,H5N1/2022/R6_NAmerica,2.3.4.4b,9,"domestic-Galliformes, domestic-Anseriformes",domestic-ave,"domestic-Galliformes - North America, domestic-Anseriformes - North America",North America,domestic-Galliformes,North America,0.063,1,1
2_1_1_1_7_1_1_1,H5N1/2021/R12_Europe,2.3.4.4b,10,"wild-Charadriiformes, wild-Columbiformes, wild-Strigiformes, wild-Falconiformes, wild-Accipitriformes",wild-ave,"wild-Charadriiformes - Europe, wild-Columbiformes - Europe, wild-Strigiformes - Europe, wild-Falconiformes - Europe, wild-Accipitriformes - Europe",Europe,wild-Charadriiformes,Europe,0.178,1,1
2_1_28_1_1_1_1_1,H5N1/2021/R10_Africa,2.3.4.4b,6,"wild-unknown avian, domestic-Galliformes","wild-ave, domestic-ave","wild-unknown avian - Africa, domestic-Galliformes - Africa",Africa,wild-unknown avian,Africa,0.271,1,2
2_1_29_14_1_29_1_1,NA,EA_nonGsGD,4,domestic-Galliformes,domestic-ave,domestic-Galliformes - Europe,Europe,domestic-Galliformes,Europe,0.066,1,1
2_1_29_14_26_36_1_23,NA,EA_nonGsGD,1,domestic-Anseriformes,domestic-ave,domestic-Anseriformes - Europe,Europe,domestic-Anseriformes,Europe,0,1,1
2_1_2_14_26_36_1_23,NA,EA_nonGsGD,1,wild-Anseriformes,wild-ave,wild-Anseriformes - Europe,Europe,wild-Anseriformes,Europe,0,1,1
2_1_2_1_1_1_1_1,H5N1/2021/R6_Europe,2.3.4.4b,12,"wild-Anseriformes, wild-Mammal, domestic-Galliformes, wild-Accipitriformes","wild-ave, mammal, domestic-ave","wild-Anseriformes - Europe, wild-Mammal - Europe, domestic-Galliformes - Europe, wild-Accipitriformes - Europe",Europe,wild-Anseriformes,Europe,1.011,1,3
2_1_2_27_1_72_1_1,NA,EA_nonGsGD,1,wild-Anseriformes,wild-ave,wild-Anseriformes - Europe,Europe,wild-Anseriformes,Europe,0,1,1
2_1_2_57_1_92_17_55,NA,EA_nonGsGD,1,wild-Charadriiformes,wild-ave,wild-Charadriiformes - Europe,Europe,wild-Charadriiformes,Europe,0,1,1
2_1_33_1_1_4_1_1,NA,2.3.4.4b,4,"domestic-Anseriformes, domestic-Galliformes",domestic-ave,"domestic-Anseriformes - Asia, domestic-Galliformes - Asia",Asia,domestic-Anseriformes,Asia,0.028,1,1
2_1_34_1_1_4_1_1,NA,2.3.4.4b,4,"domestic-Anseriformes, domestic-Galliformes, wild-Anseriformes","domestic-ave, wild-ave","domestic-Anseriformes - Asia, domestic-Galliformes - Asia, wild-Anseriformes - Asia",Asia,wild-Anseriformes,Asia,0.055,1,2
2_1_43_22_25_45_2_28,NA,2.3.4.4h,2,wild-Mammal,mammal,wild-Mammal - Asia,Asia,wild-Mammal,Asia,0.008,1,1
2_1_4_1_12_1_1_1,NA,2.3.4.4b,1,wild-Anseriformes,wild-ave,wild-Anseriformes - Europe,Europe,wild-Anseriformes,Europe,0,1,1
2_1_51_31_1_52_19_7,NA,EA_nonGsGD,2,NA-environment,other,NA-environment - Europe,Europe,NA-environment,Europe,0.377448,1,1
2_1_58_35_6_46_21_1,NA,EA_nonGsGD,1,wild-Anseriformes,wild-ave,wild-Anseriformes - Europe,Europe,wild-Anseriformes,Europe,0,1,1
2_1_79_1_1_1_1_1,NA,2.3.4.4b,1,wild-Suliformes,wild-ave,wild-Suliformes - Europe,Europe,wild-Suliformes,Europe,0,1,1
2_1_95_1_1_1_1_1,NA,2.3.4.4b,1,wild-Pelecaniformes,wild-ave,wild-Pelecaniformes - Europe,Europe,wild-Pelecaniformes,Europe,0,1,1
2_1_97_59_1_94_1_59,NA,EA_nonGsGD,1,wild-Anseriformes,wild-ave,wild-Anseriformes - Europe,Europe,wild-Anseriformes,Europe,0,1,1
2_1_9_1_1_4_1_1,H5N1/2021/R4_Asia,2.3.4.4b,55,"domestic-Galliformes, wild-Anseriformes, domestic-Anseriformes, wild-Falconiformes","domestic-ave, wild-ave","domestic-Galliformes - Asia, wild-Anseriformes - Asia, domestic-Anseriformes - Asia, wild-Falconiformes - Asia",Asia,wild-Anseriformes,Asia,1.041,1,2
2_1_9_30_1_4_1_1,NA,2.3.4.4b,2,domestic-Anseriformes,domestic-ave,domestic-Anseriformes - Asia,Asia,domestic-Anseriformes,Asia,0,1,1
30_1_2_1_1_40_1_1,NA,2.3.4.4b,3,"wild-Anseriformes, domestic-Galliformes","wild-ave, domestic-ave","wild-Anseriformes - Europe, domestic-Galliformes - Europe",Europe,wild-Anseriformes,Europe,0.082,1,2
31_1_1_1_2_1_1_1,NA,2.3.4.4b,2,domestic-Galliformes,domestic-ave,domestic-Galliformes - North America,North America,domestic-Galliformes,North America,0,1,1
31_3_1_1_2_1_1_4,NA,2.3.4.4b,1,domestic-Galliformes,domestic-ave,domestic-Galliformes - North America,North America,domestic-Galliformes,North America,0,1,1
32_20_39_1_23_1_1_8,NA,2.3.4.4b,3,"domestic-Galliformes, wild-Anseriformes","domestic-ave, wild-ave","domestic-Galliformes - North America, wild-Anseriformes - North America",North America,domestic-Galliformes,North America,0.008,1,2
33_22_31_21_20_41_5_26,NA,2.3.2.1c,3,wild-Mammal,mammal,wild-Mammal - Asia,Asia,wild-Mammal,Asia,0.005,1,1
34_8_59_23_4_12_2_29,NA,2.3.4.4h,1,wild-Mammal,mammal,wild-Mammal - Asia,Asia,wild-Mammal,Asia,0,1,1
34_8_60_23_4_12_2_29,NA,2.3.4.4h,1,wild-Mammal,mammal,wild-Mammal - Asia,Asia,wild-Mammal,Asia,0,1,1
35_4_45_25_2_48_13_8,NA,Am_nonGsGD,1,wild-Charadriiformes,wild-ave,wild-Charadriiformes - North America,North America,wild-Charadriiformes,North America,0,1,1
35_4_69_25_2_48_13_8,NA,Am_nonGsGD,1,wild-Charadriiformes,wild-ave,wild-Charadriiformes - North America,North America,wild-Charadriiformes,North America,0,1,1
36_1_1_1_1_1_1_1,NA,2.3.4.4b,2,domestic-Anseriformes,domestic-ave,domestic-Anseriformes - Europe,Europe,domestic-Anseriformes,Europe,0,1,1
37_1_22_28_6_51_1_31,NA,EA_nonGsGD,2,domestic-Anseriformes,domestic-ave,domestic-Anseriformes - Asia,Asia,domestic-Anseriformes,Asia,0.054,1,1
38_5_48_29_1_27_16_6,NA,2.3.2.1a,2,domestic-Anseriformes,domestic-ave,domestic-Anseriformes - Asia,Asia,domestic-Anseriformes,Asia,0.255,1,1
39_5_83_18_1_27_18_6,NA,2.3.2.1a,1,domestic-Anseriformes,domestic-ave,domestic-Anseriformes - Asia,Asia,domestic-Anseriformes,Asia,0,1,1
39_5_89_18_1_27_18_6,NA,2.3.2.1a,1,domestic-Anseriformes,domestic-ave,domestic-Anseriformes - Asia,Asia,domestic-Anseriformes,Asia,0,1,1
3_14_3_1_15_22_1_1,NA,2.3.4.4b,1,domestic-Anseriformes,domestic-ave,domestic-Anseriformes - Asia,Asia,domestic-Anseriformes,Asia,0,1,1
3_14_3_1_15_22_1_2,H5N2/2021/R1_Asia,2.3.4.4b,6,domestic-Anseriformes,domestic-ave,domestic-Anseriformes - Asia,Asia,domestic-Anseriformes,Asia,0.076,1,1
3_18_3_1_16_20_1_11,NA,2.3.4.4b,4,"domestic-Anseriformes, wild-Mammal","domestic-ave, mammal","domestic-Anseriformes - Asia, wild-Mammal - Asia",Asia,domestic-Anseriformes,Asia,1.240822,1,2
3_1_2_1_16_43_1_2,NA,2.3.4.4b,1,wild-Charadriiformes,wild-ave,wild-Charadriiformes - Europe,Europe,wild-Charadriiformes,Europe,0,1,1
3_1_2_1_1_2_1_2,H5N8/2021/R1_Europe,2.3.4.4b,13,"wild-Anseriformes, wild-Accipitriformes, domestic-Galliformes, domestic-Anseriformes","wild-ave, domestic-ave","wild-Anseriformes - Europe, wild-Accipitriformes - Europe, domestic-Galliformes - Europe, domestic-Anseriformes - Europe",Europe,domestic-Galliformes,Europe,0.258,1,2
3_1_2_1_21_34_1_2,NA,2.3.4.4b,3,domestic-Galliformes,domestic-ave,domestic-Galliformes - Europe,Europe,domestic-Galliformes,Europe,0.014,1,1
3_1_35_1_1_2_1_2,NA,2.3.4.4b,1,domestic-Galliformes,domestic-ave,domestic-Galliformes - Europe,Europe,domestic-Galliformes,Europe,0,1,1
3_1_3_1_1_26_1_2,H5N1/2021/R8_Asia,2.3.4.4b,6,"domestic-Galliformes, domestic-Anseriformes, wild-Columbiformes","domestic-ave, wild-ave","domestic-Galliformes - Asia, domestic-Anseriformes - Asia, wild-Columbiformes - Asia",Asia,domestic-Anseriformes,Asia,0.263,1,2
3_1_44_1_6_46_1_2,NA,2.3.4.4b,1,wild-Anseriformes,wild-ave,wild-Anseriformes - Europe,Europe,wild-Anseriformes,Europe,0,1,1
3_27_3_12_1_32_1_2,NA,2.3.4.4b,1,domestic-Anseriformes,domestic-ave,domestic-Anseriformes - Europe,Europe,domestic-Anseriformes,Europe,0,1,1
3_2_1_1_1_2_1_2,NA,2.3.4.4b,1,wild-Anseriformes,wild-ave,wild-Anseriformes - Europe,Europe,wild-Anseriformes,Europe,0,1,1
3_2_2_1_1_2_1_2,NA,2.3.4.4b,4,"domestic-Anseriformes, domestic-Galliformes",domestic-ave,"domestic-Anseriformes - Europe, domestic-Galliformes - Europe",Europe,domestic-Anseriformes,Europe,0,1,1
3_2_2_1_1_35_1_2,NA,2.3.4.4b,3,"wild-Anseriformes, wild-Accipitriformes, wild-Strigiformes",wild-ave,"wild-Anseriformes - Europe, wild-Accipitriformes - Europe, wild-Strigiformes - Europe",Europe,wild-Accipitriformes,Europe,0.112,1,1
3_2_2_1_1_7_1_2,H5N5/2020/R1_Europe,2.3.4.4b,22,"wild-Anseriformes, domestic-Galliformes, wild-Accipitriformes, domestic-Anseriformes","wild-ave, domestic-ave","wild-Anseriformes - Europe, domestic-Galliformes - Europe, wild-Accipitriformes - Europe, domestic-Anseriformes - Europe",Europe,wild-Accipitriformes,Europe,0.685,1,2
3_2_3_12_1_32_1_2,NA,EA_nonGsGD,1,domestic-Galliformes,domestic-ave,domestic-Galliformes - Europe,Europe,domestic-Galliformes,Europe,0,1,1
3_2_3_1_1_20_1_2,NA,2.3.4.4b,1,domestic-Galliformes,domestic-ave,domestic-Galliformes - Asia,Asia,domestic-Galliformes,Asia,0,1,1
3_2_3_1_1_2_1_2,H5N8/2020/R2_Asia,2.3.4.4b,1050,"wild-Anseriformes, domestic-Galliformes, domestic-Anseriformes, wild-Falconiformes, wild-Charadriiformes, wild-Accipitriformes, wild-Gruiformes, wild-unknown avian, wild-Suliformes, wild-Strigiformes, wild-Pelecaniformes, wild-Mammal, wild-Passeriformes, wild-Ciconiiformes, domestic-Rheiformes, wild-Podicipediformes, wild-Columbiformes","wild-ave, domestic-ave, mammal","wild-Anseriformes - Europe, domestic-Galliformes - Europe, wild-Anseriformes - Asia, domestic-Anseriformes - Asia, domestic-Galliformes - Asia, domestic-Anseriformes - Europe, wild-Falconiformes - Europe, wild-Charadriiformes - Europe, wild-Accipitriformes - Europe, wild-Gruiformes - Asia, wild-unknown avian - Europe, wild-Suliformes - Europe, wild-Strigiformes - Europe, wild-Pelecaniformes - Europe, wild-Mammal - Europe, wild-Passeriformes - Europe, wild-Ciconiiformes - Europe, domestic-Rheiformes - Europe, wild-Charadriiformes - Asia, wild-Pelecaniformes - Asia, wild-Podicipediformes - Asia, wild-Columbiformes - Europe, wild-unknown avian - Asia, wild-Gruiformes - Europe, wild-Strigiformes - Asia, domestic-Galliformes - Africa, wild-Passeriformes - Asia, wild-Podicipediformes - Europe, wild-Columbiformes - Asia, wild-unknown avian - Africa",Asia,domestic-Galliformes,"Europe, Asia, Africa",1.801,3,3
3_2_3_1_1_2_1_9,NA,2.3.4.4b,1,domestic-Galliformes,domestic-ave,domestic-Galliformes - Asia,Asia,domestic-Galliformes,Asia,0,1,1
3_2_3_1_1_47_1_2,NA,2.3.4.4b,2,"wild-Gruiformes, domestic-Galliformes","wild-ave, domestic-ave","wild-Gruiformes - Asia, domestic-Galliformes - Asia",Asia,domestic-Galliformes,Asia,0.014,1,2
3_2_3_1_1_58_1_2,NA,2.3.4.4b,1,wild-Anseriformes,wild-ave,wild-Anseriformes - Europe,Europe,wild-Anseriformes,Europe,0,1,1
3_2_3_1_1_68_1_2,NA,2.3.4.4b,1,wild-Anseriformes,wild-ave,wild-Anseriformes - Asia,Asia,wild-Anseriformes,Asia,0,1,1
3_2_3_1_1_71_1_2,NA,2.3.4.4b,1,domestic-Anseriformes,domestic-ave,domestic-Anseriformes - Asia,Asia,domestic-Anseriformes,Asia,0,1,1
3_2_3_1_1_7_1_2,NA,2.3.4.4b,2,"domestic-Galliformes, domestic-Anseriformes",domestic-ave,"domestic-Galliformes - Europe, domestic-Anseriformes - Europe",Europe,domestic-Galliformes,Europe,0,1,1
3_2_3_1_1_82_1_9,NA,2.3.4.4b,1,domestic-Anseriformes,domestic-ave,domestic-Anseriformes - Asia,Asia,domestic-Anseriformes,Asia,0,1,1
3_2_3_1_1_88_1_9,NA,2.3.4.4b,1,domestic-Galliformes,domestic-ave,domestic-Galliformes - Asia,Asia,domestic-Galliformes,Asia,0,1,1
3_2_3_1_32_2_1_2,NA,2.3.4.4b,1,domestic-Anseriformes,domestic-ave,domestic-Anseriformes - Asia,Asia,domestic-Anseriformes,Asia,0,1,1
3_2_3_54_1_89_1_52,NA,2.3.4.4b,1,domestic-Galliformes,domestic-ave,domestic-Galliformes - Africa,Africa,domestic-Galliformes,Africa,0,1,1
3_2_71_1_1_20_1_2,NA,2.3.4.4b,1,domestic-Anseriformes,domestic-ave,domestic-Anseriformes - Asia,Asia,domestic-Anseriformes,Asia,0,1,1
3_2_87_1_1_87_34_50,NA,2.3.4.4b,1,domestic-Galliformes,domestic-ave,domestic-Galliformes - Africa,Africa,domestic-Galliformes,Africa,0,1,1
3_31_3_1_1_2_1_2,NA,2.3.4.4b,1,domestic-Anseriformes,domestic-ave,domestic-Anseriformes - Asia,Asia,domestic-Anseriformes,Asia,0,1,1
3_32_3_1_1_2_1_2,NA,2.3.4.4b,1,domestic-Galliformes,domestic-ave,domestic-Galliformes - Europe,Europe,domestic-Galliformes,Europe,0,1,1
3_36_3_1_16_20_1_11,NA,2.3.4.4b,1,wild-Mammal,mammal,wild-Mammal - Asia,Asia,wild-Mammal,Asia,0,1,1
3_43_3_1_1_2_1_2,NA,2.3.4.4b,1,domestic-Anseriformes,domestic-ave,domestic-Anseriformes - Asia,Asia,domestic-Anseriformes,Asia,0,1,1
3_44_3_1_1_2_1_2,NA,2.3.4.4b,1,domestic-Anseriformes,domestic-ave,domestic-Anseriformes - Asia,Asia,domestic-Anseriformes,Asia,0,1,1
3_45_3_1_1_2_1_2,NA,2.3.4.4b,1,domestic-Anseriformes,domestic-ave,domestic-Anseriformes - Asia,Asia,domestic-Anseriformes,Asia,0,1,1
3_50_3_1_1_10_1_9,NA,2.3.4.4b,1,domestic-Anseriformes,domestic-ave,domestic-Anseriformes - Asia,Asia,domestic-Anseriformes,Asia,0,1,1
40_1_12_1_6_2_1_17,NA,2.3.4.4b,2,domestic-Anseriformes,domestic-ave,domestic-Anseriformes - Asia,Asia,domestic-Anseriformes,Asia,0,1,1
41_1_1_1_1_1_1_1,NA,2.3.4.4b,2,domestic-Galliformes,domestic-ave,domestic-Galliformes - North America,North America,domestic-Galliformes,North America,0,1,1
42_24_1_1_2_1_1_4,NA,2.3.4.4b,2,"domestic-Galliformes, domestic-Anseriformes",domestic-ave,"domestic-Galliformes - North America, domestic-Anseriformes - North America",North America,domestic-Galliformes,North America,0,1,1
43_1_5_2_1_3_1_2,NA,2.3.4.4b,2,NA-environment,other,NA-environment - Asia,Asia,NA-environment,Asia,0,1,1
44_1_1_1_18_1_1_1,NA,2.3.4.4b,2,"wild-Mammal, wild-Accipitriformes","mammal, wild-ave","wild-Mammal - North America, wild-Accipitriformes - North America",North America,wild-Mammal,North America,0.428,1,2
45_1_1_1_18_1_1_1,NA,2.3.4.4b,2,"wild-Strigiformes, wild-Anseriformes",wild-ave,"wild-Strigiformes - North America, wild-Anseriformes - North America",North America,wild-Anseriformes,North America,0.323,1,1
46_2_53_12_29_54_11_2,NA,2.3.4.4b,1,domestic-Galliformes,domestic-ave,domestic-Galliformes - Europe,Europe,domestic-Galliformes,Europe,0,1,1
47_28_55_32_4_55_2_34,NA,2.3.4.4h,1,domestic-Galliformes,domestic-ave,domestic-Galliformes - Asia,Asia,domestic-Galliformes,Asia,0,1,1
48_30_31_34_20_57_5_37,NA,2.3.2.1c,1,wild-Mammal,mammal,wild-Mammal - Asia,Asia,wild-Mammal,Asia,0,1,1
49_1_1_1_1_1_1_1,NA,2.3.4.4b,1,wild-Anseriformes,wild-ave,wild-Anseriformes - Europe,Europe,wild-Anseriformes,Europe,0,1,1
4_1_1_1_2_1_1_1,H5N1/2022/R4_NAmerica,2.3.4.4b,288,"domestic-Galliformes, wild-Anseriformes, domestic-Anseriformes, wild-Accipitriformes, wild-Mammal, wild-Strigiformes","domestic-ave, wild-ave, mammal","domestic-Galliformes - North America, wild-Anseriformes - North America, domestic-Anseriformes - North America, wild-Accipitriformes - North America, wild-Mammal - North America, wild-Strigiformes - North America",North America,wild-Anseriformes,North America,0.677,1,3
4_1_1_1_2_1_1_8,H5N1/2022/R10_NAmerica,2.3.4.4b,40,"domestic-Galliformes, wild-Pelecaniformes, domestic-Anseriformes, wild-Rheiformes, wild-Anseriformes, wild-Accipitriformes, wild-Strigiformes","domestic-ave, wild-ave","domestic-Galliformes - North America, wild-Pelecaniformes - South America, domestic-Anseriformes - North America, wild-Rheiformes - North America, wild-Anseriformes - North America, wild-Accipitriformes - North America, wild-Strigiformes - North America",North America,domestic-Galliformes,"North America, South America",1.036,2,2
4_3_1_1_2_1_1_1,NA,2.3.4.4b,3,"domestic-Galliformes, wild-Accipitriformes, wild-Passeriformes","domestic-ave, wild-ave","domestic-Galliformes - North America, wild-Accipitriformes - North America, wild-Passeriformes - North America",North America,domestic-Galliformes,North America,0.066,1,2
4_3_1_1_2_1_1_4,NA,2.3.4.4b,1,wild-Anseriformes,wild-ave,wild-Anseriformes - North America,North America,wild-Anseriformes,North America,0,1,1
4_4_8_1_2_1_1_1,H5N1/2022/R13_NAmerica,2.3.4.4b,65,"domestic-Anseriformes, domestic-Galliformes, wild-Mammal, wild-Galliformes, wild-Anseriformes, wild-Accipitriformes, wild-Pelecaniformes, wild-Falconiformes","domestic-ave, mammal, wild-ave","domestic-Anseriformes - North America, domestic-Galliformes - North America, wild-Mammal - North America, wild-Galliformes - North America, wild-Anseriformes - North America, wild-Accipitriformes - North America, domestic-Galliformes - South America, domestic-Anseriformes - South America, wild-Pelecaniformes - North America, wild-Falconiformes - North America",North America,domestic-Anseriformes,"North America, South America",0.62,2,3
4_4_8_1_2_97_1_1,NA,2.3.4.4b,1,wild-Accipitriformes,wild-ave,wild-Accipitriformes - North America,North America,wild-Accipitriformes,North America,0,1,1
50_1_1_1_1_1_1_1,NA,2.3.4.4b,1,wild-Passeriformes,wild-ave,wild-Passeriformes - Europe,Europe,wild-Passeriformes,Europe,0,1,1
51_1_62_37_1_61_23_1,NA,EA_nonGsGD,1,wild-Anseriformes,wild-ave,wild-Anseriformes - Europe,Europe,wild-Anseriformes,Europe,0,1,1
52_33_2_24_33_62_1_7,NA,EA_nonGsGD,1,wild-Anseriformes,wild-ave,wild-Anseriformes - Europe,Europe,wild-Anseriformes,Europe,0,1,1
53_39_67_39_9_10_26_9,NA,2.3.4.4h,1,wild-Mammal,mammal,wild-Mammal - Asia,Asia,wild-Mammal,Asia,0,1,1
54_3_45_40_37_67_13_8,NA,Am_nonGsGD,1,wild-Charadriiformes,wild-ave,wild-Charadriiformes - North America,North America,wild-Charadriiformes,North America,0,1,1
55_42_70_1_39_25_1_39,NA,2.3.4.4b,1,domestic-Galliformes,domestic-ave,domestic-Galliformes - Asia,Asia,domestic-Galliformes,Asia,0,1,1
56_1_30_1_13_25_1_40,NA,2.3.4.4b,1,domestic-Galliformes,domestic-ave,domestic-Galliformes - Asia,Asia,domestic-Galliformes,Asia,0,1,1
57_46_72_42_1_69_27_41,NA,2.3.2.1a,1,wild-Mammal,mammal,wild-Mammal - Asia,Asia,wild-Mammal,Asia,0,1,1
58_47_73_43_40_70_28_42,NA,Am_nonGsGD,1,domestic-Galliformes,domestic-ave,domestic-Galliformes - North America,North America,domestic-Galliformes,North America,0,1,1
59_1_1_1_1_1_1_1,NA,2.3.4.4b,1,domestic-Anseriformes,domestic-ave,domestic-Anseriformes - Asia,Asia,domestic-Anseriformes,Asia,0,1,1
5_15_12_13_17_23_30_20,NA,Am_nonGsGD,1,wild-Anseriformes,wild-ave,wild-Anseriformes - Asia,Asia,wild-Anseriformes,Asia,0,1,1
5_15_12_13_17_23_9_20,NA,Am_nonGsGD,1,wild-Anseriformes,wild-ave,wild-Anseriformes - Asia,Asia,wild-Anseriformes,Asia,0,1,1
5_15_26_13_17_23_9_20,NA,Am_nonGsGD,3,domestic-Anseriformes,domestic-ave,domestic-Anseriformes - Asia,Asia,domestic-Anseriformes,Asia,0,1,1
5_15_26_13_17_23_9_21,NA,Am_nonGsGD,1,wild-Anseriformes,wild-ave,wild-Anseriformes - Asia,Asia,wild-Anseriformes,Asia,0,1,1
5_1_1_1_2_1_1_1,H5N1/2022/R5_NAmerica,2.3.4.4b,52,"domestic-Galliformes, wild-Mammal, domestic-Anseriformes, wild-Anseriformes, wild-Podicipediformes, wild-Accipitriformes, wild-Pelecaniformes, wild-Falconiformes, wild-Strigiformes","domestic-ave, mammal, wild-ave","domestic-Galliformes - North America, wild-Mammal - North America, domestic-Anseriformes - North America, wild-Anseriformes - North America, wild-Podicipediformes - North America, wild-Accipitriformes - North America, wild-Pelecaniformes - North America, wild-Falconiformes - North America, wild-Strigiformes - North America",North America,wild-Anseriformes,North America,0.605,1,3
5_3_1_1_2_1_1_1,H5N1/2022/R11_NAmerica,2.3.4.4b,6,"wild-Mammal, domestic-Galliformes, wild-Accipitriformes","mammal, domestic-ave, wild-ave","wild-Mammal - North America, domestic-Galliformes - North America, wild-Accipitriformes - North America",North America,domestic-Galliformes,North America,0.592,1,3
5_3_1_1_2_1_1_4,H5N1/2022/R8_NAmerica,2.3.4.4b,307,"domestic-Galliformes, domestic-Anseriformes, wild-Mammal, wild-Anseriformes, wild-Strigiformes, wild-Charadriiformes, wild-Falconiformes, wild-Pelecaniformes, wild-Accipitriformes, wild-Suliformes, wild-unknown avian, domestic-Mammal, wild-Passeriformes","domestic-ave, mammal, wild-ave","domestic-Galliformes - North America, domestic-Anseriformes - North America, wild-Mammal - North America, wild-Anseriformes - North America, wild-Anseriformes - Asia, wild-Strigiformes - North America, wild-Charadriiformes - North America, wild-Falconiformes - North America, wild-Pelecaniformes - South America, wild-Charadriiformes - South America, wild-Accipitriformes - North America, wild-Suliformes - South America, wild-Mammal - South America, domestic-Galliformes - South America, wild-unknown avian - South America, domestic-Mammal - North America, wild-Pelecaniformes - North America, wild-Passeriformes - North America, wild-Strigiformes - South America",North America,domestic-Galliformes,"North America, Asia, South America",1.173,3,3
60_1_78_1_1_78_1_1,NA,2.3.4.4b,1,wild-Passeriformes,wild-ave,wild-Passeriformes - Asia,Asia,wild-Passeriformes,Asia,0,1,1
61_1_44_50_1_81_32_1,NA,EA_nonGsGD,1,wild-Anseriformes,wild-ave,wild-Anseriformes - Europe,Europe,wild-Anseriformes,Europe,0,1,1
62_13_80_1_11_10_1_9,NA,2.3.4.4b,1,domestic-Anseriformes,domestic-ave,domestic-Anseriformes - Asia,Asia,domestic-Anseriformes,Asia,0,1,1
63_51_84_51_44_84_33_49,NA,2.3.2.1c,1,domestic-Galliformes,domestic-ave,domestic-Galliformes - Asia,Asia,domestic-Galliformes,Asia,0,1,1
64_1_2_52_22_36_1_1,NA,EA_nonGsGD,1,wild-Anseriformes,wild-ave,wild-Anseriformes - Europe,Europe,wild-Anseriformes,Europe,0,1,1
65_1_86_27_28_86_1_1,NA,EA_nonGsGD,1,wild-Anseriformes,wild-ave,wild-Anseriformes - Europe,Europe,wild-Anseriformes,Europe,0,1,1
66_21_1_1_1_1_1_1,NA,2.3.4.4b,1,wild-Pelecaniformes,wild-ave,wild-Pelecaniformes - North America,North America,wild-Pelecaniformes,North America,0,1,1
67_1_1_1_1_1_1_1,NA,2.3.4.4b,1,wild-Anseriformes,wild-ave,wild-Anseriformes - North America,North America,wild-Anseriformes,North America,0,1,1
68_21_91_1_2_1_1_1,NA,2.3.4.4b,1,wild-Accipitriformes,wild-ave,wild-Accipitriformes - North America,North America,wild-Accipitriformes,North America,0,1,1
69_1_1_1_2_1_1_1,NA,2.3.4.4b,1,wild-Anseriformes,wild-ave,wild-Anseriformes - North America,North America,wild-Anseriformes,North America,0,1,1
6_16_5_2_1_3_1_2,NA,2.3.4.4b,4,NA-environment,other,NA-environment - Asia,Asia,NA-environment,Asia,0.019,1,1
6_1_37_2_1_3_1_2,NA,2.3.4.4b,2,NA-environment,other,NA-environment - Asia,Asia,NA-environment,Asia,0,1,1
6_1_5_2_1_3_1_2,H5N8/2020/R1_Europe,2.3.4.4b,245,"wild-Accipitriformes, domestic-Galliformes, domestic-Anseriformes, wild-Anseriformes, NA-environment, wild-Strigiformes, wild-Falconiformes, wild-unknown avian, wild-Gruiformes","wild-ave, domestic-ave, other","wild-Accipitriformes - Europe, domestic-Galliformes - Europe, domestic-Anseriformes - Europe, wild-Anseriformes - Asia, NA-environment - Asia, domestic-Galliformes - Asia, wild-Anseriformes - Europe, wild-Strigiformes - Asia, wild-Falconiformes - Asia, domestic-Anseriformes - Asia, wild-Accipitriformes - Asia, wild-unknown avian - Asia, wild-Gruiformes - Asia",Europe,domestic-Galliformes,"Europe, Asia",1.167,2,3
6_1_5_2_38_3_1_2,NA,2.3.4.4b,1,wild-Anseriformes,wild-ave,wild-Anseriformes - Asia,Asia,wild-Anseriformes,Asia,0,1,1
6_1_5_41_1_3_1_2,NA,2.3.4.4b,1,wild-Falconiformes,wild-ave,wild-Falconiformes - Asia,Asia,wild-Falconiformes,Asia,0,1,1
6_25_52_2_1_3_1_2,NA,2.3.4.4b,2,NA-environment,other,NA-environment - Asia,Asia,NA-environment,Asia,0,1,1
6_26_5_2_1_3_1_2,NA,2.3.4.4b,2,NA-environment,other,NA-environment - Asia,Asia,NA-environment,Asia,0,1,1
6_2_64_12_34_32_1_2,NA,2.3.4.4b,1,domestic-Galliformes,domestic-ave,domestic-Galliformes - Africa,Africa,domestic-Galliformes,Africa,0,1,1
70_3_92_55_2_90_35_8,NA,Am_nonGsGD,1,wild-Charadriiformes,wild-ave,wild-Charadriiformes - North America,North America,wild-Charadriiformes,North America,0,1,1
71_1_93_56_1_91_1_54,NA,2.3.4.4b,1,domestic-Struthioniformes,domestic-ave,domestic-Struthioniformes - Africa,Africa,domestic-Struthioniformes,Africa,0,1,1
72_52_1_1_2_1_1_4,NA,2.3.4.4b,1,wild-Anseriformes,wild-ave,wild-Anseriformes - North America,North America,wild-Anseriformes,North America,0,1,1
73_1_96_1_1_1_1_1,NA,2.3.4.4b,1,domestic-Galliformes,domestic-ave,domestic-Galliformes - Asia,Asia,domestic-Galliformes,Asia,0,1,1
74_1_1_1_18_1_1_1,NA,2.3.4.4b,1,wild-unknown avian,wild-ave,wild-unknown avian - North America,North America,wild-unknown avian,North America,0,1,1
75_3_1_1_18_1_1_8,NA,2.3.4.4b,1,wild-Passeriformes,wild-ave,wild-Passeriformes - North America,North America,wild-Passeriformes,North America,0,1,1
76_3_1_1_2_1_1_4,NA,2.3.4.4b,1,domestic-Anseriformes,domestic-ave,domestic-Anseriformes - North America,North America,domestic-Anseriformes,North America,0,1,1
77_3_1_1_2_96_1_4,NA,2.3.4.4b,1,wild-Passeriformes,wild-ave,wild-Passeriformes - North America,North America,wild-Passeriformes,North America,0,1,1
78_53_1_1_2_1_1_4,NA,2.3.4.4b,1,wild-Accipitriformes,wild-ave,wild-Accipitriformes - North America,North America,wild-Accipitriformes,North America,0,1,1
79_2_32_12_1_98_37_61,NA,EA_nonGsGD,1,domestic-Galliformes,domestic-ave,domestic-Galliformes - Europe,Europe,domestic-Galliformes,Europe,0,1,1
7_1_1_1_2_1_1_1,H5N1/2022/R9_NAmerica,2.3.4.4b,6,wild-Mammal,mammal,wild-Mammal - North America,North America,wild-Mammal,North America,0.082,1,1
7_21_90_1_2_1_1_1,NA,2.3.4.4b,1,wild-Accipitriformes,wild-ave,wild-Accipitriformes - North America,North America,wild-Accipitriformes,North America,0,1,1
7_4_1_1_2_1_1_1,H5N1/2022/R1_NAmerica,2.3.4.4b,105,"wild-Mammal, wild-Accipitriformes, domestic-Galliformes, domestic-Anseriformes, wild-Suliformes","mammal, wild-ave, domestic-ave","wild-Mammal - North America, wild-Accipitriformes - North America, domestic-Galliformes - North America, domestic-Anseriformes - North America, wild-Suliformes - North America",North America,wild-Accipitriformes,North America,1.145,1,3
7_4_6_1_2_1_1_1,H5N1/2022/R3_NAmerica,2.3.4.4b,88,"domestic-Galliformes, wild-Mammal, wild-Anseriformes, domestic-Anseriformes, wild-Accipitriformes, wild-Rheiformes, wild-Charadriiformes, wild-Strigiformes","domestic-ave, mammal, wild-ave","domestic-Galliformes - North America, wild-Mammal - North America, wild-Anseriformes - North America, domestic-Anseriformes - North America, wild-Accipitriformes - North America, wild-Rheiformes - North America, wild-Charadriiformes - North America, wild-Strigiformes - North America",North America,wild-Anseriformes,North America,1.013,1,3
8_1_1_1_2_1_1_1,H5N1/2022/R2_NAmerica,2.3.4.4b,151,"domestic-Galliformes, wild-Accipitriformes, wild-Mammal, domestic-Anseriformes, wild-Anseriformes, wild-Strigiformes, wild-Passeriformes, wild-unknown avian, wild-Charadriiformes, wild-Falconiformes, wild-Pelecaniformes","domestic-ave, wild-ave, mammal","domestic-Galliformes - North America, wild-Accipitriformes - North America, wild-Mammal - North America, domestic-Anseriformes - North America, wild-Anseriformes - North America, wild-Strigiformes - North America, wild-Passeriformes - North America, wild-unknown avian - North America, wild-Charadriiformes - North America, wild-Falconiformes - North America, wild-Pelecaniformes - North America",North America,wild-Accipitriformes,North America,1.132,1,3
8_49_1_1_42_77_1_1,NA,2.3.4.4b,1,domestic-Galliformes,domestic-ave,domestic-Galliformes - North America,North America,domestic-Galliformes,North America,0,1,1
8_4_1_1_2_1_1_1,NA,2.3.4.4b,1,wild-Anseriformes,wild-ave,wild-Anseriformes - North America,North America,wild-Anseriformes,North America,0,1,1
9_1_5_2_1_3_1_2,H5N8/2020/R3_Asia,2.3.4.4b,111,"domestic-Galliformes, wild-Accipitriformes, domestic-Anseriformes, wild-unknown avian, wild-Anseriformes","domestic-ave, wild-ave","domestic-Galliformes - Asia, wild-Accipitriformes - Asia, domestic-Anseriformes - Asia, wild-unknown avian - Asia, wild-Anseriformes - Asia",Asia,wild-unknown avian,Asia,0.302,1,2