tipnames,virus_subtype,isolate_id,isolate_name,collection_date,collection_datemonth,collection_dateyear,host_class,host_order,host_family,host_sciname,host_commonname,host_isbird,host_isdomestic,host_simplifiedhost,collection_regionname,collection_countryname,collection_countrycode,collection_countrylat,collection_countrylong,collection_subdiv1name,collection_subdiv1code,collection_subdiv1lat,collection_subdiv1long,collection_original,profile_lab,cluster_profile,cluster_label,clade,collection_tipdate,cluster_number,collection_dateerror
H5N1|2344b|EPI_ISL_16013752|pelecaniformes|venezuela|5_1_1_1_2_1_1_3|2022-11-25,H5N1,EPI_ISL_16013752,a/pelican/venezuela/pel3/2022,2022-11-25,2022-11,2022,Aves,pelecaniformes,pelecanidae,pelecanus sp.,pelican sp.,TRUE,wild,other,south america,venezuela,ven,7.13172612392755,-66.1349690012146,anzoátegui,na,8.89363259762319,-64.4049370136296,South America / Venezuela / Estado Anzoategui / NA / NA,H5N1/2022/R10_NAmerica,5_1_1_1_2_1_1_3,H5N1/2022/R19_NAmerica,2344b,2022-11-25,cluster001,FALSE
H5N1|2344b|EPI_ISL_17011957|pelecaniformes|chile|4_3_1_1_2_1_1_3|2022-12-06,H5N1,EPI_ISL_17011957,a/pelican/chile/6955-3/2022,2022-12-06,2022-12,2022,Aves,pelecaniformes,pelecanidae,pelecanus sp.,pelican sp.,TRUE,wild,other,south america,chile,chl,-36.352932692973,-71.0631434301439,NA,NA,NA,NA,South America / Chile / NA / NA / NA,H5N1/2022/R8_NAmerica,4_3_1_1_2_1_1_3,H5N1/2022/R7_NAmerica,2344b,2022-12-06,cluster003,FALSE
H5N1|2344b|EPI_ISL_17011958|charadriiformes|chile|4_3_1_1_2_1_1_3|2022-12-07,H5N1,EPI_ISL_17011958,a/gull/chile/7023-3/2022,2022-12-07,2022-12,2022,Aves,charadriiformes,laridae,larinae sp.,gull sp.,TRUE,wild,charadriiformes-wild,south america,chile,chl,-36.352932692973,-71.0631434301439,NA,NA,NA,NA,South America / Chile / NA / NA / NA,H5N1/2022/R8_NAmerica,4_3_1_1_2_1_1_3,H5N1/2022/R7_NAmerica,2344b,2022-12-07,cluster003,FALSE
H5N1|2344b|EPI_ISL_17011959|pelecaniformes|chile|4_3_1_1_2_1_1_3|2022-12-06,H5N1,EPI_ISL_17011959,a/pelican/chile/6958-1/2022,2022-12-06,2022-12,2022,Aves,pelecaniformes,pelecanidae,pelecanus sp.,pelican sp.,TRUE,wild,other,south america,chile,chl,-36.352932692973,-71.0631434301439,NA,NA,NA,NA,South America / Chile / NA / NA / NA,H5N1/2022/R8_NAmerica,4_3_1_1_2_1_1_3,H5N1/2022/R7_NAmerica,2344b,2022-12-06,cluster003,FALSE
H5N1|2344b|EPI_ISL_17011961|pelecaniformes|chile|4_3_1_1_2_1_1_3|2022-12-05,H5N1,EPI_ISL_17011961,a/pelican/chile/6618-2/2022,2022-12-05,2022-12,2022,Aves,pelecaniformes,pelecanidae,pelecanus sp.,pelican sp.,TRUE,wild,other,south america,chile,chl,-36.352932692973,-71.0631434301439,NA,NA,NA,NA,South America / Chile / NA / NA / NA,H5N1/2022/R8_NAmerica,4_3_1_1_2_1_1_3,H5N1/2022/R7_NAmerica,2344b,2022-12-05,cluster003,FALSE
H5N1|2344b|EPI_ISL_17011962|pelecaniformes|chile|4_3_1_1_2_1_1_3|2022-12-05,H5N1,EPI_ISL_17011962,a/pelican/chile/6618-1/2022,2022-12-05,2022-12,2022,Aves,pelecaniformes,pelecanidae,pelecanus sp.,pelican sp.,TRUE,wild,other,south america,chile,chl,-36.352932692973,-71.0631434301439,NA,NA,NA,NA,South America / Chile / NA / NA / NA,H5N1/2022/R8_NAmerica,4_3_1_1_2_1_1_3,H5N1/2022/R7_NAmerica,2344b,2022-12-05,cluster003,FALSE
H5N1|2344b|EPI_ISL_17011963|pelecaniformes|chile|4_3_1_1_2_1_1_3|2022-12-06,H5N1,EPI_ISL_17011963,a/pelican/chile/6924-1/2022,2022-12-06,2022-12,2022,Aves,pelecaniformes,pelecanidae,pelecanus sp.,pelican sp.,TRUE,wild,other,south america,chile,chl,-36.352932692973,-71.0631434301439,NA,NA,NA,NA,South America / Chile / NA / NA / NA,H5N1/2022/R8_NAmerica,4_3_1_1_2_1_1_3,H5N1/2022/R7_NAmerica,2344b,2022-12-06,cluster003,FALSE
H5N1|2344b|EPI_ISL_17011964|charadriiformes|chile|4_3_1_1_2_1_1_3|2022-12-07,H5N1,EPI_ISL_17011964,a/gull/chile/7023-2/2022,2022-12-07,2022-12,2022,Aves,charadriiformes,laridae,larinae sp.,gull sp.,TRUE,wild,charadriiformes-wild,south america,chile,chl,-36.352932692973,-71.0631434301439,NA,NA,NA,NA,South America / Chile / NA / NA / NA,H5N1/2022/R8_NAmerica,4_3_1_1_2_1_1_3,H5N1/2022/R7_NAmerica,2344b,2022-12-07,cluster003,FALSE
H5N1|2344b|EPI_ISL_17012018|pelecaniformes|chile|4_3_1_1_2_1_1_3|2022-12-07,H5N1,EPI_ISL_17012018,a/pelican/chile/7087-1/2022,2022-12-07,2022-12,2022,Aves,pelecaniformes,pelecanidae,pelecanus sp.,pelican sp.,TRUE,wild,other,south america,chile,chl,-36.352932692973,-71.0631434301439,NA,NA,NA,NA,South America / Chile / NA / NA / NA,H5N1/2022/R8_NAmerica,4_3_1_1_2_1_1_3,H5N1/2022/R7_NAmerica,2344b,2022-12-07,cluster003,FALSE
H5N1|2344b|EPI_ISL_17777525|suliformes|peru|4_3_1_1_2_1_1_3|2023-04-03,H5N1,EPI_ISL_17777525,a/peruvian_booby/peru/lim-ins-004/2023,2023-04-03,2023-04,2023,Aves,suliformes,sulidae,sula variegata,peruvian booby,TRUE,wild,other,south america,peru,per,-9.12690950582405,-74.3967035676846,lima province,pe.lp,-12.0179113235961,-76.9049187829412,South America / Peru / Departamento de Lima / Magdalena / NA,H5N1/2022/R8_NAmerica,4_3_1_1_2_1_1_3,H5N1/2022/R7_NAmerica,2344b,2023-04-03,cluster003,FALSE
H5N1|2344b|EPI_ISL_17777527|charadriiformes|peru|4_3_1_1_2_1_1_3|2023-03-16,H5N1,EPI_ISL_17777527,a/gull/peru/lim-ins-006/2023,2023-03-16,2023-03,2023,Aves,charadriiformes,laridae,larinae sp.,gull sp.,TRUE,wild,charadriiformes-wild,south america,peru,per,-9.12690950582405,-74.3967035676846,lima province,pe.lp,-12.0179113235961,-76.9049187829412,South America / Peru / Departamento de Lima / Lima / NA,H5N1/2022/R8_NAmerica,4_3_1_1_2_1_1_3,H5N1/2022/R7_NAmerica,2344b,2023-03-16,cluster003,FALSE
H5N1|2344b|EPI_ISL_17777528|suliformes|peru|4_3_1_1_2_1_1_3|2023-03-17,H5N1,EPI_ISL_17777528,a/peruvian_booby/peru/cal-ins-007/2023,2023-03-17,2023-03,2023,Aves,suliformes,sulidae,sula variegata,peruvian booby,TRUE,wild,other,south america,peru,per,-9.12690950582405,-74.3967035676846,callao,pe.cl,-11.9545824923705,-77.1360367031896,South America / Peru / Provincia Constitucional del Callao / Callao / NA,H5N1/2022/R8_NAmerica,4_3_1_1_2_1_1_3,H5N1/2022/R7_NAmerica,2344b,2023-03-17,cluster003,FALSE
H5N1|2344b|EPI_ISL_17777529|suliformes|peru|4_3_1_1_2_1_1_3|2023-03-17,H5N1,EPI_ISL_17777529,a/peruvian_booby/peru/cal-ins-008/2023,2023-03-17,2023-03,2023,Aves,suliformes,sulidae,sula variegata,peruvian booby,TRUE,wild,other,south america,peru,per,-9.12690950582405,-74.3967035676846,callao,pe.cl,-11.9545824923705,-77.1360367031896,South America / Peru / Provincia Constitucional del Callao / Callao / NA,H5N1/2022/R8_NAmerica,4_3_1_1_2_1_1_3,H5N1/2022/R7_NAmerica,2344b,2023-03-17,cluster003,FALSE
H5N1|2344b|EPI_ISL_17777530|suliformes|peru|4_3_1_1_2_1_1_3|2023-03-17,H5N1,EPI_ISL_17777530,a/guanay_cormorant/peru/cal-ins-009/2023,2023-03-17,2023-03,2023,Aves,suliformes,phalacrocoracidae,leucocarbo bougainvillii,guanay cormorant,TRUE,wild,other,south america,peru,per,-9.12690950582405,-74.3967035676846,callao,pe.cl,-11.9545824923705,-77.1360367031896,South America / Peru / Provincia Constitucional del Callao / Callao / NA,H5N1/2022/R8_NAmerica,4_3_1_1_2_1_1_3,H5N1/2022/R7_NAmerica,2344b,2023-03-17,cluster003,FALSE
H5N1|2344b|EPI_ISL_17777532|carnivora|peru|4_3_1_1_2_1_1_3|2023-03-07,H5N1,EPI_ISL_17777532,a/sea_lion/peru/tac-ins-011/2023,2023-03-07,2023-03,2023,mammalia,carnivora,phocidae,phocidae sp.,true seal sp.,FALSE,wild,mammal,south america,peru,per,-9.12690950582405,-74.3967035676846,tacna,pe.ta,-17.644827527273,-70.2791288812849,South America / Peru / Departamento de Tacna / NA / NA,H5N1/2022/R8_NAmerica,4_3_1_1_2_1_1_3,H5N1/2022/R7_NAmerica,2344b,2023-03-07,cluster003,FALSE
H5N1|2344b|EPI_ISL_17805986|galliformes|peru|4_3_1_1_2_1_1_3|2022-12-18,H5N1,EPI_ISL_17805986,a/chicken/peru/ais0546/2022,2022-12-18,2022-12,2022,Aves,galliformes,phasianidae,gallus gallus (domestic type),red junglefowl (domestic type),TRUE,domestic,galliformes-domestic,south america,peru,per,-9.12690950582405,-74.3967035676846,NA,NA,NA,NA,South America / Peru / NA / NA / NA,H5N1/2022/R8_NAmerica,4_3_1_1_2_1_1_3,H5N1/2022/R7_NAmerica,2344b,2022-12-18,cluster003,FALSE
H5N1|2344b|EPI_ISL_17805987|galliformes|peru|4_3_1_1_2_1_1_3|2022-11-18,H5N1,EPI_ISL_17805987,a/chicken/peru/ais0539/2022,2022-11-18,2022-11,2022,Aves,galliformes,phasianidae,gallus gallus (domestic type),red junglefowl (domestic type),TRUE,domestic,galliformes-domestic,south america,peru,per,-9.12690950582405,-74.3967035676846,NA,NA,NA,NA,South America / Peru / NA / NA / NA,H5N1/2022/R8_NAmerica,4_3_1_1_2_1_1_3,H5N1/2022/R7_NAmerica,2344b,2022-11-18,cluster003,FALSE
H5N1|2344b|EPI_ISL_17805988|galliformes|peru|4_3_1_1_2_1_1_3|2022-11-28,H5N1,EPI_ISL_17805988,a/chicken/peru/ais0540/2022,2022-11-28,2022-11,2022,Aves,galliformes,phasianidae,gallus gallus (domestic type),red junglefowl (domestic type),TRUE,domestic,galliformes-domestic,south america,peru,per,-9.12690950582405,-74.3967035676846,NA,NA,NA,NA,South America / Peru / NA / NA / NA,H5N1/2022/R8_NAmerica,4_3_1_1_2_1_1_3,H5N1/2022/R7_NAmerica,2344b,2022-11-28,cluster003,FALSE
H5N1|2344b|EPI_ISL_17805989|galliformes|peru|4_3_1_1_2_1_1_3|2022-12-01,H5N1,EPI_ISL_17805989,a/chicken/peru/ais0542/2022,2022-12-01,2022-12,2022,Aves,galliformes,phasianidae,gallus gallus (domestic type),red junglefowl (domestic type),TRUE,domestic,galliformes-domestic,south america,peru,per,-9.12690950582405,-74.3967035676846,NA,NA,NA,NA,South America / Peru / NA / NA / NA,H5N1/2022/R8_NAmerica,4_3_1_1_2_1_1_3,H5N1/2022/R7_NAmerica,2344b,2022-12-01,cluster003,FALSE
H5N1|2344b|EPI_ISL_17805990|galliformes|peru|4_3_1_1_2_1_1_3|2022-12-01,H5N1,EPI_ISL_17805990,a/chicken/peru/ais0543/2022,2022-12-01,2022-12,2022,Aves,galliformes,phasianidae,gallus gallus (domestic type),red junglefowl (domestic type),TRUE,domestic,galliformes-domestic,south america,peru,per,-9.12690950582405,-74.3967035676846,NA,NA,NA,NA,South America / Peru / NA / NA / NA,H5N1/2022/R8_NAmerica,4_3_1_1_2_1_1_3,H5N1/2022/R7_NAmerica,2344b,2022-12-01,cluster003,FALSE
H5N1|2344b|EPI_ISL_17805991|galliformes|peru|4_3_1_1_2_1_1_3|2022-12-03,H5N1,EPI_ISL_17805991,a/chicken/peru/ais0544/2022,2022-12-03,2022-12,2022,Aves,galliformes,phasianidae,gallus gallus (domestic type),red junglefowl (domestic type),TRUE,domestic,galliformes-domestic,south america,peru,per,-9.12690950582405,-74.3967035676846,NA,NA,NA,NA,South America / Peru / NA / NA / NA,H5N1/2022/R8_NAmerica,4_3_1_1_2_1_1_3,H5N1/2022/R7_NAmerica,2344b,2022-12-03,cluster003,FALSE
H5N1|2344b|EPI_ISL_17805994|galliformes|peru|4_3_1_1_2_1_1_3|2022-12-22,H5N1,EPI_ISL_17805994,a/chicken/peru/ais0548/2022,2022-12-22,2022-12,2022,Aves,galliformes,phasianidae,gallus gallus (domestic type),red junglefowl (domestic type),TRUE,domestic,galliformes-domestic,south america,peru,per,-9.12690950582405,-74.3967035676846,NA,NA,NA,NA,South America / Peru / NA / NA / NA,H5N1/2022/R8_NAmerica,4_3_1_1_2_1_1_3,H5N1/2022/R7_NAmerica,2344b,2022-12-22,cluster003,FALSE
H5N1|2344b|EPI_ISL_17805995|galliformes|peru|4_3_1_1_2_1_1_3|2022-12-12,H5N1,EPI_ISL_17805995,a/chicken/peru/ais0550/2022,2022-12-12,2022-12,2022,Aves,galliformes,phasianidae,gallus gallus (domestic type),red junglefowl (domestic type),TRUE,domestic,galliformes-domestic,south america,peru,per,-9.12690950582405,-74.3967035676846,NA,NA,NA,NA,South America / Peru / NA / NA / NA,H5N1/2022/R8_NAmerica,4_3_1_1_2_1_1_3,H5N1/2022/R7_NAmerica,2344b,2022-12-12,cluster003,FALSE
H5N1|2344b|EPI_ISL_17805996|galliformes|peru|4_3_1_1_2_1_1_3|2022-12-22,H5N1,EPI_ISL_17805996,a/chicken/peru/ais0549/2022,2022-12-22,2022-12,2022,Aves,galliformes,phasianidae,gallus gallus (domestic type),red junglefowl (domestic type),TRUE,domestic,galliformes-domestic,south america,peru,per,-9.12690950582405,-74.3967035676846,NA,NA,NA,NA,South America / Peru / NA / NA / NA,H5N1/2022/R8_NAmerica,4_3_1_1_2_1_1_3,H5N1/2022/R7_NAmerica,2344b,2022-12-22,cluster003,FALSE
H5N1|2344b|EPI_ISL_17805997|NA|peru|4_3_1_1_2_1_1_3|2022-11-22,H5N1,EPI_ISL_17805997,a/avian/peru/aisa0446/2022,2022-11-22,2022-11,2022,Aves,NA,NA,NA,aves,FALSE,wild,other,south america,peru,per,-9.12690950582405,-74.3967035676846,NA,NA,NA,NA,South America / Peru / NA / NA / NA,H5N1/2022/R8_NAmerica,4_3_1_1_2_1_1_3,H5N1/2022/R7_NAmerica,2344b,2022-11-22,cluster003,FALSE
H5N1|2344b|EPI_ISL_17805999|carnivora|peru|4_3_1_1_2_1_1_3|2023-02-08,H5N1,EPI_ISL_17805999,a/lion/peru/ais0554/2023,2023-02-08,2023-02,2023,mammalia,carnivora,felidae,panthera leo,lion,FALSE,wild,mammal,south america,peru,per,-9.12690950582405,-74.3967035676846,NA,NA,NA,NA,South America / Peru / NA / NA / NA,H5N1/2022/R8_NAmerica,4_3_1_1_2_1_1_3,H5N1/2022/R7_NAmerica,2344b,2023-02-08,cluster003,FALSE
H5N1|2344b|EPI_ISL_17806000|pelecaniformes|peru|4_3_1_1_2_1_1_3|2022-11-10,H5N1,EPI_ISL_17806000,a/pelican/peru/ais0538/2022,2022-11-10,2022-11,2022,Aves,pelecaniformes,pelecanidae,pelecanus sp.,pelican sp.,TRUE,wild,other,south america,peru,per,-9.12690950582405,-74.3967035676846,NA,NA,NA,NA,South America / Peru / NA / NA / NA,H5N1/2022/R8_NAmerica,4_3_1_1_2_1_1_3,H5N1/2022/R7_NAmerica,2344b,2022-11-10,cluster003,FALSE
H5N1|2344b|EPI_ISL_17806001|galliformes|peru|4_3_1_1_2_1_1_3|2022-12-12,H5N1,EPI_ISL_17806001,a/chicken/peru/ais0551/2022,2022-12-12,2022-12,2022,Aves,galliformes,phasianidae,gallus gallus (domestic type),red junglefowl (domestic type),TRUE,domestic,galliformes-domestic,south america,peru,per,-9.12690950582405,-74.3967035676846,NA,NA,NA,NA,South America / Peru / NA / NA / NA,H5N1/2022/R8_NAmerica,4_3_1_1_2_1_1_3,H5N1/2022/R7_NAmerica,2344b,2022-12-12,cluster003,FALSE
H5N1|2344b|EPI_ISL_17806003|pelecaniformes|peru|4_3_1_1_2_1_1_3|2022-11-22,H5N1,EPI_ISL_17806003,a/pelican/peru/aisa0464/2022,2022-11-22,2022-11,2022,Aves,pelecaniformes,pelecanidae,pelecanus sp.,pelican sp.,TRUE,wild,other,south america,peru,per,-9.12690950582405,-74.3967035676846,NA,NA,NA,NA,South America / Peru / NA / NA / NA,H5N1/2022/R8_NAmerica,4_3_1_1_2_1_1_3,H5N1/2022/R7_NAmerica,2344b,2022-11-22,cluster003,FALSE
H5N1|2344b|EPI_ISL_16891400|anseriformes|chile|4_3_1_1_2_1_1_3|2022-12-02,H5N1,EPI_ISL_16891400,a/gray_gull/chile/c61947/2022,2022-12-02,2022-12,2022,Aves,anseriformes,anatidae,anser anser,greylag goose,TRUE,wild,anseriformes-wild,south america,chile,chl,-36.352932692973,-71.0631434301439,NA,NA,NA,NA,South America / Chile / NA / NA / NA,H5N1/2022/R8_NAmerica,4_3_1_1_2_1_1_3,H5N1/2022/R7_NAmerica,2344b,2022-12-02,cluster003,FALSE
H5N1|2344b|EPI_ISL_16891402|charadriiformes|chile|4_3_1_1_2_1_1_3|2022-12-02,H5N1,EPI_ISL_16891402,a/black_skimmer/chile/c61962/2022,2022-12-02,2022-12,2022,Aves,charadriiformes,laridae,rynchops niger,black skimmer,TRUE,wild,charadriiformes-wild,south america,chile,chl,-36.352932692973,-71.0631434301439,NA,NA,NA,NA,South America / Chile / NA / NA / NA,H5N1/2022/R8_NAmerica,4_3_1_1_2_1_1_3,H5N1/2022/R7_NAmerica,2344b,2022-12-02,cluster003,FALSE
H5N1|2344b|EPI_ISL_17099964|pelecaniformes|peru|4_3_1_1_2_1_1_3|2022-12-01,H5N1,EPI_ISL_17099964,a/pelecanus/peru/vfar-140/2022,2022-12-01,2022-12,2022,Aves,pelecaniformes,pelecanidae,pelecanus sp.,pelican sp.,TRUE,wild,other,south america,peru,per,-9.12690950582405,-74.3967035676846,ica,pe.ic,-14.2339783641518,-75.5762320808058,"South America / Peru / Departamento de Ica / Beaches of the Tambo de Mora (Chincha Alta/Chincha/Ica/Peru), / (Chincha Alta/Chincha/Ica/Peru),",H5N1/2022/R8_NAmerica,4_3_1_1_2_1_1_3,H5N1/2022/R7_NAmerica,2344b,2022-12-01,cluster003,FALSE
H5N1|2344b|EPI_ISL_17165223|pelecaniformes|peru|4_3_1_1_2_1_1_3|2022-12,H5N1,EPI_ISL_17165223,a/pelecanus/peru/vfar-140/2022,NA,2022-12,2022,Aves,pelecaniformes,pelecanidae,pelecanus sp.,pelican sp.,TRUE,wild,other,south america,peru,per,-9.12690950582405,-74.3967035676846,NA,NA,NA,NA,South America / Peru / NA / NA / NA,H5N1/2022/R8_NAmerica,4_3_1_1_2_1_1_3,H5N1/2022/R7_NAmerica,2344b,2022-12,cluster003,FALSE
H5N1|2344b|EPI_ISL_17353507|galliformes|ecuador|4_3_1_1_2_1_1_3|2022-11-08,H5N1,EPI_ISL_17353507,a/chicken/bolivar/ica-3500/2022,2022-11-08,2022-11,2022,Aves,galliformes,phasianidae,gallus gallus (domestic type),red junglefowl (domestic type),TRUE,domestic,galliformes-domestic,south america,ecuador,ecu,-1.42626322906002,-78.7715622756661,bolivar,ec.bo,-1.58721983309051,-79.1068925338894,South America / Colombia / Departamento de Bolivar / NA / NA,H5N1/2022/R8_NAmerica,4_3_1_1_2_1_1_3,H5N1/2022/R7_NAmerica,2344b,2022-11-08,cluster003,FALSE
H5N1|2344b|EPI_ISL_17353508|galliformes|colombia|5_4_9_1_2_1_1_1|2022-11-13,H5N1,EPI_ISL_17353508,a/chicken/choco/ica-3502/2022,2022-11-13,2022-11,2022,Aves,galliformes,phasianidae,gallus gallus (domestic type),red junglefowl (domestic type),TRUE,domestic,galliformes-domestic,south america,colombia,col,3.88807090888846,-73.0744382518538,chocó,co.ch,5.93194075736459,-76.9341377836413,South America / Colombia / Departamento del Choco / NA / NA,H5N1/2022/R13_NAmerica,5_4_9_1_2_1_1_1,H5N1/2022/R29_NAmerica,2344b,2022-11-13,cluster004,FALSE
H5N1|2344b|EPI_ISL_17353509|galliformes|colombia|5_4_9_1_2_1_1_1|2022-11-01,H5N1,EPI_ISL_17353509,a/chicken/choco/ica-3504/2022,2022-11-01,2022-11,2022,Aves,galliformes,phasianidae,gallus gallus (domestic type),red junglefowl (domestic type),TRUE,domestic,galliformes-domestic,south america,colombia,col,3.88807090888846,-73.0744382518538,chocó,co.ch,5.93194075736459,-76.9341377836413,South America / Colombia / Departamento del Choco / NA / NA,H5N1/2022/R13_NAmerica,5_4_9_1_2_1_1_1,H5N1/2022/R29_NAmerica,2344b,2022-11-01,cluster004,FALSE
H5N1|2344b|EPI_ISL_17353510|galliformes|colombia|4_3_1_1_2_1_1_3|2022-11-26,H5N1,EPI_ISL_17353510,a/chicken/cordoba/ica-3499/2022,2022-11-26,2022-11,2022,Aves,galliformes,phasianidae,gallus gallus (domestic type),red junglefowl (domestic type),TRUE,domestic,galliformes-domestic,south america,colombia,col,3.88807090888846,-73.0744382518538,córdoba,co.co,8.35147117483191,-75.7978121726542,South America / Colombia / Departamento de Cordoba / NA / NA,H5N1/2022/R8_NAmerica,4_3_1_1_2_1_1_3,H5N1/2022/R7_NAmerica,2344b,2022-11-26,cluster003,FALSE
H5N1|2344b|EPI_ISL_17353838|galliformes|colombia|4_3_1_1_2_1_1_3|2022-11-18,H5N1,EPI_ISL_17353838,a/chicken/magdalena/ica-3503/2022,2022-11-18,2022-11,2022,Aves,galliformes,phasianidae,gallus gallus (domestic type),red junglefowl (domestic type),TRUE,domestic,galliformes-domestic,south america,colombia,col,3.88807090888846,-73.0744382518538,magdalena,co.ma,10.2313388378974,-74.2577076184347,South America / Colombia / Departamento del Magdalena / NA / NA,H5N1/2022/R8_NAmerica,4_3_1_1_2_1_1_3,H5N1/2022/R7_NAmerica,2344b,2022-11-18,cluster003,FALSE
H5N1|2344b|EPI_ISL_17353839|anseriformes|colombia|5_4_9_1_2_1_1_1|2022-10-09,H5N1,EPI_ISL_17353839,a/duck/choco/ica-3501/2022,2022-10-09,2022-10,2022,Aves,anseriformes,anatidae,anatidae (duck sp.),duck sp.,TRUE,wild,anseriformes-wild,south america,colombia,col,3.88807090888846,-73.0744382518538,chocó,co.ch,5.93194075736459,-76.9341377836413,South America / Colombia / Departamento del Choco / NA / NA,H5N1/2022/R13_NAmerica,5_4_9_1_2_1_1_1,H5N1/2022/R29_NAmerica,2344b,2022-10-09,cluster004,FALSE
H5N1|2344b|EPI_ISL_17468386|unknown|chile|4_3_1_1_2_1_1_3|2023-03-24,H5N1,EPI_ISL_17468386,a/chile/25945/2023,2023-03-24,2023-03,2023,unknown,unknown,unknown,homo sapiens,unknown,FALSE,wild,unknown,south america,chile,chl,-36.352932692973,-71.0631434301439,antofagasta,cl.an,-23.5276504572593,-69.1155261199782,South America / Chile / Region de Antofagasta / NA / NA,H5N1/2022/R8_NAmerica,4_3_1_1_2_1_1_3,H5N1/2022/R7_NAmerica,2344b,2023-03-24,cluster003,FALSE
H5N1|2344b|EPI_ISL_17660070|galliformes|peru|4_3_1_1_2_1_1_3|2022-11-11,H5N1,EPI_ISL_17660070,a/chicken/peru/23-005607-001-original/2022,2022-11-11,2022-11,2022,Aves,galliformes,phasianidae,gallus gallus (domestic type),red junglefowl (domestic type),TRUE,domestic,galliformes-domestic,south america,peru,per,-9.12690950582405,-74.3967035676846,NA,NA,NA,NA,South America / Peru / NA / NA / NA,H5N1/2022/R8_NAmerica,4_3_1_1_2_1_1_3,H5N1/2022/R7_NAmerica,2344b,2022-11-11,cluster003,FALSE
H5N1|2344b|EPI_ISL_17660071|galliformes|peru|4_3_1_1_2_1_1_3|2022-11-11,H5N1,EPI_ISL_17660071,a/chicken/peru/23-005607-002-original/2022,2022-11-11,2022-11,2022,Aves,galliformes,phasianidae,gallus gallus (domestic type),red junglefowl (domestic type),TRUE,domestic,galliformes-domestic,south america,peru,per,-9.12690950582405,-74.3967035676846,NA,NA,NA,NA,South America / Peru / NA / NA / NA,H5N1/2022/R8_NAmerica,4_3_1_1_2_1_1_3,H5N1/2022/R7_NAmerica,2344b,2022-11-11,cluster003,FALSE
H5N1|2344b|EPI_ISL_17660072|galliformes|peru|4_3_1_1_2_1_1_3|2022-11-11,H5N1,EPI_ISL_17660072,a/chicken/peru/23-005607-003-original/2022,2022-11-11,2022-11,2022,Aves,galliformes,phasianidae,gallus gallus (domestic type),red junglefowl (domestic type),TRUE,domestic,galliformes-domestic,south america,peru,per,-9.12690950582405,-74.3967035676846,NA,NA,NA,NA,South America / Peru / NA / NA / NA,H5N1/2022/R8_NAmerica,4_3_1_1_2_1_1_3,H5N1/2022/R7_NAmerica,2344b,2022-11-11,cluster003,FALSE
H5N1|2344b|EPI_ISL_17660073|strigiformes|peru|4_3_1_1_2_1_1_3|2022-11-11,H5N1,EPI_ISL_17660073,a/owl/peru/23-005629-001-original/2022,2022-11-11,2022-11,2022,Aves,strigiformes,strigidae,strigiformes sp.,owl sp.,TRUE,wild,other,south america,peru,per,-9.12690950582405,-74.3967035676846,NA,NA,NA,NA,South America / Peru / NA / NA / NA,H5N1/2022/R8_NAmerica,4_3_1_1_2_1_1_3,H5N1/2022/R7_NAmerica,2344b,2022-11-11,cluster003,FALSE
H5N1|2344b|EPI_ISL_17660074|suliformes|peru|4_3_1_1_2_1_1_3|2022-11-11,H5N1,EPI_ISL_17660074,a/brown_booby/peru/23-005629-003-original/2022,2022-11-11,2022-11,2022,Aves,suliformes,sulidae,sula leucogaster,brown booby,TRUE,wild,other,south america,peru,per,-9.12690950582405,-74.3967035676846,NA,NA,NA,NA,South America / Peru / NA / NA / NA,H5N1/2022/R8_NAmerica,4_3_1_1_2_1_1_3,H5N1/2022/R7_NAmerica,2344b,2022-11-11,cluster003,FALSE
H5N1|2344b|EPI_ISL_17885849|charadriiformes|chile|4_3_1_1_2_1_1_3|2023-03-06,H5N1,EPI_ISL_17885849,A/black skimmer/Maule/240379/2023,2023-03-06,2023-03,2023,charadriiformes,charadriiformes,NA,NA,NA,NA,wild,charadriiformes-wild,south america,chile,chl,-36.352932692973,-71.0631434301439,maule,cl.ml,-35.6204383329149,-71.4454635697529,NA,NA,4_3_1_1_2_1_1_3,H5N1/2022/R7_NAmerica,2344b,2023-03-06,cluster003,FALSE
H5N1|2344b|EPI_ISL_17885869|anseriformes|chile|4_3_1_1_2_1_1_3|2023-02-28,H5N1,EPI_ISL_17885869,A/goose/Araucania/239189-1/2023,2023-02-28,2023-02,2023,anseriformes domestic,anseriformes,NA,NA,NA,NA,domestic,anseriformes-domestic,south america,chile,chl,-36.352932692973,-71.0631434301439,araucanía,cl.ar,-38.6482992883006,-72.2753909310813,NA,NA,4_3_1_1_2_1_1_3,H5N1/2022/R7_NAmerica,2344b,2023-02-28,cluster003,FALSE
H5N1|2344b|EPI_ISL_17885870|galliformes|chile|4_3_1_1_2_1_1_3|2023-03-12,H5N1,EPI_ISL_17885870,A/chicken/OHiggins/241252-6/2023,2023-03-12,2023-03,2023,galliformes,galliformes,NA,NA,NA,NA,domestic,galliformes-domestic,south america,chile,chl,-36.352932692973,-71.0631434301439,libertador general bernardo o'hi,cl.li,-34.4357789812144,-71.0464648196043,NA,NA,4_3_1_1_2_1_1_3,H5N1/2022/R7_NAmerica,2344b,2023-03-12,cluster003,FALSE
H5N1|2344b|EPI_ISL_17885871|galliformes|chile|4_3_1_1_2_1_1_3|2023-03-12,H5N1,EPI_ISL_17885871,A/chicken/OHiggins/241252-3/2023,2023-03-12,2023-03,2023,galliformes,galliformes,NA,NA,NA,NA,domestic,galliformes-domestic,south america,chile,chl,-36.352932692973,-71.0631434301439,libertador general bernardo o'hi,cl.li,-34.4357789812144,-71.0464648196043,NA,NA,4_3_1_1_2_1_1_3,H5N1/2022/R7_NAmerica,2344b,2023-03-12,cluster003,FALSE
H5N1|2344b|EPI_ISL_17885872|galliformes|chile|4_3_1_1_2_1_1_3|2023-03-12,H5N1,EPI_ISL_17885872,A/chicken/OHiggins/241252-1/2023,2023-03-12,2023-03,2023,galliformes,galliformes,NA,NA,NA,NA,domestic,galliformes-domestic,south america,chile,chl,-36.352932692973,-71.0631434301439,libertador general bernardo o'hi,cl.li,-34.4357789812144,-71.0464648196043,NA,NA,4_3_1_1_2_1_1_3,H5N1/2022/R7_NAmerica,2344b,2023-03-12,cluster003,FALSE
H5N1|2344b|EPI_ISL_17885873|galliformes|chile|4_3_1_1_2_1_1_3|2023-03-10,H5N1,EPI_ISL_17885873,A/chicken/Nuble/241681-1/2023,2023-03-10,2023-03,2023,galliformes,galliformes,NA,NA,NA,NA,domestic,galliformes-domestic,south america,chile,chl,-36.352932692973,-71.0631434301439,ñuble,cl.nb,-36.6455443686508,-71.9757909721378,NA,NA,4_3_1_1_2_1_1_3,H5N1/2022/R7_NAmerica,2344b,2023-03-10,cluster003,FALSE
H5N1|2344b|EPI_ISL_17885874|galliformes|chile|4_3_1_1_2_1_1_3|2023-03-10,H5N1,EPI_ISL_17885874,A/chicken/Nuble/241557-1/2023,2023-03-10,2023-03,2023,galliformes,galliformes,NA,NA,NA,NA,domestic,galliformes-domestic,south america,chile,chl,-36.352932692973,-71.0631434301439,ñuble,cl.nb,-36.6455443686508,-71.9757909721378,NA,NA,4_3_1_1_2_1_1_3,H5N1/2022/R7_NAmerica,2344b,2023-03-10,cluster003,FALSE
H5N1|2344b|EPI_ISL_17885876|galliformes|chile|4_3_1_1_2_1_1_3|2023-03-08,H5N1,EPI_ISL_17885876,A/chicken/Nuble/240684/2023,2023-03-08,2023-03,2023,galliformes,galliformes,NA,NA,NA,NA,domestic,galliformes-domestic,south america,chile,chl,-36.352932692973,-71.0631434301439,ñuble,cl.nb,-36.6455443686508,-71.9757909721378,NA,NA,4_3_1_1_2_1_1_3,H5N1/2022/R7_NAmerica,2344b,2023-03-08,cluster003,FALSE
H5N1|2344b|EPI_ISL_17885877|galliformes|chile|4_3_1_1_2_1_1_3|2023-03-06,H5N1,EPI_ISL_17885877,A/chicken/Nuble/240155/2023,2023-03-06,2023-03,2023,galliformes,galliformes,NA,NA,NA,NA,domestic,galliformes-domestic,south america,chile,chl,-36.352932692973,-71.0631434301439,ñuble,cl.nb,-36.6455443686508,-71.9757909721378,NA,NA,4_3_1_1_2_1_1_3,H5N1/2022/R7_NAmerica,2344b,2023-03-06,cluster003,FALSE
H5N1|2344b|EPI_ISL_17885878|galliformes|chile|4_3_1_1_2_1_1_3|2023-02-27,H5N1,EPI_ISL_17885878,A/chicken/Nuble/239136/2023,2023-02-27,2023-02,2023,galliformes,galliformes,NA,NA,NA,NA,domestic,galliformes-domestic,south america,chile,chl,-36.352932692973,-71.0631434301439,ñuble,cl.nb,-36.6455443686508,-71.9757909721378,NA,NA,4_3_1_1_2_1_1_3,H5N1/2022/R7_NAmerica,2344b,2023-02-27,cluster003,FALSE
H5N1|2344b|EPI_ISL_17885912|pelecaniformes|chile|4_3_1_1_2_1_1_3|2023-01-24,H5N1,EPI_ISL_17885912,A/pelican/OHiggins/233721-1/2023,2023-01-24,2023-01,2023,avian other,pelecaniformes,NA,NA,NA,NA,wild,other,south america,chile,chl,-36.352932692973,-71.0631434301439,libertador general bernardo o'hi,cl.li,-34.4357789812144,-71.0464648196043,NA,NA,4_3_1_1_2_1_1_3,H5N1/2022/R7_NAmerica,2344b,2023-01-24,cluster003,FALSE
H5N1|2344b|EPI_ISL_17885915|pelecaniformes|NA|4_3_1_1_2_1_1_3|2023-01-24,H5N1,EPI_ISL_17885915,A/pelican/OHiggins/233663-1/2023,2023-01-24,2023-01,2023,Aves,pelecaniformes,pelecanidae,pelecanus sp.,pelican sp.,TRUE,wild,other,NA,NA,NA,NA,NA,NA,NA,NA,NA,NA,NA,4_3_1_1_2_1_1_3,H5N1/2022/R7_NAmerica,2344b,2023-01-24,cluster003,FALSE
H5N1|2344b|EPI_ISL_17885918|pelecaniformes|chile|4_3_1_1_2_1_1_3|2023-01-26,H5N1,EPI_ISL_17885918,A/pelican/Nuble/233947-2/2023,2023-01-26,2023-01,2023,Aves,pelecaniformes,pelecanidae,pelecanus sp.,pelican sp.,TRUE,wild,other,south america,chile,chl,-36.352932692973,-71.0631434301439,ñuble,cl.nb,-36.6455443686508,-71.9757909721378,NA,NA,4_3_1_1_2_1_1_3,H5N1/2022/R7_NAmerica,2344b,2023-01-26,cluster003,FALSE
H5N1|2344b|EPI_ISL_17885924|pelecaniformes|chile|4_3_1_1_2_1_1_3|2022-12-30,H5N1,EPI_ISL_17885924,A/pelican/Atacama/230158-2/2022,2022-12-30,2022-12,2022,Aves,pelecaniformes,pelecanidae,pelecanus sp.,pelican sp.,TRUE,wild,other,south america,chile,chl,-36.352932692973,-71.0631434301439,atacama,cl.at,-27.3880384326825,-69.902133937498,NA,NA,4_3_1_1_2_1_1_3,H5N1/2022/R7_NAmerica,2344b,2022-12-30,cluster003,FALSE
H5N1|2344b|EPI_ISL_17885926|pelecaniformes|chile|4_3_1_1_2_1_1_3|2022-12-26,H5N1,EPI_ISL_17885926,A/pelican/Atacama/229450-2/2022,2022-12-26,2022-12,2022,avian other,pelecaniformes,NA,NA,NA,NA,wild,other,south america,chile,chl,-36.352932692973,-71.0631434301439,atacama,cl.at,-27.3880384326825,-69.902133937498,NA,NA,4_3_1_1_2_1_1_3,H5N1/2022/R7_NAmerica,2344b,2022-12-26,cluster003,FALSE
H5N1|2344b|EPI_ISL_17885927|pelecaniformes|chile|4_3_1_1_2_1_1_3|2022-12-22,H5N1,EPI_ISL_17885927,A/pelican/Atacama/229424-2/2022,2022-12-22,2022-12,2022,avian other,pelecaniformes,NA,NA,NA,NA,wild,other,south america,chile,chl,-36.352932692973,-71.0631434301439,atacama,cl.at,-27.3880384326825,-69.902133937498,NA,NA,4_3_1_1_2_1_1_3,H5N1/2022/R7_NAmerica,2344b,2022-12-22,cluster003,FALSE
H5N1|2344b|EPI_ISL_17885928|pelecaniformes|chile|4_3_1_1_2_1_1_3|2022-12-16,H5N1,EPI_ISL_17885928,A/pelican/Antofagasta/228318-1/2022,2022-12-16,2022-12,2022,Aves,pelecaniformes,pelecanidae,pelecanus sp.,pelican sp.,TRUE,wild,other,south america,chile,chl,-36.352932692973,-71.0631434301439,antofagasta,cl.an,-23.5276504572593,-69.1155261199782,NA,NA,4_3_1_1_2_1_1_3,H5N1/2022/R7_NAmerica,2344b,2022-12-16,cluster003,FALSE
H5N1|2344b|EPI_ISL_17885930|pelecaniformes|chile|4_3_1_1_2_1_1_3|2023-01-20,H5N1,EPI_ISL_17885930,A/pelican/Valparaiso/233091-1/2023,2023-01-20,2023-01,2023,avian other,pelecaniformes,NA,NA,NA,NA,wild,other,south america,chile,chl,-36.352932692973,-71.0631434301439,valparaíso,cl.vs,-32.7895224923796,-71.3992840580514,NA,NA,4_3_1_1_2_1_1_3,H5N1/2022/R7_NAmerica,2344b,2023-01-20,cluster003,FALSE
H5N1|2344b|EPI_ISL_17885931|pelecaniformes|chile|4_3_1_1_2_1_1_3|2022-12-15,H5N1,EPI_ISL_17885931,A/pelican/Antofagasta/228246-3/2022,2022-12-15,2022-12,2022,Aves,pelecaniformes,pelecanidae,pelecanus sp.,pelican sp.,TRUE,wild,other,south america,chile,chl,-36.352932692973,-71.0631434301439,antofagasta,cl.an,-23.5276504572593,-69.1155261199782,NA,NA,4_3_1_1_2_1_1_3,H5N1/2022/R7_NAmerica,2344b,2022-12-15,cluster003,FALSE
H5N1|2344b|EPI_ISL_17885932|pelecaniformes|chile|4_3_1_1_2_1_1_3|2023-01-20,H5N1,EPI_ISL_17885932,A/pelican/Valparaiso/233418-1/2023,2023-01-20,2023-01,2023,Aves,pelecaniformes,pelecanidae,pelecanus sp.,pelican sp.,TRUE,wild,other,south america,chile,chl,-36.352932692973,-71.0631434301439,valparaíso,cl.vs,-32.7895224923796,-71.3992840580514,NA,NA,4_3_1_1_2_1_1_3,H5N1/2022/R7_NAmerica,2344b,2023-01-20,cluster003,FALSE
H5N1|2344b|EPI_ISL_17885934|pelecaniformes|chile|4_3_1_1_2_1_1_3|2022-12-15,H5N1,EPI_ISL_17885934,A/pelican/Antofagasta/228246-2/2022,2022-12-15,2022-12,2022,Aves,pelecaniformes,pelecanidae,pelecanus sp.,pelican sp.,TRUE,wild,other,south america,chile,chl,-36.352932692973,-71.0631434301439,antofagasta,cl.an,-23.5276504572593,-69.1155261199782,NA,NA,4_3_1_1_2_1_1_3,H5N1/2022/R7_NAmerica,2344b,2022-12-15,cluster003,FALSE
H5N1|2344b|EPI_ISL_17885942|pelecaniformes|chile|4_3_1_1_2_1_1_3|2022-12-09,H5N1,EPI_ISL_17885942,A/pelican/Tarapaca/227436-2/2022,2022-12-09,2022-12,2022,Aves,pelecaniformes,pelecanidae,pelecanus sp.,pelican sp.,TRUE,wild,other,south america,chile,chl,-36.352932692973,-71.0631434301439,tarapacá,cl.ta,-20.1723893841755,-69.3557535441909,NA,NA,4_3_1_1_2_1_1_3,H5N1/2022/R7_NAmerica,2344b,2022-12-09,cluster003,FALSE
H5N1|2344b|EPI_ISL_17885944|pelecaniformes|chile|4_3_1_1_2_1_1_3|2022-12-16,H5N1,EPI_ISL_17885944,A/pelican/Antofagasta/228244-2/2022,2022-12-16,2022-12,2022,Aves,pelecaniformes,pelecanidae,pelecanus sp.,pelican sp.,TRUE,wild,other,south america,chile,chl,-36.352932692973,-71.0631434301439,antofagasta,cl.an,-23.5276504572593,-69.1155261199782,NA,NA,4_3_1_1_2_1_1_3,H5N1/2022/R7_NAmerica,2344b,2022-12-16,cluster003,FALSE
H5N1|2344b|EPI_ISL_17885945|galliformes|chile|4_3_1_1_2_1_1_3|2023-03-14,H5N1,EPI_ISL_17885945,A/chicken/Araucania/241914-1/2023,2023-03-14,2023-03,2023,galliformes,galliformes,NA,NA,NA,NA,domestic,galliformes-domestic,south america,chile,chl,-36.352932692973,-71.0631434301439,araucanía,cl.ar,-38.6482992883006,-72.2753909310813,NA,NA,4_3_1_1_2_1_1_3,H5N1/2022/R7_NAmerica,2344b,2023-03-14,cluster003,FALSE
H5N1|2344b|EPI_ISL_17885946|galliformes|chile|4_3_1_1_2_1_1_3|2023-03-14,H5N1,EPI_ISL_17885946,A/chicken/Araucania/241892-2/2023,2023-03-14,2023-03,2023,galliformes,galliformes,NA,NA,NA,NA,domestic,galliformes-domestic,south america,chile,chl,-36.352932692973,-71.0631434301439,araucanía,cl.ar,-38.6482992883006,-72.2753909310813,NA,NA,4_3_1_1_2_1_1_3,H5N1/2022/R7_NAmerica,2344b,2023-03-14,cluster003,FALSE
H5N1|2344b|EPI_ISL_17885948|sphenisciformes|chile|4_3_1_1_2_1_1_3|2023-02-28,H5N1,EPI_ISL_17885948,A/humboldt penguin/Coquimbo/239590/2023,2023-02-28,2023-02,2023,avian other,sphenisciformes,NA,NA,NA,NA,wild,other,south america,chile,chl,-36.352932692973,-71.0631434301439,coquimbo,cl.co,-30.6129967369273,-70.8586891785209,NA,NA,4_3_1_1_2_1_1_3,H5N1/2022/R7_NAmerica,2344b,2023-02-28,cluster003,FALSE
H5N1|2344b|EPI_ISL_17885949|galliformes|chile|4_3_1_1_2_1_1_3|2023-03-07,H5N1,EPI_ISL_17885949,A/chicken/Araucania/240481-1/2023,2023-03-07,2023-03,2023,galliformes,galliformes,NA,NA,NA,NA,domestic,galliformes-domestic,south america,chile,chl,-36.352932692973,-71.0631434301439,araucanía,cl.ar,-38.6482992883006,-72.2753909310813,NA,NA,4_3_1_1_2_1_1_3,H5N1/2022/R7_NAmerica,2344b,2023-03-07,cluster003,FALSE
H5N1|2344b|EPI_ISL_17885950|pelecaniformes|chile|4_3_1_1_2_1_1_3|2023-03-07,H5N1,EPI_ISL_17885950,A/great egret/Araucania/240518/2023,2023-03-07,2023-03,2023,avian other,pelecaniformes,NA,NA,NA,NA,wild,other,south america,chile,chl,-36.352932692973,-71.0631434301439,araucanía,cl.ar,-38.6482992883006,-72.2753909310813,NA,NA,4_3_1_1_2_1_1_3,H5N1/2022/R7_NAmerica,2344b,2023-03-07,cluster003,FALSE
H5N1|2344b|EPI_ISL_17885951|anseriformes|chile|4_3_1_1_2_1_1_3|2023-01-18,H5N1,EPI_ISL_17885951,A/gray_gull/Tarapaca/232825-1/2023,2023-01-18,2023-01,2023,Aves,anseriformes,anatidae,anser anser,greylag goose,TRUE,wild,anseriformes-wild,south america,chile,chl,-36.352932692973,-71.0631434301439,tarapacá,cl.ta,-20.1723893841755,-69.3557535441909,NA,NA,4_3_1_1_2_1_1_3,H5N1/2022/R7_NAmerica,2344b,2023-01-18,cluster003,FALSE
H5N1|2344b|EPI_ISL_17885952|galliformes|chile|4_3_1_1_2_1_1_3|2023-03-02,H5N1,EPI_ISL_17885952,A/chicken/Araucania/239569-2/2023,2023-03-02,2023-03,2023,galliformes,galliformes,NA,NA,NA,NA,domestic,galliformes-domestic,south america,chile,chl,-36.352932692973,-71.0631434301439,araucanía,cl.ar,-38.6482992883006,-72.2753909310813,NA,NA,4_3_1_1_2_1_1_3,H5N1/2022/R7_NAmerica,2344b,2023-03-02,cluster003,FALSE
H5N1|2344b|EPI_ISL_17885954|galliformes|chile|4_3_1_1_2_1_1_3|2023-03-02,H5N1,EPI_ISL_17885954,A/chicken/Araucania/239569-1/2023,2023-03-02,2023-03,2023,galliformes,galliformes,NA,NA,NA,NA,domestic,galliformes-domestic,south america,chile,chl,-36.352932692973,-71.0631434301439,araucanía,cl.ar,-38.6482992883006,-72.2753909310813,NA,NA,4_3_1_1_2_1_1_3,H5N1/2022/R7_NAmerica,2344b,2023-03-02,cluster003,FALSE
H5N1|2344b|EPI_ISL_17885955|charadriiformes|chile|4_3_1_1_2_1_1_3|2022-12-24,H5N1,EPI_ISL_17885955,A/elegant_tern/Arica_y_Parinacota/229476-1/2022,2022-12-24,2022-12,2022,Aves,charadriiformes,laridae,thalasseus elegans,elegant tern,TRUE,wild,charadriiformes-wild,south america,chile,chl,-36.352932692973,-71.0631434301439,arica y parinacota,cl.ap,-18.4968307906384,-69.6296363253853,NA,NA,4_3_1_1_2_1_1_3,H5N1/2022/R7_NAmerica,2344b,2022-12-24,cluster003,FALSE
H5N1|2344b|EPI_ISL_17885956|pelecaniformes|chile|4_3_1_1_2_1_1_3|2023-01-20,H5N1,EPI_ISL_17885956,A/pelican/Valparaiso/233091-2/2023,2023-01-20,2023-01,2023,avian other,pelecaniformes,NA,NA,NA,NA,wild,other,south america,chile,chl,-36.352932692973,-71.0631434301439,valparaíso,cl.vs,-32.7895224923796,-71.3992840580514,NA,NA,4_3_1_1_2_1_1_3,H5N1/2022/R7_NAmerica,2344b,2023-01-20,cluster003,FALSE
H5N1|2344b|EPI_ISL_17885958|galliformes|chile|4_3_1_1_2_1_1_3|2023-02-28,H5N1,EPI_ISL_17885958,A/chicken/Araucania/239189-2/2023,2023-02-28,2023-02,2023,galliformes,galliformes,NA,NA,NA,NA,domestic,galliformes-domestic,south america,chile,chl,-36.352932692973,-71.0631434301439,araucanía,cl.ar,-38.6482992883006,-72.2753909310813,NA,NA,4_3_1_1_2_1_1_3,H5N1/2022/R7_NAmerica,2344b,2023-02-28,cluster003,FALSE
H5N1|2344b|EPI_ISL_17885962|galliformes|chile|4_3_1_1_2_1_1_3|2023-03-10,H5N1,EPI_ISL_17885962,A/turkey/Nuble/241568-1/2023,2023-03-10,2023-03,2023,galliformes,galliformes,NA,NA,NA,NA,domestic,galliformes-domestic,south america,chile,chl,-36.352932692973,-71.0631434301439,ñuble,cl.nb,-36.6455443686508,-71.9757909721378,NA,NA,4_3_1_1_2_1_1_3,H5N1/2022/R7_NAmerica,2344b,2023-03-10,cluster003,FALSE
H5N1|2344b|EPI_ISL_17885964|galliformes|chile|4_3_1_1_2_1_1_3|2023-03-07,H5N1,EPI_ISL_17885964,A/turkey/Nuble/240489-1/2023,2023-03-07,2023-03,2023,galliformes,galliformes,NA,NA,NA,NA,domestic,galliformes-domestic,south america,chile,chl,-36.352932692973,-71.0631434301439,ñuble,cl.nb,-36.6455443686508,-71.9757909721378,NA,NA,4_3_1_1_2_1_1_3,H5N1/2022/R7_NAmerica,2344b,2023-03-07,cluster003,FALSE
H5N1|2344b|EPI_ISL_17885965|anseriformes|chile|4_3_1_1_2_1_1_3|2023-03-09,H5N1,EPI_ISL_17885965,A/chiloe wigeon/OHiggins/240893-2/2023,2023-03-09,2023-03,2023,anseriformes wild,anseriformes,NA,NA,NA,NA,wild,anseriformes-wild,south america,chile,chl,-36.352932692973,-71.0631434301439,libertador general bernardo o'hi,cl.li,-34.4357789812144,-71.0464648196043,NA,NA,4_3_1_1_2_1_1_3,H5N1/2022/R7_NAmerica,2344b,2023-03-09,cluster003,FALSE
H5N1|2344b|EPI_ISL_17885966|galliformes|chile|4_3_1_1_2_1_1_3|2023-03-14,H5N1,EPI_ISL_17885966,A/turkey/Araucania/241892-3/2023,2023-03-14,2023-03,2023,galliformes,galliformes,NA,NA,NA,NA,domestic,galliformes-domestic,south america,chile,chl,-36.352932692973,-71.0631434301439,araucanía,cl.ar,-38.6482992883006,-72.2753909310813,NA,NA,4_3_1_1_2_1_1_3,H5N1/2022/R7_NAmerica,2344b,2023-03-14,cluster003,FALSE
H5N1|2344b|EPI_ISL_17885967|charadriiformes|NA|4_3_1_1_2_1_1_3|2023-03-06,H5N1,EPI_ISL_17885967,A/blackish_oystercatcher/OHiggins/240628/2023,2023-03-06,2023-03,2023,Aves,charadriiformes,haematopodidae,haematopus ater,blackish oystercatcher,TRUE,wild,charadriiformes-wild,NA,NA,NA,NA,NA,NA,NA,NA,NA,NA,NA,4_3_1_1_2_1_1_3,H5N1/2022/R7_NAmerica,2344b,2023-03-06,cluster003,FALSE
H5N1|2344b|EPI_ISL_17885970|galliformes|chile|4_3_1_1_2_1_1_3|2022-12-17,H5N1,EPI_ISL_17885970,A/turkey_vulture/Antofagasta/228252-1/2022,2022-12-17,2022-12,2022,Aves,galliformes,phasianidae,meleagris gallopavo (domestic type),wild turkey (domestic type),TRUE,domestic,galliformes-domestic,south america,chile,chl,-36.352932692973,-71.0631434301439,antofagasta,cl.an,-23.5276504572593,-69.1155261199782,NA,NA,4_3_1_1_2_1_1_3,H5N1/2022/R7_NAmerica,2344b,2022-12-17,cluster003,FALSE
H5N1|2344b|EPI_ISL_17885972|charadriiformes|chile|4_3_1_1_2_1_1_3|2023-03-01,H5N1,EPI_ISL_17885972,A/kelp gull/Maule/239349/2023,2023-03-01,2023-03,2023,charadriiformes,charadriiformes,NA,NA,NA,NA,wild,charadriiformes-wild,south america,chile,chl,-36.352932692973,-71.0631434301439,maule,cl.ml,-35.6204383329149,-71.4454635697529,NA,NA,4_3_1_1_2_1_1_3,H5N1/2022/R7_NAmerica,2344b,2023-03-01,cluster003,FALSE
H5N1|2344b|EPI_ISL_17885973|charadriiformes|chile|4_3_1_1_2_1_1_3|2023-02-23,H5N1,EPI_ISL_17885973,A/tern/Maule/238507/2023,2023-02-23,2023-02,2023,charadriiformes,charadriiformes,NA,NA,NA,NA,wild,charadriiformes-wild,south america,chile,chl,-36.352932692973,-71.0631434301439,maule,cl.ml,-35.6204383329149,-71.4454635697529,NA,NA,4_3_1_1_2_1_1_3,H5N1/2022/R7_NAmerica,2344b,2023-02-23,cluster003,FALSE
H5N1|2344b|EPI_ISL_17885976|carnivora|chile|4_3_1_1_2_1_1_3|2023-03-01,H5N1,EPI_ISL_17885976,A/sea_lion/Arica_y_Parinacota/240270-1/2023,2023-03-01,2023-03,2023,mammalia,carnivora,phocidae,phocidae sp.,true seal sp.,FALSE,wild,mammal,south america,chile,chl,-36.352932692973,-71.0631434301439,arica y parinacota,cl.ap,-18.4968307906384,-69.6296363253853,NA,NA,4_3_1_1_2_1_1_3,H5N1/2022/R7_NAmerica,2344b,2023-03-01,cluster003,FALSE
H5N1|2344b|EPI_ISL_17885978|charadriiformes|chile|4_3_1_1_2_1_1_3|2023-03-03,H5N1,EPI_ISL_17885978,A/sanderling/Arica_y_Parinacota/240265/2023,2023-03-03,2023-03,2023,Aves,charadriiformes,scolopacidae,calidris alba,sanderling,TRUE,wild,charadriiformes-wild,south america,chile,chl,-36.352932692973,-71.0631434301439,arica y parinacota,cl.ap,-18.4968307906384,-69.6296363253853,NA,NA,4_3_1_1_2_1_1_3,H5N1/2022/R7_NAmerica,2344b,2023-03-03,cluster003,FALSE
H5N1|2344b|EPI_ISL_17885980|charadriiformes|chile|4_3_1_1_2_1_1_3|2022-12-30,H5N1,EPI_ISL_17885980,A/sanderling/Arica_y_Parinacota/230758-1/2022,2022-12-30,2022-12,2022,Aves,charadriiformes,scolopacidae,calidris alba,sanderling,TRUE,wild,charadriiformes-wild,south america,chile,chl,-36.352932692973,-71.0631434301439,arica y parinacota,cl.ap,-18.4968307906384,-69.6296363253853,NA,NA,4_3_1_1_2_1_1_3,H5N1/2022/R7_NAmerica,2344b,2022-12-30,cluster003,FALSE
H5N1|2344b|EPI_ISL_17885982|pelecaniformes|chile|4_3_1_1_2_1_1_3|2023-01-25,H5N1,EPI_ISL_17885982,A/pelican/Valparaiso/234040/2023,2023-01-25,2023-01,2023,avian other,pelecaniformes,NA,NA,NA,NA,wild,other,south america,chile,chl,-36.352932692973,-71.0631434301439,valparaíso,cl.vs,-32.7895224923796,-71.3992840580514,NA,NA,4_3_1_1_2_1_1_3,H5N1/2022/R7_NAmerica,2344b,2023-01-25,cluster003,FALSE
H5N1|2344b|EPI_ISL_17885983|pelecaniformes|chile|4_3_1_1_2_1_1_3|2023-01-23,H5N1,EPI_ISL_17885983,A/pelican/Valparaiso/233450-1/2023,2023-01-23,2023-01,2023,avian other,pelecaniformes,NA,NA,NA,NA,wild,other,south america,chile,chl,-36.352932692973,-71.0631434301439,valparaíso,cl.vs,-32.7895224923796,-71.3992840580514,NA,NA,4_3_1_1_2_1_1_3,H5N1/2022/R7_NAmerica,2344b,2023-01-23,cluster003,FALSE
H5N1|2344b|EPI_ISL_17973443|NA|ecuador|4_3_1_1_2_1_1_3|2023-01-11,H5N1,EPI_ISL_17973443,a/wildbird/ecuador/ic03-4587/2023,2023-01-11,2023-01,2023,Aves,NA,NA,NA,aves,FALSE,wild,other,south america,ecuador,ecu,-1.42626322906002,-78.7715622756661,manabi,ec.mn,-0.751243186649703,-80.1366162194134,South America / Ecuador / Provincia de Manabi / San Vicente / NA,H5N1/2022/R8_NAmerica,4_3_1_1_2_1_1_3,H5N1/2022/R7_NAmerica,2344b,2023-01-11,cluster003,FALSE
H5N1|2344b|EPI_ISL_18130597|charadriiformes|brazil|4_3_1_1_2_1_1_3|2023-06-21,H5N1,EPI_ISL_18130597,A/Thalasseus_maximus/Brazil-ES/23ES1A0008/2023,2023-06-21,2023-06,2023,charadriiformes,charadriiformes,NA,NA,NA,NA,wild,charadriiformes-wild,south america,brazil,bra,-10.6270293883904,-53.1872965549782,espírito santo,br.es,-19.5709250592315,-40.6652075301607,NA,NA,4_3_1_1_2_1_1_3,H5N1/2022/R7_NAmerica,2344b,2023-06-21,cluster003,FALSE
H5N1|2344b|EPI_ISL_18130622|charadriiformes|brazil|4_3_1_1_2_1_1_3|2023-06-21,H5N1,EPI_ISL_18130622,A/Thalasseus_acuflavidus/Brazil-ES/23ES1A0009/2023,2023-06-21,2023-06,2023,charadriiformes,charadriiformes,NA,NA,NA,NA,wild,charadriiformes-wild,south america,brazil,bra,-10.6270293883904,-53.1872965549782,espírito santo,br.es,-19.5709250592315,-40.6652075301607,NA,NA,4_3_1_1_2_1_1_3,H5N1/2022/R7_NAmerica,2344b,2023-06-21,cluster003,FALSE
H5N1|2344b|EPI_ISL_18310942|galliformes|uruguay|4_3_1_1_2_1_1_3|2023-03-03,H5N1,EPI_ISL_18310942,A/backyard chicken/Uruguay/UDELAR-040-M5/2023,2023-03-03,2023-03,2023,galliformes,galliformes,NA,NA,NA,NA,domestic,galliformes-domestic,south america,uruguay,ury,-32.7868641942882,-56.0254606768188,NA,NA,NA,NA,NA,NA,4_3_1_1_2_1_1_3,H5N1/2022/R7_NAmerica,2344b,2023-03-03,cluster003,FALSE
H5N1|2344b|EPI_ISL_18310957|anseriformes|uruguay|4_3_1_1_2_1_1_3|2023-03-15,H5N1,EPI_ISL_18310957,A/black-necked swan/Uruguay/UDELAR-078-M2/2023,2023-03-15,2023-03,2023,anseriformes wild,anseriformes,NA,NA,NA,NA,wild,anseriformes-wild,south america,uruguay,ury,-32.7868641942882,-56.0254606768188,NA,NA,NA,NA,NA,NA,4_3_1_1_2_1_1_3,H5N1/2022/R7_NAmerica,2344b,2023-03-15,cluster003,FALSE
H5N1|2344b|EPI_ISL_18310958|anseriformes|uruguay|4_3_1_1_2_1_1_3|2023-02-18,H5N1,EPI_ISL_18310958,A/black-necked swan/Uruguay/UDELAR-014-M3/2023,2023-02-18,2023-02,2023,anseriformes wild,anseriformes,NA,NA,NA,NA,wild,anseriformes-wild,south america,uruguay,ury,-32.7868641942882,-56.0254606768188,NA,NA,NA,NA,NA,NA,4_3_1_1_2_1_1_3,H5N1/2022/R7_NAmerica,2344b,2023-02-18,cluster003,FALSE
H5N1|2344b|EPI_ISL_18310959|galliformes|uruguay|4_3_1_1_2_1_1_3|2023-04-16,H5N1,EPI_ISL_18310959,A/backyard turkey/Uruguay/UDELAR-124-M6/2023,2023-04-16,2023-04,2023,galliformes,galliformes,NA,NA,NA,NA,domestic,galliformes-domestic,south america,uruguay,ury,-32.7868641942882,-56.0254606768188,NA,NA,NA,NA,NA,NA,4_3_1_1_2_1_1_3,H5N1/2022/R7_NAmerica,2344b,2023-04-16,cluster003,FALSE
H5N1|2344b|EPI_ISL_18310960|anseriformes|uruguay|4_3_1_1_2_1_1_3|2023-04-16,H5N1,EPI_ISL_18310960,A/backyard duck/Uruguay/UDELAR-124-M3/2023,2023-04-16,2023-04,2023,anseriformes domestic,anseriformes,NA,NA,NA,NA,domestic,anseriformes-domestic,south america,uruguay,ury,-32.7868641942882,-56.0254606768188,NA,NA,NA,NA,NA,NA,4_3_1_1_2_1_1_3,H5N1/2022/R7_NAmerica,2344b,2023-04-16,cluster003,FALSE
H5N1|2344b|EPI_ISL_18310961|galliformes|uruguay|4_3_1_1_2_1_1_3|2023-05-03,H5N1,EPI_ISL_18310961,A/backyard chicken/Uruguay/UDELAR-144-M3/2023,2023-05-03,2023-05,2023,galliformes,galliformes,NA,NA,NA,NA,domestic,galliformes-domestic,south america,uruguay,ury,-32.7868641942882,-56.0254606768188,NA,NA,NA,NA,NA,NA,4_3_1_1_2_1_1_3,H5N1/2022/R7_NAmerica,2344b,2023-05-03,cluster003,FALSE
H5N1|2344b|EPI_ISL_18310962|galliformes|uruguay|4_3_1_1_2_1_1_3|2023-04-17,H5N1,EPI_ISL_18310962,A/backyard chicken/Uruguay/UDELAR-127-M4/2023,2023-04-17,2023-04,2023,galliformes,galliformes,NA,NA,NA,NA,domestic,galliformes-domestic,south america,uruguay,ury,-32.7868641942882,-56.0254606768188,NA,NA,NA,NA,NA,NA,4_3_1_1_2_1_1_3,H5N1/2022/R7_NAmerica,2344b,2023-04-17,cluster003,FALSE
H5N1|2344b|EPI_ISL_18310963|galliformes|uruguay|4_3_1_1_2_1_1_3|2023-04-17,H5N1,EPI_ISL_18310963,A/backyard chicken/Uruguay/UDELAR-127-M1/2023,2023-04-17,2023-04,2023,galliformes,galliformes,NA,NA,NA,NA,domestic,galliformes-domestic,south america,uruguay,ury,-32.7868641942882,-56.0254606768188,NA,NA,NA,NA,NA,NA,4_3_1_1_2_1_1_3,H5N1/2022/R7_NAmerica,2344b,2023-04-17,cluster003,FALSE
H5N1|2344b|EPI_ISL_18310964|galliformes|uruguay|4_3_1_1_2_1_1_3|2023-04-16,H5N1,EPI_ISL_18310964,A/backyard chicken/Uruguay/UDELAR-124-M1/2023,2023-04-16,2023-04,2023,galliformes,galliformes,NA,NA,NA,NA,domestic,galliformes-domestic,south america,uruguay,ury,-32.7868641942882,-56.0254606768188,NA,NA,NA,NA,NA,NA,4_3_1_1_2_1_1_3,H5N1/2022/R7_NAmerica,2344b,2023-04-16,cluster003,FALSE
H5N1|2344b|EPI_ISL_18310965|galliformes|uruguay|4_3_1_1_2_1_1_3|2023-03-06,H5N1,EPI_ISL_18310965,A/backyard chicken/Uruguay/UDELAR-047-M3/2023,2023-03-06,2023-03,2023,galliformes,galliformes,NA,NA,NA,NA,domestic,galliformes-domestic,south america,uruguay,ury,-32.7868641942882,-56.0254606768188,NA,NA,NA,NA,NA,NA,4_3_1_1_2_1_1_3,H5N1/2022/R7_NAmerica,2344b,2023-03-06,cluster003,FALSE
H5N1|2344b|EPI_ISL_18310966|galliformes|uruguay|4_3_1_1_2_1_1_3|2023-03-06,H5N1,EPI_ISL_18310966,A/backyard chicken/Uruguay/UDELAR-047-M1/2023,2023-03-06,2023-03,2023,galliformes,galliformes,NA,NA,NA,NA,domestic,galliformes-domestic,south america,uruguay,ury,-32.7868641942882,-56.0254606768188,NA,NA,NA,NA,NA,NA,4_3_1_1_2_1_1_3,H5N1/2022/R7_NAmerica,2344b,2023-03-06,cluster003,FALSE
H5N1|2344b|EPI_ISL_18310967|galliformes|uruguay|4_3_1_1_2_1_1_3|2023-03-03,H5N1,EPI_ISL_18310967,A/backyard chicken/Uruguay/UDELAR-040-M7/2023,2023-03-03,2023-03,2023,galliformes,galliformes,NA,NA,NA,NA,domestic,galliformes-domestic,south america,uruguay,ury,-32.7868641942882,-56.0254606768188,NA,NA,NA,NA,NA,NA,4_3_1_1_2_1_1_3,H5N1/2022/R7_NAmerica,2344b,2023-03-03,cluster003,FALSE
H5N1|2344b|EPI_ISL_18497946|anseriformes|peru|4_3_1_1_2_1_1_3|2023-09-26,H5N1,EPI_ISL_18497946,A/duck/Peru/LAM-INS-014/2023,2023-09-26,2023-09,2023,anseriformes domestic,anseriformes,NA,NA,NA,NA,domestic,anseriformes-domestic,south america,peru,per,-9.12690950582405,-74.3967035676846,lambayeque,pe.lb,-6.35291743430401,-79.8242308836425,NA,NA,4_3_1_1_2_1_1_3,H5N1/2022/R7_NAmerica,2344b,2023-09-26,cluster003,FALSE
H5N1|2344b|EPI_ISL_18760060|galliformes|chile|4_3_1_1_2_1_1_3|2023-03-20,H5N1,EPI_ISL_18760060,A/chicken/Metropolitana/SJCEIRR-2431481/2023,2023-03-20,2023-03,2023,galliformes,galliformes,NA,NA,NA,NA,domestic,galliformes-domestic,south america,chile,chl,-36.352932692973,-71.0631434301439,santiago metropolitan,cl.rm,-33.6042434852213,-70.6268454043396,NA,NA,4_3_1_1_2_1_1_3,H5N1/2022/R7_NAmerica,2344b,2023-03-20,cluster003,FALSE
H5N1|2344b|EPI_ISL_18760061|pelecaniformes|chile|4_3_1_1_2_1_1_3|2023-02-13,H5N1,EPI_ISL_18760061,A/pelican/Biobio/SJCEIRR-236574/2023,2023-02-13,2023-02,2023,avian other,pelecaniformes,NA,NA,NA,NA,wild,other,south america,chile,chl,-36.352932692973,-71.0631434301439,bío-bío,cl.bi,-37.4998667272625,-72.3949210324733,NA,NA,4_3_1_1_2_1_1_3,H5N1/2022/R7_NAmerica,2344b,2023-02-13,cluster003,FALSE
H5N1|2344b|EPI_ISL_18760063|galliformes|chile|4_3_1_1_2_1_1_3|2023-03-29,H5N1,EPI_ISL_18760063,A/turkey/Valparaiso/SJCEIRR-2455621/2023,2023-03-29,2023-03,2023,galliformes,galliformes,NA,NA,NA,NA,domestic,galliformes-domestic,south america,chile,chl,-36.352932692973,-71.0631434301439,valparaíso,cl.vs,-32.7895224923796,-71.3992840580514,NA,NA,4_3_1_1_2_1_1_3,H5N1/2022/R7_NAmerica,2344b,2023-03-29,cluster003,FALSE
H5N1|2344b|EPI_ISL_18760067|suliformes|chile|4_3_1_1_2_1_1_3|2023-03-17,H5N1,EPI_ISL_18760067,A/peruvian booby/OHiggins/SJCEIRR-2427551/2023,2023-03-17,2023-03,2023,avian other,suliformes,NA,NA,NA,NA,wild,other,south america,chile,chl,-36.352932692973,-71.0631434301439,libertador general bernardo o'hi,cl.li,-34.4357789812144,-71.0464648196043,NA,NA,4_3_1_1_2_1_1_3,H5N1/2022/R7_NAmerica,2344b,2023-03-17,cluster003,FALSE
H5N1|2344b|EPI_ISL_18760069|mammal|chile|4_3_1_1_2_1_1_3|2023-03-19,H5N1,EPI_ISL_18760069,A/sea lion/Valparaiso/SJCEIRR-2431361/2023,2023-03-19,2023-03,2023,mammal,mammal,NA,NA,NA,NA,wild,mammal,south america,chile,chl,-36.352932692973,-71.0631434301439,valparaíso,cl.vs,-32.7895224923796,-71.3992840580514,NA,NA,4_3_1_1_2_1_1_3,H5N1/2022/R7_NAmerica,2344b,2023-03-19,cluster003,FALSE
H5N1|2344b|EPI_ISL_18760073|galliformes|chile|4_3_1_1_2_1_1_3|2023-03-25,H5N1,EPI_ISL_18760073,A/chicken/Araucania/SJCEIRR-244469/2023,2023-03-25,2023-03,2023,galliformes,galliformes,NA,NA,NA,NA,domestic,galliformes-domestic,south america,chile,chl,-36.352932692973,-71.0631434301439,araucanía,cl.ar,-38.6482992883006,-72.2753909310813,NA,NA,4_3_1_1_2_1_1_3,H5N1/2022/R7_NAmerica,2344b,2023-03-25,cluster003,FALSE
H5N1|2344b|EPI_ISL_18760074|galliformes|chile|4_3_1_1_2_1_1_3|2023-02-04,H5N1,EPI_ISL_18760074,A/chicken/Atacama/SJCEIRR-2352542/2023,2023-02-04,2023-02,2023,galliformes,galliformes,NA,NA,NA,NA,domestic,galliformes-domestic,south america,chile,chl,-36.352932692973,-71.0631434301439,atacama,cl.at,-27.3880384326825,-69.902133937498,NA,NA,4_3_1_1_2_1_1_3,H5N1/2022/R7_NAmerica,2344b,2023-02-04,cluster003,FALSE
H5N1|2344b|EPI_ISL_18755251|suliformes|brazil|4_3_1_1_2_1_1_3|2023-06-03,H5N1,EPI_ISL_18755251,A/frigatebird/Rio de Janeiro/MAPA-1532N/2023,2023-06-03,2023-06,2023,avian other,suliformes,NA,NA,NA,NA,wild,other,south america,brazil,bra,-10.6270293883904,-53.1872965549782,rio de janeiro,br.rj,-22.1966758001859,-42.6576662414631,NA,NA,4_3_1_1_2_1_1_3,H5N1/2022/R7_NAmerica,2344b,2023-06-03,cluster003,FALSE
H5N1|2344b|EPI_ISL_18755338|charadriiformes|brazil|4_3_1_1_2_1_1_3|2023-05-15,H5N1,EPI_ISL_18755338,A/tern/Espirito Santo/MAPA-1339N2/2023,2023-05-15,2023-05,2023,charadriiformes,charadriiformes,NA,NA,NA,NA,wild,charadriiformes-wild,south america,brazil,bra,-10.6270293883904,-53.1872965549782,espírito santo,br.es,-19.5709250592315,-40.6652075301607,NA,NA,4_3_1_1_2_1_1_3,H5N1/2022/R7_NAmerica,2344b,2023-05-15,cluster003,FALSE
H5N1|2344b|EPI_ISL_18698459|anseriformes|argentina|4_3_1_1_2_1_1_3|2023-02-11,H5N1,EPI_ISL_18698459,A/Goose/Argentina/389-1/2023,2023-02-11,2023-02,2023,anseriformes domestic,anseriformes,NA,NA,NA,NA,domestic,anseriformes-domestic,south america,argentina,arg,-34.6877265175387,-64.7468967526828,jujuy,ar.jy,-23.3179610327965,-65.7649952758448,NA,NA,4_3_1_1_2_1_1_3,H5N1/2022/R7_NAmerica,2344b,2023-02-11,cluster003,FALSE
H5N1|2344b|EPI_ISL_18698460|galliformes|argentina|4_3_1_1_2_1_1_3|2023-02-16,H5N1,EPI_ISL_18698460,A/Chicken/Argentina/464-4/2023,2023-02-16,2023-02,2023,galliformes,galliformes,NA,NA,NA,NA,domestic,galliformes-domestic,south america,argentina,arg,-34.6877265175387,-64.7468967526828,córdoba,ar.cb,-32.1223499660356,-63.8001999960292,NA,NA,4_3_1_1_2_1_1_3,H5N1/2022/R7_NAmerica,2344b,2023-02-16,cluster003,FALSE
H5N1|2344b|EPI_ISL_18698462|galliformes|argentina|4_3_1_1_2_1_1_3|2023-02-18,H5N1,EPI_ISL_18698462,A/Chicken/Argentina/477-5/2023,2023-02-18,2023-02,2023,galliformes,galliformes,NA,NA,NA,NA,domestic,galliformes-domestic,south america,argentina,arg,-34.6877265175387,-64.7468967526828,córdoba,ar.cb,-32.1223499660356,-63.8001999960292,NA,NA,4_3_1_1_2_1_1_3,H5N1/2022/R7_NAmerica,2344b,2023-02-18,cluster003,FALSE
H5N1|2344b|EPI_ISL_18698464|galliformes|argentina|4_3_1_1_2_1_1_3|2023-02-18,H5N1,EPI_ISL_18698464,A/Chicken/Argentina/481-2/2023,2023-02-18,2023-02,2023,galliformes,galliformes,NA,NA,NA,NA,domestic,galliformes-domestic,south america,argentina,arg,-34.6877265175387,-64.7468967526828,córdoba,ar.cb,-32.1223499660356,-63.8001999960292,NA,NA,4_3_1_1_2_1_1_3,H5N1/2022/R7_NAmerica,2344b,2023-02-18,cluster003,FALSE
H5N1|2344b|EPI_ISL_18698466|galliformes|argentina|4_3_1_1_2_1_1_3|2023-02-19,H5N1,EPI_ISL_18698466,A/Chicken/Argentina/485-6/2023,2023-02-19,2023-02,2023,galliformes,galliformes,NA,NA,NA,NA,domestic,galliformes-domestic,south america,argentina,arg,-34.6877265175387,-64.7468967526828,córdoba,ar.cb,-32.1223499660356,-63.8001999960292,NA,NA,4_3_1_1_2_1_1_3,H5N1/2022/R7_NAmerica,2344b,2023-02-19,cluster003,FALSE
H5N1|2344b|EPI_ISL_18698469|galliformes|argentina|4_3_1_1_2_1_1_3|2023-02-20,H5N1,EPI_ISL_18698469,A/Chicken/Argentina/491-2/2023,2023-02-20,2023-02,2023,galliformes,galliformes,NA,NA,NA,NA,domestic,galliformes-domestic,south america,argentina,arg,-34.6877265175387,-64.7468967526828,buenos aires,ar.ba,-36.6626557465889,-60.5480821834678,NA,NA,4_3_1_1_2_1_1_3,H5N1/2022/R7_NAmerica,2344b,2023-02-20,cluster003,FALSE
H5N1|2344b|EPI_ISL_18698471|galliformes|argentina|4_3_1_1_2_1_1_3|2023-02-20,H5N1,EPI_ISL_18698471,A/Chicken/Argentina/501-1/2023,2023-02-20,2023-02,2023,galliformes,galliformes,NA,NA,NA,NA,domestic,galliformes-domestic,south america,argentina,arg,-34.6877265175387,-64.7468967526828,córdoba,ar.cb,-32.1223499660356,-63.8001999960292,NA,NA,4_3_1_1_2_1_1_3,H5N1/2022/R7_NAmerica,2344b,2023-02-20,cluster003,FALSE
H5N1|2344b|EPI_ISL_18698474|galliformes|argentina|4_3_1_1_2_1_1_3|2023-02-20,H5N1,EPI_ISL_18698474,A/Chicken/Argentina/506-2/2023,2023-02-20,2023-02,2023,galliformes,galliformes,NA,NA,NA,NA,domestic,galliformes-domestic,south america,argentina,arg,-34.6877265175387,-64.7468967526828,córdoba,ar.cb,-32.1223499660356,-63.8001999960292,NA,NA,4_3_1_1_2_1_1_3,H5N1/2022/R7_NAmerica,2344b,2023-02-20,cluster003,FALSE
H5N1|2344b|EPI_ISL_18698476|galliformes|argentina|4_3_1_1_2_1_1_3|2023-02-21,H5N1,EPI_ISL_18698476,A/Chicken/Argentina/509-2/2023,2023-02-21,2023-02,2023,galliformes,galliformes,NA,NA,NA,NA,domestic,galliformes-domestic,south america,argentina,arg,-34.6877265175387,-64.7468967526828,santa fe,ar.sf,-30.6720306872131,-60.9357621538365,NA,NA,4_3_1_1_2_1_1_3,H5N1/2022/R7_NAmerica,2344b,2023-02-21,cluster003,FALSE
H5N1|2344b|EPI_ISL_18698478|galliformes|argentina|4_3_1_1_2_1_1_3|2023-02-23,H5N1,EPI_ISL_18698478,A/Chicken/Argentina/556-6/2023,2023-02-23,2023-02,2023,galliformes,galliformes,NA,NA,NA,NA,domestic,galliformes-domestic,south america,argentina,arg,-34.6877265175387,-64.7468967526828,buenos aires,ar.ba,-36.6626557465889,-60.5480821834678,NA,NA,4_3_1_1_2_1_1_3,H5N1/2022/R7_NAmerica,2344b,2023-02-23,cluster003,FALSE
H5N1|2344b|EPI_ISL_18698480|galliformes|argentina|4_3_1_1_2_1_1_3|2023-02-22,H5N1,EPI_ISL_18698480,A/Chicken/Argentina/559-8/2023,2023-02-22,2023-02,2023,galliformes,galliformes,NA,NA,NA,NA,domestic,galliformes-domestic,south america,argentina,arg,-34.6877265175387,-64.7468967526828,san luis,ar.sl,-33.7527938244466,-66.0339496041068,NA,NA,4_3_1_1_2_1_1_3,H5N1/2022/R7_NAmerica,2344b,2023-02-22,cluster003,FALSE
H5N1|2344b|EPI_ISL_18698482|galliformes|argentina|4_3_1_1_2_1_1_3|2023-02-23,H5N1,EPI_ISL_18698482,A/Chicken/Argentina/578-2/2023,2023-02-23,2023-02,2023,galliformes,galliformes,NA,NA,NA,NA,domestic,galliformes-domestic,south america,argentina,arg,-34.6877265175387,-64.7468967526828,río negro,ar.rn,-40.4108256408088,-67.2098045960294,NA,NA,4_3_1_1_2_1_1_3,H5N1/2022/R7_NAmerica,2344b,2023-02-23,cluster003,FALSE
H5N1|2344b|EPI_ISL_18698485|unknown_avian|argentina|4_3_1_1_2_1_1_3|2023-02-24,H5N1,EPI_ISL_18698485,A/Avian/Argentina/579-5/2023,2023-02-24,2023-02,2023,avian other,unknown avian,NA,NA,NA,NA,wild,other,south america,argentina,arg,-34.6877265175387,-64.7468967526828,buenos aires,ar.ba,-36.6626557465889,-60.5480821834678,NA,NA,4_3_1_1_2_1_1_3,H5N1/2022/R7_NAmerica,2344b,2023-02-24,cluster003,FALSE
H5N1|2344b|EPI_ISL_18698487|unknown_avian|argentina|4_3_1_1_2_1_1_3|2023-02-24,H5N1,EPI_ISL_18698487,A/Avian/Argentina/586-4/2023,2023-02-24,2023-02,2023,avian other,unknown avian,NA,NA,NA,NA,wild,other,south america,argentina,arg,-34.6877265175387,-64.7468967526828,córdoba,ar.cb,-32.1223499660356,-63.8001999960292,NA,NA,4_3_1_1_2_1_1_3,H5N1/2022/R7_NAmerica,2344b,2023-02-24,cluster003,FALSE
H5N1|2344b|EPI_ISL_18698490|galliformes|argentina|4_3_1_1_2_1_1_3|2023-02-24,H5N1,EPI_ISL_18698490,A/Chicken/Argentina/588-4/2023,2023-02-24,2023-02,2023,galliformes,galliformes,NA,NA,NA,NA,domestic,galliformes-domestic,south america,argentina,arg,-34.6877265175387,-64.7468967526828,córdoba,ar.cb,-32.1223499660356,-63.8001999960292,NA,NA,4_3_1_1_2_1_1_3,H5N1/2022/R7_NAmerica,2344b,2023-02-24,cluster003,FALSE
H5N1|2344b|EPI_ISL_18698492|galliformes|argentina|4_3_1_1_2_1_1_3|2023-02-27,H5N1,EPI_ISL_18698492,A/Chicken/Argentina/606-1/2023,2023-02-27,2023-02,2023,galliformes,galliformes,NA,NA,NA,NA,domestic,galliformes-domestic,south america,argentina,arg,-34.6877265175387,-64.7468967526828,buenos aires,ar.ba,-36.6626557465889,-60.5480821834678,NA,NA,4_3_1_1_2_1_1_3,H5N1/2022/R7_NAmerica,2344b,2023-02-27,cluster003,FALSE
H5N1|2344b|EPI_ISL_18698494|galliformes|argentina|4_3_1_1_2_1_1_3|2023-03-03,H5N1,EPI_ISL_18698494,A/Chicken/Argentina/736-1/2023,2023-03-03,2023-03,2023,galliformes,galliformes,NA,NA,NA,NA,domestic,galliformes-domestic,south america,argentina,arg,-34.6877265175387,-64.7468967526828,buenos aires,ar.ba,-36.6626557465889,-60.5480821834678,NA,NA,4_3_1_1_2_1_1_3,H5N1/2022/R7_NAmerica,2344b,2023-03-03,cluster003,FALSE
H5N1|2344b|EPI_ISL_18698497|galliformes|argentina|4_3_1_1_2_1_1_3|2023-03-04,H5N1,EPI_ISL_18698497,A/Turkey/Argentina/753-1/2023,2023-03-04,2023-03,2023,galliformes,galliformes,NA,NA,NA,NA,domestic,galliformes-domestic,south america,argentina,arg,-34.6877265175387,-64.7468967526828,santa fe,ar.sf,-30.6720306872131,-60.9357621538365,NA,NA,4_3_1_1_2_1_1_3,H5N1/2022/R7_NAmerica,2344b,2023-03-04,cluster003,FALSE
H5N1|2344b|EPI_ISL_18698502|galliformes|argentina|4_3_1_1_2_1_1_3|2023-03-13,H5N1,EPI_ISL_18698502,A/Chicken/Argentina/919-3/2023,2023-03-13,2023-03,2023,galliformes,galliformes,NA,NA,NA,NA,domestic,galliformes-domestic,south america,argentina,arg,-34.6877265175387,-64.7468967526828,neuquén,ar.nq,-38.6247364397998,-70.1087540238136,NA,NA,4_3_1_1_2_1_1_3,H5N1/2022/R7_NAmerica,2344b,2023-03-13,cluster003,FALSE
H5N1|2344b|EPI_ISL_18698504|galliformes|argentina|4_3_1_1_2_1_1_3|2023-03-16,H5N1,EPI_ISL_18698504,A/Chicken/Argentina/1035-1/2023,2023-03-16,2023-03,2023,galliformes,galliformes,NA,NA,NA,NA,domestic,galliformes-domestic,south america,argentina,arg,-34.6877265175387,-64.7468967526828,la pampa,ar.lp,-37.1255727771995,-65.4470299288487,NA,NA,4_3_1_1_2_1_1_3,H5N1/2022/R7_NAmerica,2344b,2023-03-16,cluster003,FALSE
H5N1|2344b|EPI_ISL_18698505|galliformes|argentina|4_3_1_1_2_1_1_3|2023-03-21,H5N1,EPI_ISL_18698505,A/Chicken/Argentina/1147-2/2023,2023-03-21,2023-03,2023,galliformes,galliformes,NA,NA,NA,NA,domestic,galliformes-domestic,south america,argentina,arg,-34.6877265175387,-64.7468967526828,neuquén,ar.nq,-38.6247364397998,-70.1087540238136,NA,NA,4_3_1_1_2_1_1_3,H5N1/2022/R7_NAmerica,2344b,2023-03-21,cluster003,FALSE
H5N1|2344b|EPI_ISL_18698506|galliformes|argentina|4_3_1_1_2_1_1_3|2023-03-27,H5N1,EPI_ISL_18698506,A/Chicken/Argentina/1200-1/2023,2023-03-27,2023-03,2023,galliformes,galliformes,NA,NA,NA,NA,domestic,galliformes-domestic,south america,argentina,arg,-34.6877265175387,-64.7468967526828,santa fe,ar.sf,-30.6720306872131,-60.9357621538365,NA,NA,4_3_1_1_2_1_1_3,H5N1/2022/R7_NAmerica,2344b,2023-03-27,cluster003,FALSE
H5N1|2344b|EPI_ISL_18698507|galliformes|argentina|4_3_1_1_2_1_1_3|2023-03-31,H5N1,EPI_ISL_18698507,A/Chicken/Argentina/1340-2/2023,2023-03-31,2023-03,2023,galliformes,galliformes,NA,NA,NA,NA,domestic,galliformes-domestic,south america,argentina,arg,-34.6877265175387,-64.7468967526828,buenos aires,ar.ba,-36.6626557465889,-60.5480821834678,NA,NA,4_3_1_1_2_1_1_3,H5N1/2022/R7_NAmerica,2344b,2023-03-31,cluster003,FALSE
H5N1|2344b|EPI_ISL_18698508|galliformes|argentina|4_3_1_1_2_1_1_3|2023-03-31,H5N1,EPI_ISL_18698508,A/Turkey/Argentina/1348-3/2023,2023-03-31,2023-03,2023,galliformes,galliformes,NA,NA,NA,NA,domestic,galliformes-domestic,south america,argentina,arg,-34.6877265175387,-64.7468967526828,corrientes,ar.cn,-28.7729566425108,-57.7999491192661,NA,NA,4_3_1_1_2_1_1_3,H5N1/2022/R7_NAmerica,2344b,2023-03-31,cluster003,FALSE
H5N1|2344b|EPI_ISL_18698510|galliformes|argentina|4_3_1_1_2_1_1_3|2023-04-03,H5N1,EPI_ISL_18698510,A/Chicken/Argentina/1416-3/2023,2023-04-03,2023-04,2023,galliformes,galliformes,NA,NA,NA,NA,domestic,galliformes-domestic,south america,argentina,arg,-34.6877265175387,-64.7468967526828,río negro,ar.rn,-40.4108256408088,-67.2098045960294,NA,NA,4_3_1_1_2_1_1_3,H5N1/2022/R7_NAmerica,2344b,2023-04-03,cluster003,FALSE
H5N1|2344b|EPI_ISL_18698511|galliformes|argentina|4_3_1_1_2_1_1_3|2023-04-12,H5N1,EPI_ISL_18698511,A/Chicken/Argentina/1530-3/2023,2023-04-12,2023-04,2023,galliformes,galliformes,NA,NA,NA,NA,domestic,galliformes-domestic,south america,argentina,arg,-34.6877265175387,-64.7468967526828,chubut,ar.ch,-43.7868223025616,-68.511663809735,NA,NA,4_3_1_1_2_1_1_3,H5N1/2022/R7_NAmerica,2344b,2023-04-12,cluster003,FALSE
H5N1|2344b|EPI_ISL_18698512|galliformes|argentina|4_3_1_1_2_1_1_3|2023-04-19,H5N1,EPI_ISL_18698512,A/Chicken/Argentina/1708-1/2023,2023-04-19,2023-04,2023,galliformes,galliformes,NA,NA,NA,NA,domestic,galliformes-domestic,south america,argentina,arg,-34.6877265175387,-64.7468967526828,mendoza,ar.mz,-34.6107738098794,-68.5833000873727,NA,NA,4_3_1_1_2_1_1_3,H5N1/2022/R7_NAmerica,2344b,2023-04-19,cluster003,FALSE
H5N1|2344b|EPI_ISL_18698513|galliformes|argentina|4_3_1_1_2_1_1_3|2023-04-17,H5N1,EPI_ISL_18698513,A/Turkey/Argentina/1710-1/2023,2023-04-17,2023-04,2023,galliformes,galliformes,NA,NA,NA,NA,domestic,galliformes-domestic,south america,argentina,arg,-34.6877265175387,-64.7468967526828,santa cruz,ar.sc,-48.7713269135881,-69.8913370290236,NA,NA,4_3_1_1_2_1_1_3,H5N1/2022/R7_NAmerica,2344b,2023-04-17,cluster003,FALSE
H5N1|2344b|EPI_ISL_18698514|galliformes|argentina|4_3_1_1_2_1_1_3|2023-04-19,H5N1,EPI_ISL_18698514,A/Turkey/Argentina/1711-2/2023,2023-04-19,2023-04,2023,galliformes,galliformes,NA,NA,NA,NA,domestic,galliformes-domestic,south america,argentina,arg,-34.6877265175387,-64.7468967526828,chubut,ar.ch,-43.7868223025616,-68.511663809735,NA,NA,4_3_1_1_2_1_1_3,H5N1/2022/R7_NAmerica,2344b,2023-04-19,cluster003,FALSE
H5N1|2344b|EPI_ISL_18698515|anseriformes|argentina|4_3_1_1_2_1_1_3|2023-04-19,H5N1,EPI_ISL_18698515,A/Duck/Argentina/1712-5/2023,2023-04-19,2023-04,2023,anseriformes domestic,anseriformes,NA,NA,NA,NA,domestic,anseriformes-domestic,south america,argentina,arg,-34.6877265175387,-64.7468967526828,corrientes,ar.cn,-28.7729566425108,-57.7999491192661,NA,NA,4_3_1_1_2_1_1_3,H5N1/2022/R7_NAmerica,2344b,2023-04-19,cluster003,FALSE
H5N1|2344b|EPI_ISL_18698516|unknown_avian|argentina|4_3_1_1_2_1_1_3|2023-04-21,H5N1,EPI_ISL_18698516,A/Avian/Argentina/1762-2/2023,2023-04-21,2023-04,2023,avian other,unknown avian,NA,NA,NA,NA,wild,other,south america,argentina,arg,-34.6877265175387,-64.7468967526828,buenos aires,ar.ba,-36.6626557465889,-60.5480821834678,NA,NA,4_3_1_1_2_1_1_3,H5N1/2022/R7_NAmerica,2344b,2023-04-21,cluster003,FALSE
H5N1|2344b|EPI_ISL_18698517|unknown_avian|argentina|4_3_1_1_2_1_1_3|2023-04-24,H5N1,EPI_ISL_18698517,A/Avian/Argentina/1790-5/2023,2023-04-24,2023-04,2023,avian other,unknown avian,NA,NA,NA,NA,wild,other,south america,argentina,arg,-34.6877265175387,-64.7468967526828,neuquén,ar.nq,-38.6247364397998,-70.1087540238136,NA,NA,4_3_1_1_2_1_1_3,H5N1/2022/R7_NAmerica,2344b,2023-04-24,cluster003,FALSE
H5N1|2344b|EPI_ISL_18698518|galliformes|argentina|4_3_1_1_2_1_1_3|2023-05-01,H5N1,EPI_ISL_18698518,A/Chicken/Argentina/1976-2/2023,2023-05-01,2023-05,2023,galliformes,galliformes,NA,NA,NA,NA,domestic,galliformes-domestic,south america,argentina,arg,-34.6877265175387,-64.7468967526828,chaco,ar.cc,-26.3828503765305,-60.7777509441554,NA,NA,4_3_1_1_2_1_1_3,H5N1/2022/R7_NAmerica,2344b,2023-05-01,cluster003,FALSE
H5N1|2344b|EPI_ISL_18698519|galliformes|argentina|4_3_1_1_2_1_1_3|2023-05-04,H5N1,EPI_ISL_18698519,A/Chicken/Argentina/1984-4/2023,2023-05-04,2023-05,2023,galliformes,galliformes,NA,NA,NA,NA,domestic,galliformes-domestic,south america,argentina,arg,-34.6877265175387,-64.7468967526828,buenos aires,ar.ba,-36.6626557465889,-60.5480821834678,NA,NA,4_3_1_1_2_1_1_3,H5N1/2022/R7_NAmerica,2344b,2023-05-04,cluster003,FALSE
H5N1|2344b|EPI_ISL_18698520|galliformes|argentina|4_3_1_1_2_1_1_3|2023-05-05,H5N1,EPI_ISL_18698520,A/Chicken/Argentina/2034-5/2023,2023-05-05,2023-05,2023,galliformes,galliformes,NA,NA,NA,NA,domestic,galliformes-domestic,south america,argentina,arg,-34.6877265175387,-64.7468967526828,neuquén,ar.nq,-38.6247364397998,-70.1087540238136,NA,NA,4_3_1_1_2_1_1_3,H5N1/2022/R7_NAmerica,2344b,2023-05-05,cluster003,FALSE
H5N1|2344b|EPI_ISL_18698521|galliformes|argentina|4_3_1_1_2_1_1_3|2023-05-08,H5N1,EPI_ISL_18698521,A/Chicken/Argentina/2049-3/2023,2023-05-08,2023-05,2023,galliformes,galliformes,NA,NA,NA,NA,domestic,galliformes-domestic,south america,argentina,arg,-34.6877265175387,-64.7468967526828,buenos aires,ar.ba,-36.6626557465889,-60.5480821834678,NA,NA,4_3_1_1_2_1_1_3,H5N1/2022/R7_NAmerica,2344b,2023-05-08,cluster003,FALSE
H5N1|2344b|EPI_ISL_18698524|galliformes|argentina|4_3_1_1_2_1_1_3|2023-05-18,H5N1,EPI_ISL_18698524,A/Chicken/Argentina/2305-1/2023,2023-05-18,2023-05,2023,galliformes,galliformes,NA,NA,NA,NA,domestic,galliformes-domestic,south america,argentina,arg,-34.6877265175387,-64.7468967526828,entre ríos,ar.er,-32.0397430287849,-59.2023932092603,NA,NA,4_3_1_1_2_1_1_3,H5N1/2022/R7_NAmerica,2344b,2023-05-18,cluster003,FALSE
H5N1|2344b|EPI_ISL_18698525|galliformes|argentina|4_3_1_1_2_1_1_3|2023-05-18,H5N1,EPI_ISL_18698525,A/Chicken/Argentina/2305-6/2023,2023-05-18,2023-05,2023,galliformes,galliformes,NA,NA,NA,NA,domestic,galliformes-domestic,south america,argentina,arg,-34.6877265175387,-64.7468967526828,entre ríos,ar.er,-32.0397430287849,-59.2023932092603,NA,NA,4_3_1_1_2_1_1_3,H5N1/2022/R7_NAmerica,2344b,2023-05-18,cluster003,FALSE
H5N1|2344b|EPI_ISL_18698526|galliformes|argentina|4_3_1_1_2_1_1_3|2023-05-29,H5N1,EPI_ISL_18698526,A/Chicken/Argentina/2483-3/2023,2023-05-29,2023-05,2023,galliformes,galliformes,NA,NA,NA,NA,domestic,galliformes-domestic,south america,argentina,arg,-34.6877265175387,-64.7468967526828,entre ríos,ar.er,-32.0397430287849,-59.2023932092603,NA,NA,4_3_1_1_2_1_1_3,H5N1/2022/R7_NAmerica,2344b,2023-05-29,cluster003,FALSE
H5N1|2344b|EPI_ISL_18698527|galliformes|argentina|4_3_1_1_2_1_1_3|2023-06-13,H5N1,EPI_ISL_18698527,A/Chicken/Argentina/2796-2/2023,2023-06-13,2023-06,2023,galliformes,galliformes,NA,NA,NA,NA,domestic,galliformes-domestic,south america,argentina,arg,-34.6877265175387,-64.7468967526828,buenos aires,ar.ba,-36.6626557465889,-60.5480821834678,NA,NA,4_3_1_1_2_1_1_3,H5N1/2022/R7_NAmerica,2344b,2023-06-13,cluster003,FALSE
H5N1|2344b|EPI_ISL_18698528|galliformes|argentina|4_3_1_1_2_1_1_3|2023-07-06,H5N1,EPI_ISL_18698528,A/Chicken/Argentina/3346-1/2023,2023-07-06,2023-07,2023,galliformes,galliformes,NA,NA,NA,NA,domestic,galliformes-domestic,south america,argentina,arg,-34.6877265175387,-64.7468967526828,formosa,ar.fm,-24.8937176371018,-59.949649967252,NA,NA,4_3_1_1_2_1_1_3,H5N1/2022/R7_NAmerica,2344b,2023-07-06,cluster003,FALSE
H5N1|2344b|EPI_ISL_18698529|galliformes|argentina|4_3_1_1_2_1_1_3|2023-07-26,H5N1,EPI_ISL_18698529,A/Chicken/Argentina/3657-2/2023,2023-07-26,2023-07,2023,galliformes,galliformes,NA,NA,NA,NA,domestic,galliformes-domestic,south america,argentina,arg,-34.6877265175387,-64.7468967526828,salta,ar.sa,-24.2949333512188,-64.8055879616535,NA,NA,4_3_1_1_2_1_1_3,H5N1/2022/R7_NAmerica,2344b,2023-07-26,cluster003,FALSE
H5N1|2344b|EPI_ISL_18698530|galliformes|argentina|4_3_1_1_2_1_1_3|2023-07-27,H5N1,EPI_ISL_18698530,A/Chicken/Argentina/3695-3/2023,2023-07-27,2023-07,2023,galliformes,galliformes,NA,NA,NA,NA,domestic,galliformes-domestic,south america,argentina,arg,-34.6877265175387,-64.7468967526828,córdoba,ar.cb,-32.1223499660356,-63.8001999960292,NA,NA,4_3_1_1_2_1_1_3,H5N1/2022/R7_NAmerica,2344b,2023-07-27,cluster003,FALSE
H5N1|2344b|EPI_ISL_18698730|galliformes|argentina|4_3_1_1_2_1_1_3|2023-03-04,H5N1,EPI_ISL_18698730,A/Chicken/Argentina/747-1/2023,2023-03-04,2023-03,2023,galliformes,galliformes,NA,NA,NA,NA,domestic,galliformes-domestic,south america,argentina,arg,-34.6877265175387,-64.7468967526828,buenos aires,ar.ba,-36.6626557465889,-60.5480821834678,NA,NA,4_3_1_1_2_1_1_3,H5N1/2022/R7_NAmerica,2344b,2023-03-04,cluster003,FALSE
H5N1|2344b|EPI_ISL_18698731|galliformes|argentina|4_3_1_1_2_1_1_3|2023-03-09,H5N1,EPI_ISL_18698731,A/Chicken/Argentina/895-1/2023,2023-03-09,2023-03,2023,galliformes,galliformes,NA,NA,NA,NA,domestic,galliformes-domestic,south america,argentina,arg,-34.6877265175387,-64.7468967526828,san luis,ar.sl,-33.7527938244466,-66.0339496041068,NA,NA,4_3_1_1_2_1_1_3,H5N1/2022/R7_NAmerica,2344b,2023-03-09,cluster003,FALSE
H5N1|2344b|EPI_ISL_18698732|galliformes|argentina|4_3_1_1_2_1_1_3|2023-05-03,H5N1,EPI_ISL_18698732,A/Chicken/Argentina/2016-2/2023,2023-05-03,2023-05,2023,galliformes,galliformes,NA,NA,NA,NA,domestic,galliformes-domestic,south america,argentina,arg,-34.6877265175387,-64.7468967526828,formosa,ar.fm,-24.8937176371018,-59.949649967252,NA,NA,4_3_1_1_2_1_1_3,H5N1/2022/R7_NAmerica,2344b,2023-05-03,cluster003,FALSE
H5N1|2344b|EPI_ISL_18054500|suliformes|peru|4_3_1_1_2_1_1_3|2022-11-24,H5N1,EPI_ISL_18054500,A/guanay cormorant/Peru/PIU-024/2022,2022-11-24,2022-11,2022,avian other,suliformes,NA,NA,NA,NA,wild,other,south america,peru,per,-9.12690950582405,-74.3967035676846,NA,NA,NA,NA,NA,NA,4_3_1_1_2_1_1_3,H5N1/2022/R7_NAmerica,2344b,2022-11-24,cluster003,FALSE
H5N1|2344b|EPI_ISL_18054501|charadriiformes|peru|4_3_1_1_2_1_1_3|2022-11-22,H5N1,EPI_ISL_18054501,A/sanderling/Peru/PIU-005/2022,2022-11-22,2022-11,2022,Aves,charadriiformes,scolopacidae,calidris alba,sanderling,TRUE,wild,charadriiformes-wild,south america,peru,per,-9.12690950582405,-74.3967035676846,NA,NA,NA,NA,NA,NA,4_3_1_1_2_1_1_3,H5N1/2022/R7_NAmerica,2344b,2022-11-22,cluster003,FALSE
H5N1|2344b|EPI_ISL_18054502|mammal|peru|4_3_1_1_2_1_1_3|2023-01-23,H5N1,EPI_ISL_18054502,A/Sea Lion/Peru/LIM-SER036/2023,2023-01-23,2023-01,2023,mammal,mammal,NA,NA,NA,NA,wild,mammal,south america,peru,per,-9.12690950582405,-74.3967035676846,NA,NA,NA,NA,NA,NA,4_3_1_1_2_1_1_3,H5N1/2022/R7_NAmerica,2344b,2023-01-23,cluster003,FALSE
H5N1|2344b|EPI_ISL_18054503|mammal|peru|4_3_1_1_2_1_1_3|2022-11-22,H5N1,EPI_ISL_18054503,A/dolphin/Peru/PIU-002/2022,2022-11-22,2022-11,2022,mammal,mammal,NA,NA,NA,NA,wild,mammal,south america,peru,per,-9.12690950582405,-74.3967035676846,NA,NA,NA,NA,NA,NA,4_3_1_1_2_1_1_3,H5N1/2022/R7_NAmerica,2344b,2022-11-22,cluster003,FALSE
H5N1|2344b|EPI_ISL_18054506|pelecaniformes|peru|4_3_1_1_2_1_1_3|2022-11-24,H5N1,EPI_ISL_18054506,A/pelican/Peru/PIU-019/2022,2022-11-24,2022-11,2022,avian other,pelecaniformes,NA,NA,NA,NA,wild,other,south america,peru,per,-9.12690950582405,-74.3967035676846,NA,NA,NA,NA,NA,NA,4_3_1_1_2_1_1_3,H5N1/2022/R7_NAmerica,2344b,2022-11-24,cluster003,FALSE
H5N1|2344b|EPI_ISL_18054507|pelecaniformes|peru|4_3_1_1_2_1_1_3|2022-11-24,H5N1,EPI_ISL_18054507,A/pelican/Peru/PIU-028/2022,2022-11-24,2022-11,2022,Aves,pelecaniformes,pelecanidae,pelecanus sp.,pelican sp.,TRUE,wild,other,south america,peru,per,-9.12690950582405,-74.3967035676846,NA,NA,NA,NA,NA,NA,4_3_1_1_2_1_1_3,H5N1/2022/R7_NAmerica,2344b,2022-11-24,cluster003,FALSE
H5N1|2344b|EPI_ISL_18054509|mammal|peru|4_3_1_1_2_1_1_3|2023-02-07,H5N1,EPI_ISL_18054509,A/sea lion/Peru/AQP-SER00K/2023,2023-02-07,2023-02,2023,mammal,mammal,NA,NA,NA,NA,wild,mammal,south america,peru,per,-9.12690950582405,-74.3967035676846,NA,NA,NA,NA,NA,NA,4_3_1_1_2_1_1_3,H5N1/2022/R7_NAmerica,2344b,2023-02-07,cluster003,FALSE
H5N1|2344b|EPI_ISL_18265321|mammal|peru|4_3_1_1_2_1_1_3|2023-02-07,H5N1,EPI_ISL_18265321,A/south american sea lion/Peru/AQP-SER00K/2023,2023-02-07,2023-02,2023,mammal,mammal,NA,NA,NA,NA,wild,mammal,south america,peru,per,-9.12690950582405,-74.3967035676846,NA,NA,NA,NA,NA,NA,4_3_1_1_2_1_1_3,H5N1/2022/R7_NAmerica,2344b,2023-02-07,cluster003,FALSE
H5N1|2344b|EPI_ISL_18265430|mammal|peru|4_3_1_1_2_1_1_3|2023-01-23,H5N1,EPI_ISL_18265430,A/South American Sea Lion/Peru/LIM-SER036/2023,2023-01-23,2023-01,2023,mammal,mammal,NA,NA,NA,NA,wild,mammal,south america,peru,per,-9.12690950582405,-74.3967035676846,NA,NA,NA,NA,NA,NA,4_3_1_1_2_1_1_3,H5N1/2022/R7_NAmerica,2344b,2023-01-23,cluster003,FALSE
H5N1|2344b|EPI_ISL_18265431|mammal|peru|4_3_1_1_2_1_1_3|2022-11-22,H5N1,EPI_ISL_18265431,A/dolphin/Peru/PIU-SER002/2022,2022-11-22,2022-11,2022,mammal,mammal,NA,NA,NA,NA,wild,mammal,south america,peru,per,-9.12690950582405,-74.3967035676846,NA,NA,NA,NA,NA,NA,4_3_1_1_2_1_1_3,H5N1/2022/R7_NAmerica,2344b,2022-11-22,cluster003,FALSE
H5N1|2344b|EPI_ISL_18265432|charadriiformes|peru|4_3_1_1_2_1_1_3|2022-11-22,H5N1,EPI_ISL_18265432,A/Sanderling/Peru/PIU-SER005/2022,2022-11-22,2022-11,2022,Aves,charadriiformes,scolopacidae,calidris alba,sanderling,TRUE,wild,charadriiformes-wild,south america,peru,per,-9.12690950582405,-74.3967035676846,NA,NA,NA,NA,NA,NA,4_3_1_1_2_1_1_3,H5N1/2022/R7_NAmerica,2344b,2022-11-22,cluster003,FALSE
H5N1|2344b|EPI_ISL_18265434|suliformes|peru|4_3_1_1_2_1_1_3|2022-11-24,H5N1,EPI_ISL_18265434,A/Guanay cormorant/Peru/PIU-SER024/2022,2022-11-24,2022-11,2022,avian other,suliformes,NA,NA,NA,NA,wild,other,south america,peru,per,-9.12690950582405,-74.3967035676846,NA,NA,NA,NA,NA,NA,4_3_1_1_2_1_1_3,H5N1/2022/R7_NAmerica,2344b,2022-11-24,cluster003,FALSE
H5N1|2344b|EPI_ISL_18265435|pelecaniformes|peru|4_3_1_1_2_1_1_3|2022-11-24,H5N1,EPI_ISL_18265435,A/pelican/Peru/PIU-SER019/2022,2022-11-24,2022-11,2022,avian other,pelecaniformes,NA,NA,NA,NA,wild,other,south america,peru,per,-9.12690950582405,-74.3967035676846,NA,NA,NA,NA,NA,NA,4_3_1_1_2_1_1_3,H5N1/2022/R7_NAmerica,2344b,2022-11-24,cluster003,FALSE
H5N1|2344b|EPI_ISL_18265436|pelecaniformes|peru|4_3_1_1_2_1_1_3|2022-11-24,H5N1,EPI_ISL_18265436,A/pelican/Peru/PIU-SER028/2022,2022-11-24,2022-11,2022,Aves,pelecaniformes,pelecanidae,pelecanus sp.,pelican sp.,TRUE,wild,other,south america,peru,per,-9.12690950582405,-74.3967035676846,NA,NA,NA,NA,NA,NA,4_3_1_1_2_1_1_3,H5N1/2022/R7_NAmerica,2344b,2022-11-24,cluster003,FALSE
H5N1|2344b|EPI_ISL_18265437|pelecaniformes|peru|4_3_1_1_2_1_1_3|2022-11-24,H5N1,EPI_ISL_18265437,A/pelican/Peru/PIU-SER016/2022,2022-11-24,2022-11,2022,avian other,pelecaniformes,NA,NA,NA,NA,wild,other,south america,peru,per,-9.12690950582405,-74.3967035676846,NA,NA,NA,NA,NA,NA,4_3_1_1_2_1_1_3,H5N1/2022/R7_NAmerica,2344b,2022-11-24,cluster003,FALSE
H5N1|2344b|EPI_ISL_18371664|charadriiformes|peru|4_3_1_1_2_1_1_3|2022-12,H5N1,EPI_ISL_18371664,A/Belcher gull/Peru/UNMSM-A267/2022,NA,2022-12,2022,charadriiformes,charadriiformes,NA,NA,NA,NA,wild,charadriiformes-wild,south america,peru,per,-9.12690950582405,-74.3967035676846,NA,NA,NA,NA,NA,NA,4_3_1_1_2_1_1_3,H5N1/2022/R7_NAmerica,2344b,2022-12,cluster003,FALSE
H5N1|2344b|EPI_ISL_18371666|suliformes|peru|4_3_1_1_2_1_1_3|2022-12,H5N1,EPI_ISL_18371666,A/Peruvian booby/Peru/UNMSM-A296/2022,NA,2022-12,2022,avian other,suliformes,NA,NA,NA,NA,wild,other,south america,peru,per,-9.12690950582405,-74.3967035676846,NA,NA,NA,NA,NA,NA,4_3_1_1_2_1_1_3,H5N1/2022/R7_NAmerica,2344b,2022-12,cluster003,FALSE
H5N1|2344b|EPI_ISL_18439562|charadriiformes|united_states|4_3_1_1_2_1_1_3|2023-10-08,H5N1,EPI_ISL_18439562,A/Brown_skua/Bird_Island/128287/2023,2023-10-08,2023-10,2023,charadriiformes,charadriiformes,NA,NA,NA,NA,wild,charadriiformes-wild,northern america,united states,usa,44.75294654392,-103.651025114044,georgia,us.ga,32.6403385373358,-83.4405725551842,NA,NA,4_3_1_1_2_1_1_3,H5N1/2022/R7_NAmerica,2344b,2023-10-08,cluster003,FALSE
H5N1|2344b|EPI_ISL_18439563|charadriiformes|united_states|4_3_1_1_2_1_1_3|2023-10-08,H5N1,EPI_ISL_18439563,A/Brown_skua/Bird_Island/128288/2023,2023-10-08,2023-10,2023,charadriiformes,charadriiformes,NA,NA,NA,NA,wild,charadriiformes-wild,northern america,united states,usa,44.75294654392,-103.651025114044,georgia,us.ga,32.6403385373358,-83.4405725551842,NA,NA,4_3_1_1_2_1_1_3,H5N1/2022/R7_NAmerica,2344b,2023-10-08,cluster003,FALSE
H5N1|2344b|EPI_ISL_18439564|charadriiformes|united_states|4_3_1_1_2_1_1_3|2023-10-08,H5N1,EPI_ISL_18439564,A/Brown_skua/Bird_Island/128289/2023,2023-10-08,2023-10,2023,charadriiformes,charadriiformes,NA,NA,NA,NA,wild,charadriiformes-wild,northern america,united states,usa,44.75294654392,-103.651025114044,georgia,us.ga,32.6403385373358,-83.4405725551842,NA,NA,4_3_1_1_2_1_1_3,H5N1/2022/R7_NAmerica,2344b,2023-10-08,cluster003,FALSE
H5N1|2344b|EPI_ISL_18698754|mammal|argentina|4_3_1_1_2_1_1_3|2023-08-08,H5N1,EPI_ISL_18698754,A/Sea Lion/Argentina/3849-4/2023,2023-08-08,2023-08,2023,mammal,mammal,NA,NA,NA,NA,wild,mammal,south america,argentina,arg,-34.6877265175387,-64.7468967526828,tierra del fuego,ar.tf,-54.3319371060893,-67.4125966256164,NA,NA,4_3_1_1_2_1_1_3,H5N1/2022/R7_NAmerica,2344b,2023-08-08,cluster003,FALSE
H5N1|2344b|EPI_ISL_18698755|mammal|argentina|4_3_1_1_2_1_1_3|2023-08-11,H5N1,EPI_ISL_18698755,A/Sea Lion/Argentina/3893-1/2023,2023-08-11,2023-08,2023,mammal,mammal,NA,NA,NA,NA,wild,mammal,south america,argentina,arg,-34.6877265175387,-64.7468967526828,río negro,ar.rn,-40.4108256408088,-67.2098045960294,NA,NA,4_3_1_1_2_1_1_3,H5N1/2022/R7_NAmerica,2344b,2023-08-11,cluster003,FALSE
H5N1|2344b|EPI_ISL_18939722|charadriiformes|chile|4_3_1_1_2_1_1_3|2023-02-12,H5N1,EPI_ISL_18939722,A/Franklin's gull/OHiggins/236195-1/2023,2023-02-12,2023-02,2023,charadriiformes,charadriiformes,NA,NA,NA,NA,wild,charadriiformes-wild,south america,chile,chl,-36.352932692973,-71.0631434301439,libertador general bernardo o'hi,cl.li,-34.4357789812144,-71.0464648196043,NA,NA,4_3_1_1_2_1_1_3,H5N1/2022/R7_NAmerica,2344b,2023-02-12,cluster003,FALSE
H5N1|2344b|EPI_ISL_18975372|suliformes|brazil|4_3_1_1_2_1_1_3|2023-07-25,H5N1,EPI_ISL_18975372,A/Sula_leucogaster/Brazil-PR/A0001-IBTEC,2023-07-25,2023-07,2023,avian other,suliformes,NA,NA,NA,NA,wild,other,south america,brazil,bra,-10.6270293883904,-53.1872965549782,paraná,br.pr,-24.6354542918816,-51.619585090531,NA,NA,4_3_1_1_2_1_1_3,H5N1/2022/R7_NAmerica,2344b,2023-07-25,cluster003,FALSE
H5N1|NA|EPI_ISL_16854395|pelecaniformes|venezuela|NA|2022-11-25,H5N1,EPI_ISL_16854395,A/Pelecanus_occidentalis/Venezuela/3S2/2022,2022-11-25,2022-11,2022,Aves,pelecaniformes,pelecanidae,pelecanus sp.,pelican sp.,TRUE,wild,other,south america,venezuela,ven,7.13172612392755,-66.1349690012146,NA,NA,NA,NA,NA,NA,NA,NA,2344b,2022-11-25,clusterNA,FALSE
H5N1|NA|EPI_ISL_16631973|pelecaniformes|venezuela|NA|2022-12-12,H5N1,EPI_ISL_16631973,A/Pelican/Venezuela/Inf9/2022,2022-12-12,2022-12,2022,Aves,pelecaniformes,pelecanidae,pelecanus sp.,pelican sp.,TRUE,wild,other,south america,venezuela,ven,7.13172612392755,-66.1349690012146,NA,NA,NA,NA,NA,NA,NA,NA,2344b,2022-12-12,clusterNA,FALSE
H5N1|2344b|EPI_ISL_18107018|anseriformes|united_states|5_1_1_1_2_1_1_3|2022-09-22,H5N1,EPI_ISL_18107018,A/blue_winged_teal/Louisiana/CEIRR-4050/2022,2022-09-22,2022-09,2022,Aves,anseriformes,anatidae,spatula discors,blue-winged teal,TRUE,wild,anseriformes-wild,northern america,united states,usa,44.75294654392,-103.651025114044,louisiana,us.la,31.0706065513525,-91.9998874220998,NA,NA,5_1_1_1_2_1_1_3,H5N1/2022/R19_NAmerica,2344b,2022-09-22,cluster001,FALSE
H5N1|2344b|EPI_ISL_18107047|anseriformes|united_states|2_1_1_1_1_1_1_1|2022-01-25,H5N1,EPI_ISL_18107047,A/mallard_duck/Tennessee/CEIRR-293/2022,2022-01-25,2022-01,2022,Aves,anseriformes,anatidae,anas platyrhynchos,mallard,TRUE,wild,anseriformes-wild,northern america,united states,usa,44.75294654392,-103.651025114044,tennessee,us.tn,35.859232079721,-86.3497234635721,NA,NA,2_1_1_1_1_1_1_1,H5N1/2020/R1_Europe,2344b,2022-01-25,cluster001,FALSE
H5N1|2344b|EPI_ISL_18107041|anseriformes|united_states|2_1_1_1_1_1_1_1|2022-01-25,H5N1,EPI_ISL_18107041,A/mallard_duck/Tennessee/CEIRR-290/2022,2022-01-25,2022-01,2022,Aves,anseriformes,anatidae,anas platyrhynchos,mallard,TRUE,wild,anseriformes-wild,northern america,united states,usa,44.75294654392,-103.651025114044,tennessee,us.tn,35.859232079721,-86.3497234635721,NA,NA,2_1_1_1_1_1_1_1,H5N1/2020/R1_Europe,2344b,2022-01-25,cluster001,FALSE
H5N1|2344b|EPI_ISL_18107035|anseriformes|united_states|2_1_1_1_1_1_1_1|2022-01-25,H5N1,EPI_ISL_18107035,A/mallard_duck/Tennessee/CEIRR-288/2022,2022-01-25,2022-01,2022,Aves,anseriformes,anatidae,anas platyrhynchos,mallard,TRUE,wild,anseriformes-wild,northern america,united states,usa,44.75294654392,-103.651025114044,tennessee,us.tn,35.859232079721,-86.3497234635721,NA,NA,2_1_1_1_1_1_1_1,H5N1/2020/R1_Europe,2344b,2022-01-25,cluster001,FALSE
H5N1|2344b|EPI_ISL_18107021|anseriformes|united_states|2_1_1_1_1_1_1_1|2022-01-25,H5N1,EPI_ISL_18107021,A/gadwall_duck/Tennessee/CEIRR-296/2022,2022-01-25,2022-01,2022,Aves,anseriformes,anatidae,mareca strepera,gadwall,TRUE,wild,anseriformes-wild,northern america,united states,usa,44.75294654392,-103.651025114044,tennessee,us.tn,35.859232079721,-86.3497234635721,NA,NA,2_1_1_1_1_1_1_1,H5N1/2020/R1_Europe,2344b,2022-01-25,cluster001,FALSE
H5N1|2344b|EPI_ISL_18107020|anseriformes|united_states|2_1_1_1_1_1_1_1|2022-01-25,H5N1,EPI_ISL_18107020,A/gadwall_duck/Tennessee/CEIRR-295/2022,2022-01-25,2022-01,2022,Aves,anseriformes,anatidae,mareca strepera,gadwall,TRUE,wild,anseriformes-wild,northern america,united states,usa,44.75294654392,-103.651025114044,tennessee,us.tn,35.859232079721,-86.3497234635721,NA,NA,2_1_1_1_1_1_1_1,H5N1/2020/R1_Europe,2344b,2022-01-25,cluster001,FALSE
H5N1|2344b|EPI_ISL_18107046|anseriformes|united_states|2_1_1_1_1_1_1_1|2022-01-25,H5N1,EPI_ISL_18107046,A/mallard_duck/Tennessee/CEIRR-291/2022,2022-01-25,2022-01,2022,Aves,anseriformes,anatidae,anas platyrhynchos,mallard,TRUE,wild,anseriformes-wild,northern america,united states,usa,44.75294654392,-103.651025114044,tennessee,us.tn,35.859232079721,-86.3497234635721,NA,NA,2_1_1_1_1_1_1_1,H5N1/2020/R1_Europe,2344b,2022-01-25,cluster001,FALSE
H5N1|2344b|EPI_ISL_18107055|anseriformes|united_states|2_1_1_1_1_1_1_1|2022-01-30,H5N1,EPI_ISL_18107055,A/american_wigeon/Tennessee/CEIRR-301/2022,2022-01-30,2022-01,2022,Aves,anseriformes,anatidae,mareca americana,american wigeon,TRUE,wild,anseriformes-wild,northern america,united states,usa,44.75294654392,-103.651025114044,tennessee,us.tn,35.859232079721,-86.3497234635721,NA,NA,2_1_1_1_1_1_1_1,H5N1/2020/R1_Europe,2344b,2022-01-30,cluster001,FALSE
H5N1|2344b|EPI_ISL_18107030|anseriformes|united_states|2_1_1_1_1_1_1_1|2022-01-25,H5N1,EPI_ISL_18107030,A/mallard_duck/Tennessee/CEIRR-287/2022,2022-01-25,2022-01,2022,Aves,anseriformes,anatidae,anas platyrhynchos,mallard,TRUE,wild,anseriformes-wild,northern america,united states,usa,44.75294654392,-103.651025114044,tennessee,us.tn,35.859232079721,-86.3497234635721,NA,NA,2_1_1_1_1_1_1_1,H5N1/2020/R1_Europe,2344b,2022-01-25,cluster001,FALSE
H5N1|NA|EPI_ISL_17885929|pelecaniformes|chile|NA|2022-12-18,H5N1,EPI_ISL_17885929,A/pelican/Antofagasta/228272-1/2022,2022-12-18,2022-12,2022,Aves,pelecaniformes,pelecanidae,pelecanus sp.,pelican sp.,TRUE,wild,other,south america,chile,chl,-36.352932692973,-71.0631434301439,antofagasta,cl.an,-23.5276504572593,-69.1155261199782,NA,NA,NA,NA,2344b,2022-12-18,clusterNA,FALSE
H5N1|NA|EPI_ISL_17885921|pelecaniformes|chile|NA|2023-01-09,H5N1,EPI_ISL_17885921,A/pelican/Maule/231155-2/2023,2023-01-09,2023-01,2023,Aves,pelecaniformes,pelecanidae,pelecanus sp.,pelican sp.,TRUE,wild,other,south america,chile,chl,-36.352932692973,-71.0631434301439,maule,cl.ml,-35.6204383329149,-71.4454635697529,NA,NA,NA,NA,2344b,2023-01-09,clusterNA,FALSE
H5N1|NA|EPI_ISL_17885925|pelecaniformes|chile|NA|2022-12-30,H5N1,EPI_ISL_17885925,A/pelican/Atacama/230158-1/2022,2022-12-30,2022-12,2022,Aves,pelecaniformes,pelecanidae,pelecanus sp.,pelican sp.,TRUE,wild,other,south america,chile,chl,-36.352932692973,-71.0631434301439,atacama,cl.at,-27.3880384326825,-69.902133937498,NA,NA,NA,NA,2344b,2022-12-30,clusterNA,FALSE
H5N1|NA|EPI_ISL_17885969|pelecaniformes|chile|NA|2022-12-20,H5N1,EPI_ISL_17885969,A/heron/Antofagasta/228705-3/2022,2022-12-20,2022-12,2022,Aves,pelecaniformes,ardeidae,ardeidae sp.,heron sp.,TRUE,wild,other,south america,chile,chl,-36.352932692973,-71.0631434301439,antofagasta,cl.an,-23.5276504572593,-69.1155261199782,NA,NA,NA,NA,2344b,2022-12-20,clusterNA,FALSE
H5N1|2344b|EPI_ISL_18107069|anseriformes|united_states|5_4_9_1_2_1_1_1|2022-09-15,H5N1,EPI_ISL_18107069,A/redhead_duck/Minnesota/CEIRR-4003/2022,2022-09-15,2022-09,2022,Aves,anseriformes,anatidae,aythya americana,redhead,TRUE,wild,anseriformes-wild,northern america,united states,usa,44.75294654392,-103.651025114044,minnesota,us.mn,46.3193148536411,-94.1968042401401,NA,NA,5_4_9_1_2_1_1_1,H5N1/2022/R29_NAmerica,2344b,2022-09-15,cluster004,FALSE
H5N1|2344b|EPI_ISL_18107023|anseriformes|united_states|5_4_9_1_2_1_1_1|2022-09-17,H5N1,EPI_ISL_18107023,A/green_winged_teal/Minnesota/CEIRR-3856/2022,2022-09-17,2022-09,2022,Aves,anseriformes,anatidae,anas crecca,green-winged teal,TRUE,wild,anseriformes-wild,northern america,united states,usa,44.75294654392,-103.651025114044,minnesota,us.mn,46.3193148536411,-94.1968042401401,NA,NA,5_4_9_1_2_1_1_1,H5N1/2022/R29_NAmerica,2344b,2022-09-17,cluster004,FALSE
H5N1|2344b|EPI_ISL_18107045|anseriformes|united_states|5_4_9_1_2_1_1_1|2022-09-19,H5N1,EPI_ISL_18107045,A/redhead_duck/Minnesota/CEIRR-4017/2022,2022-09-19,2022-09,2022,Aves,anseriformes,anatidae,aythya americana,redhead,TRUE,wild,anseriformes-wild,northern america,united states,usa,44.75294654392,-103.651025114044,minnesota,us.mn,46.3193148536411,-94.1968042401401,NA,NA,5_4_9_1_2_1_1_1,H5N1/2022/R29_NAmerica,2344b,2022-09-19,cluster004,FALSE
H5N1|2344b|EPI_ISL_18107024|anseriformes|united_states|5_4_9_1_2_1_1_1|2022-09-17,H5N1,EPI_ISL_18107024,A/green_winged_teal/Minnesota/CEIRR-4011/2022,2022-09-17,2022-09,2022,Aves,anseriformes,anatidae,anas crecca,green-winged teal,TRUE,wild,anseriformes-wild,northern america,united states,usa,44.75294654392,-103.651025114044,minnesota,us.mn,46.3193148536411,-94.1968042401401,NA,NA,5_4_9_1_2_1_1_1,H5N1/2022/R29_NAmerica,2344b,2022-09-17,cluster004,FALSE
H5N1|2344b|EPI_ISL_17851860|galliformes|united_states|5_4_9_1_2_1_1_1|2022-08-31,H5N1,EPI_ISL_17851860,A/silver_pheasant/Ohio/OH22-20552/2022,2022-08-31,2022-08,2022,Aves,galliformes,phasianidae,lophura nycthemera,silver pheasant,TRUE,wild,galliformes-wild,northern america,united states,usa,44.75294654392,-103.651025114044,ohio,us.oh,40.470536265191,-82.6389467524245,NA,NA,5_4_9_1_2_1_1_1,H5N1/2022/R29_NAmerica,2344b,2022-08-31,cluster004,FALSE
H5N1|2344b|EPI_ISL_17851873|galliformes|united_states|5_4_9_1_2_1_1_1|2022-09-12,H5N1,EPI_ISL_17851873,A/chicken/Ohio/OH22-21172-2/2022,2022-09-12,2022-09,2022,Aves,galliformes,phasianidae,gallus gallus (domestic type),red junglefowl (domestic type),TRUE,domestic,galliformes-domestic,northern america,united states,usa,44.75294654392,-103.651025114044,ohio,us.oh,40.470536265191,-82.6389467524245,NA,NA,5_4_9_1_2_1_1_1,H5N1/2022/R29_NAmerica,2344b,2022-09-12,cluster004,FALSE
H5N1|2344b|EPI_ISL_17851854|galliformes|united_states|5_4_9_1_2_1_1_1|2022-09-12,H5N1,EPI_ISL_17851854,A/turkey/Ohio/OH22-21172-1/2022,2022-09-12,2022-09,2022,Aves,galliformes,phasianidae,meleagris gallopavo (domestic type),wild turkey (domestic type),TRUE,domestic,galliformes-domestic,northern america,united states,usa,44.75294654392,-103.651025114044,ohio,us.oh,40.470536265191,-82.6389467524245,NA,NA,5_4_9_1_2_1_1_1,H5N1/2022/R29_NAmerica,2344b,2022-09-12,cluster004,FALSE
H5N1|2344b|EPI_ISL_17851850|anseriformes|united_states|5_4_9_1_2_1_1_1|2022-08-31,H5N1,EPI_ISL_17851850,A/duck/Ohio/OH22-20551/2022,2022-08-31,2022-08,2022,Aves,anseriformes,anatidae,anatidae (duck sp.),duck sp.,TRUE,wild,anseriformes-wild,northern america,united states,usa,44.75294654392,-103.651025114044,ohio,us.oh,40.470536265191,-82.6389467524245,NA,NA,5_4_9_1_2_1_1_1,H5N1/2022/R29_NAmerica,2344b,2022-08-31,cluster004,FALSE
H5N1|2344b|EPI_ISL_17851876|galliformes|united_states|5_4_9_1_2_1_1_1|2022-11-03,H5N1,EPI_ISL_17851876,A/chicken/Ohio/OH22-26275-1/2022,2022-11-03,2022-11,2022,Aves,galliformes,phasianidae,gallus gallus (domestic type),red junglefowl (domestic type),TRUE,domestic,galliformes-domestic,northern america,united states,usa,44.75294654392,-103.651025114044,ohio,us.oh,40.470536265191,-82.6389467524245,NA,NA,5_4_9_1_2_1_1_1,H5N1/2022/R29_NAmerica,2344b,2022-11-03,cluster004,FALSE
H5N1|2344b|EPI_ISL_17851903|galliformes|united_states|5_4_9_1_2_1_1_1|2022-11-03,H5N1,EPI_ISL_17851903,A/chicken/Ohio/OH22-26275-3/2022,2022-11-03,2022-11,2022,Aves,galliformes,phasianidae,gallus gallus (domestic type),red junglefowl (domestic type),TRUE,domestic,galliformes-domestic,northern america,united states,usa,44.75294654392,-103.651025114044,ohio,us.oh,40.470536265191,-82.6389467524245,NA,NA,5_4_9_1_2_1_1_1,H5N1/2022/R29_NAmerica,2344b,2022-11-03,cluster004,FALSE
H5N1|2344b|EPI_ISL_17851880|galliformes|united_states|5_4_9_1_2_1_1_1|2022-11-03,H5N1,EPI_ISL_17851880,A/chicken/Ohio/OH22-26275-2/2022,2022-11-03,2022-11,2022,Aves,galliformes,phasianidae,gallus gallus (domestic type),red junglefowl (domestic type),TRUE,domestic,galliformes-domestic,northern america,united states,usa,44.75294654392,-103.651025114044,ohio,us.oh,40.470536265191,-82.6389467524245,NA,NA,5_4_9_1_2_1_1_1,H5N1/2022/R29_NAmerica,2344b,2022-11-03,cluster004,FALSE
H3N8|NA|EPI_ISL_16215780|anseriformes|canada|NA|2022-08-22,H3N8,EPI_ISL_16215780,A/Mallard/Alberta/357/2022,2022-08-22,2022-08,2022,Aves,anseriformes,anatidae,anas platyrhynchos,mallard,TRUE,wild,anseriformes-wild,northern america,canada,can,60.4247452861293,-96.5129185126773,alberta,ca.ab,54.9859148218572,-114.405475342745,NA,NA,NA,NA,2344b,2022-08-22,cluster004,FALSE
H5N1|2344b|EPI_ISL_17394090|anseriformes|canada|5_4_9_1_2_1_1_1|2022-08-19,H5N1,EPI_ISL_17394090,A/Blue_Winged_teal/MB/FAV-0913/2022,2022-08-19,2022-08,2022,Aves,anseriformes,anatidae,spatula discors,blue-winged teal,TRUE,wild,anseriformes-wild,northern america,canada,can,60.4247452861293,-96.5129185126773,manitoba,ca.mb,54.7409130620601,-97.4886310680955,NA,NA,5_4_9_1_2_1_1_1,H5N1/2022/R29_NAmerica,2344b,2022-08-19,cluster004,FALSE
H3N8|NA|EPI_ISL_16919035|anseriformes|canada|NA|2022-08-20,H3N8,EPI_ISL_16919035,A/Mallard/Alberta/56/2022,2022-08-20,2022-08,2022,Aves,anseriformes,anatidae,anas platyrhynchos,mallard,TRUE,wild,anseriformes-wild,northern america,canada,can,60.4247452861293,-96.5129185126773,alberta,ca.ab,54.9859148218572,-114.405475342745,NA,NA,NA,NA,NA,2022-08-20,clusterNA,FALSE
H4N6|NA|EPI_ISL_16215976|anseriformes|canada|NA|2022-08-23,H4N6,EPI_ISL_16215976,A/Northern_Pintail/Alberta/516/2022,2022-08-23,2022-08,2022,Aves,anseriformes,anatidae,anas acuta,northern pintail,TRUE,wild,anseriformes-wild,northern america,canada,can,60.4247452861293,-96.5129185126773,alberta,ca.ab,54.9859148218572,-114.405475342745,NA,NA,NA,NA,NA,2022-08-23,clusterNA,FALSE
H3N8|NA|EPI_ISL_16215776|anseriformes|canada|NA|2022-08-22,H3N8,EPI_ISL_16215776,A/Mallard/Alberta/361/2022,2022-08-22,2022-08,2022,Aves,anseriformes,anatidae,anas platyrhynchos,mallard,TRUE,wild,anseriformes-wild,northern america,canada,can,60.4247452861293,-96.5129185126773,alberta,ca.ab,54.9859148218572,-114.405475342745,NA,NA,NA,NA,NA,2022-08-22,clusterNA,FALSE
H3N8|NA|EPI_ISL_16215775|anseriformes|canada|NA|2022-08-22,H3N8,EPI_ISL_16215775,A/Mallard/Alberta/362/2022,2022-08-22,2022-08,2022,Aves,anseriformes,anatidae,anas platyrhynchos,mallard,TRUE,wild,anseriformes-wild,northern america,canada,can,60.4247452861293,-96.5129185126773,alberta,ca.ab,54.9859148218572,-114.405475342745,NA,NA,NA,NA,NA,2022-08-22,clusterNA,FALSE
H3N8|NA|EPI_ISL_16215766|anseriformes|canada|NA|2022-08-22,H3N8,EPI_ISL_16215766,A/Mallard/Alberta/359/2022,2022-08-22,2022-08,2022,Aves,anseriformes,anatidae,anas platyrhynchos,mallard,TRUE,wild,anseriformes-wild,northern america,canada,can,60.4247452861293,-96.5129185126773,alberta,ca.ab,54.9859148218572,-114.405475342745,NA,NA,NA,NA,NA,2022-08-22,clusterNA,FALSE
