tipnames,virus_subtype,isolate_id,isolate_name,collection_date,collection_datedecimal,collection_datemonth,collection_dateyear,host_class,host_order,host_family,host_sciname,host_commonname,host_isbird,host_isdomestic,host_simplifiedhost,collection_regionname,collection_countryname,collection_countrycode,collection_countrylat,collection_countrylong,collection_subdiv1name,collection_subdiv1code,collection_subdiv1lat,collection_subdiv1long,virus_species,week_date,...1,clade,collection_original,profile,profile_lab,genome,cluster_profileclass,cluster_profilecolour,collection_tipdate,segment,collection_dateerror,cluster_segment,cluster_number
H5N1.2344b.EPI_ISL_17660070.galliformes.peru.5_3_1_1_2_1_1_4.2022-11-11,H5N1,EPI_ISL_17660070,a/chicken/peru/23-005607-001-original/2022,2022-11-11,2022.86,2022-11,2022,Aves,galliformes,phasianidae,gallus gallus (domestic type),red junglefowl (domestic type),TRUE,domestic,galliformes-domestic,south america,peru,per,-9.12690950582405,-74.3967035676846,NA,NA,NA,NA,a,2022-45,3827,2344b,South America / Peru / NA / NA / NA,5_3_1_1_2_1_1_4,H5N1/2022/R8_NAmerica,9,dominant,#bacc99,2022-11-11,mp,FALSE,mp,profile001
H5N1.2344b.EPI_ISL_16013752.pelecaniformes.venezuela.4_1_1_1_2_1_1_8.2022-11-25,H5N1,EPI_ISL_16013752,a/pelican/venezuela/pel3/2022,2022-11-25,2022.9,2022-11,2022,Aves,pelecaniformes,pelecanidae,pelecanus sp.,pelican sp.,TRUE,wild,other,south america,venezuela,ven,7.13172612392755,-66.1349690012146,anzoátegui,na,8.89363259762319,-64.4049370136296,a,2022-47,3890,2344b,South America / Venezuela / Estado Anzoategui / NA / NA,4_1_1_1_2_1_1_8,H5N1/2022/R10_NAmerica,29,dominant,#338ecc,2022-11-25,mp,FALSE,mp,profile001
H5N1.2344b.EPI_ISL_17011957.pelecaniformes.chile.5_3_1_1_2_1_1_4.2022-12-06,H5N1,EPI_ISL_17011957,a/pelican/chile/6955-3/2022,2022-12-06,2022.93,2022-12,2022,Aves,pelecaniformes,pelecanidae,pelecanus sp.,pelican sp.,TRUE,wild,other,south america,chile,chl,-36.352932692973,-71.0631434301439,NA,NA,NA,NA,a,2022-49,3696,2344b,South America / Chile / NA / NA / NA,5_3_1_1_2_1_1_4,H5N1/2022/R8_NAmerica,9,dominant,#bacc99,2022-12-06,mp,FALSE,mp,profile001
H5N1.2344b.EPI_ISL_17011958.charadriiformes.chile.5_3_1_1_2_1_1_4.2022-12-07,H5N1,EPI_ISL_17011958,a/gull/chile/7023-3/2022,2022-12-07,2022.93,2022-12,2022,Aves,charadriiformes,laridae,larinae sp.,gull sp.,TRUE,wild,charadriiformes-wild,south america,chile,chl,-36.352932692973,-71.0631434301439,NA,NA,NA,NA,a,2022-49,3696,2344b,South America / Chile / NA / NA / NA,5_3_1_1_2_1_1_4,H5N1/2022/R8_NAmerica,9,dominant,#bacc99,2022-12-07,mp,FALSE,mp,profile001
H5N1.2344b.EPI_ISL_17011959.pelecaniformes.chile.5_3_1_1_2_1_1_4.2022-12-06,H5N1,EPI_ISL_17011959,a/pelican/chile/6958-1/2022,2022-12-06,2022.93,2022-12,2022,Aves,pelecaniformes,pelecanidae,pelecanus sp.,pelican sp.,TRUE,wild,other,south america,chile,chl,-36.352932692973,-71.0631434301439,NA,NA,NA,NA,a,2022-49,3696,2344b,South America / Chile / NA / NA / NA,5_3_1_1_2_1_1_4,H5N1/2022/R8_NAmerica,9,dominant,#bacc99,2022-12-06,mp,FALSE,mp,profile001
H5N1.2344b.EPI_ISL_17011961.pelecaniformes.chile.5_3_1_1_2_1_1_4.2022-12-05,H5N1,EPI_ISL_17011961,a/pelican/chile/6618-2/2022,2022-12-05,2022.93,2022-12,2022,Aves,pelecaniformes,pelecanidae,pelecanus sp.,pelican sp.,TRUE,wild,other,south america,chile,chl,-36.352932692973,-71.0631434301439,NA,NA,NA,NA,a,2022-49,3696,2344b,South America / Chile / NA / NA / NA,5_3_1_1_2_1_1_4,H5N1/2022/R8_NAmerica,9,dominant,#bacc99,2022-12-05,mp,FALSE,mp,profile001
H5N1.2344b.EPI_ISL_17011962.pelecaniformes.chile.5_3_1_1_2_1_1_4.2022-12-05,H5N1,EPI_ISL_17011962,a/pelican/chile/6618-1/2022,2022-12-05,2022.93,2022-12,2022,Aves,pelecaniformes,pelecanidae,pelecanus sp.,pelican sp.,TRUE,wild,other,south america,chile,chl,-36.352932692973,-71.0631434301439,NA,NA,NA,NA,a,2022-49,3696,2344b,South America / Chile / NA / NA / NA,5_3_1_1_2_1_1_4,H5N1/2022/R8_NAmerica,9,dominant,#bacc99,2022-12-05,mp,FALSE,mp,profile001
H5N1.2344b.EPI_ISL_17011963.pelecaniformes.chile.5_3_1_1_2_1_1_4.2022-12-06,H5N1,EPI_ISL_17011963,a/pelican/chile/6924-1/2022,2022-12-06,2022.93,2022-12,2022,Aves,pelecaniformes,pelecanidae,pelecanus sp.,pelican sp.,TRUE,wild,other,south america,chile,chl,-36.352932692973,-71.0631434301439,NA,NA,NA,NA,a,2022-49,3696,2344b,South America / Chile / NA / NA / NA,5_3_1_1_2_1_1_4,H5N1/2022/R8_NAmerica,9,dominant,#bacc99,2022-12-06,mp,FALSE,mp,profile001
H5N1.2344b.EPI_ISL_17011964.charadriiformes.chile.5_3_1_1_2_1_1_4.2022-12-07,H5N1,EPI_ISL_17011964,a/gull/chile/7023-2/2022,2022-12-07,2022.93,2022-12,2022,Aves,charadriiformes,laridae,larinae sp.,gull sp.,TRUE,wild,charadriiformes-wild,south america,chile,chl,-36.352932692973,-71.0631434301439,NA,NA,NA,NA,a,2022-49,3696,2344b,South America / Chile / NA / NA / NA,5_3_1_1_2_1_1_4,H5N1/2022/R8_NAmerica,9,dominant,#bacc99,2022-12-07,mp,FALSE,mp,profile001
H5N1.2344b.EPI_ISL_17012018.pelecaniformes.chile.5_3_1_1_2_1_1_4.2022-12-07,H5N1,EPI_ISL_17012018,a/pelican/chile/7087-1/2022,2022-12-07,2022.93,2022-12,2022,Aves,pelecaniformes,pelecanidae,pelecanus sp.,pelican sp.,TRUE,wild,other,south america,chile,chl,-36.352932692973,-71.0631434301439,NA,NA,NA,NA,a,2022-49,3696,2344b,South America / Chile / NA / NA / NA,5_3_1_1_2_1_1_4,H5N1/2022/R8_NAmerica,9,dominant,#bacc99,2022-12-07,mp,FALSE,mp,profile001
H5N1.2344b.EPI_ISL_17777525.suliformes.peru.5_3_1_1_2_1_1_4.2023-04-03,H5N1,EPI_ISL_17777525,a/peruvian_booby/peru/lim-ins-004/2023,2023-04-03,2023.25,2023-04,2023,Aves,suliformes,sulidae,sula variegata,peruvian booby,TRUE,wild,other,south america,peru,per,-9.12690950582405,-74.3967035676846,lima province,pe.lp,-12.0179113235961,-76.9049187829412,a,2023-14,3827,2344b,South America / Peru / Departamento de Lima / Magdalena / NA,5_3_1_1_2_1_1_4,H5N1/2022/R8_NAmerica,9,dominant,#bacc99,2023-04-03,mp,FALSE,mp,profile001
H5N1.2344b.EPI_ISL_17777527.charadriiformes.peru.5_3_1_1_2_1_1_4.2023-03-16,H5N1,EPI_ISL_17777527,a/gull/peru/lim-ins-006/2023,2023-03-16,2023.2,2023-03,2023,Aves,charadriiformes,laridae,larinae sp.,gull sp.,TRUE,wild,charadriiformes-wild,south america,peru,per,-9.12690950582405,-74.3967035676846,lima province,pe.lp,-12.0179113235961,-76.9049187829412,a,2023-11,3827,2344b,South America / Peru / Departamento de Lima / Lima / NA,5_3_1_1_2_1_1_4,H5N1/2022/R8_NAmerica,9,dominant,#bacc99,2023-03-16,mp,FALSE,mp,profile001
H5N1.2344b.EPI_ISL_17777528.suliformes.peru.5_3_1_1_2_1_1_4.2023-03-17,H5N1,EPI_ISL_17777528,a/peruvian_booby/peru/cal-ins-007/2023,2023-03-17,2023.21,2023-03,2023,Aves,suliformes,sulidae,sula variegata,peruvian booby,TRUE,wild,other,south america,peru,per,-9.12690950582405,-74.3967035676846,callao,pe.cl,-11.9545824923705,-77.1360367031896,a,2023-11,3827,2344b,South America / Peru / Provincia Constitucional del Callao / Callao / NA,5_3_1_1_2_1_1_4,H5N1/2022/R8_NAmerica,9,dominant,#bacc99,2023-03-17,mp,FALSE,mp,profile001
H5N1.2344b.EPI_ISL_17777529.suliformes.peru.5_3_1_1_2_1_1_4.2023-03-17,H5N1,EPI_ISL_17777529,a/peruvian_booby/peru/cal-ins-008/2023,2023-03-17,2023.21,2023-03,2023,Aves,suliformes,sulidae,sula variegata,peruvian booby,TRUE,wild,other,south america,peru,per,-9.12690950582405,-74.3967035676846,callao,pe.cl,-11.9545824923705,-77.1360367031896,a,2023-11,3827,2344b,South America / Peru / Provincia Constitucional del Callao / Callao / NA,5_3_1_1_2_1_1_4,H5N1/2022/R8_NAmerica,9,dominant,#bacc99,2023-03-17,mp,FALSE,mp,profile001
H5N1.2344b.EPI_ISL_17777530.suliformes.peru.5_3_1_1_2_1_1_4.2023-03-17,H5N1,EPI_ISL_17777530,a/guanay_cormorant/peru/cal-ins-009/2023,2023-03-17,2023.21,2023-03,2023,Aves,suliformes,phalacrocoracidae,leucocarbo bougainvillii,guanay cormorant,TRUE,wild,other,south america,peru,per,-9.12690950582405,-74.3967035676846,callao,pe.cl,-11.9545824923705,-77.1360367031896,a,2023-11,3827,2344b,South America / Peru / Provincia Constitucional del Callao / Callao / NA,5_3_1_1_2_1_1_4,H5N1/2022/R8_NAmerica,9,dominant,#bacc99,2023-03-17,mp,FALSE,mp,profile001
H5N1.2344b.EPI_ISL_17777532.carnivora.peru.5_3_1_1_2_1_1_4.2023-03-07,H5N1,EPI_ISL_17777532,a/sea_lion/peru/tac-ins-011/2023,2023-03-07,2023.18,2023-03,2023,mammalia,carnivora,phocidae,phocidae sp.,true seal sp.,FALSE,wild,mammal,south america,peru,per,-9.12690950582405,-74.3967035676846,tacna,pe.ta,-17.644827527273,-70.2791288812849,a,2023-10,3827,2344b,South America / Peru / Departamento de Tacna / NA / NA,5_3_1_1_2_1_1_4,H5N1/2022/R8_NAmerica,9,dominant,#bacc99,2023-03-07,mp,FALSE,mp,profile001
H5N1.2344b.EPI_ISL_17805986.galliformes.peru.5_3_1_1_2_1_1_4.2022-12-18,H5N1,EPI_ISL_17805986,a/chicken/peru/ais0546/2022,2022-12-18,2022.96,2022-12,2022,Aves,galliformes,phasianidae,gallus gallus (domestic type),red junglefowl (domestic type),TRUE,domestic,galliformes-domestic,south america,peru,per,-9.12690950582405,-74.3967035676846,NA,NA,NA,NA,a,2022-50,3827,2344b,South America / Peru / NA / NA / NA,5_3_1_1_2_1_1_4,H5N1/2022/R8_NAmerica,9,dominant,#bacc99,2022-12-18,mp,FALSE,mp,profile001
H5N1.2344b.EPI_ISL_17805987.galliformes.peru.5_3_1_1_2_1_1_4.2022-11-18,H5N1,EPI_ISL_17805987,a/chicken/peru/ais0539/2022,2022-11-18,2022.88,2022-11,2022,Aves,galliformes,phasianidae,gallus gallus (domestic type),red junglefowl (domestic type),TRUE,domestic,galliformes-domestic,south america,peru,per,-9.12690950582405,-74.3967035676846,NA,NA,NA,NA,a,2022-46,3827,2344b,South America / Peru / NA / NA / NA,5_3_1_1_2_1_1_4,H5N1/2022/R8_NAmerica,9,dominant,#bacc99,2022-11-18,mp,FALSE,mp,profile001
H5N1.2344b.EPI_ISL_17805988.galliformes.peru.5_3_1_1_2_1_1_4.2022-11-28,H5N1,EPI_ISL_17805988,a/chicken/peru/ais0540/2022,2022-11-28,2022.91,2022-11,2022,Aves,galliformes,phasianidae,gallus gallus (domestic type),red junglefowl (domestic type),TRUE,domestic,galliformes-domestic,south america,peru,per,-9.12690950582405,-74.3967035676846,NA,NA,NA,NA,a,2022-48,3827,2344b,South America / Peru / NA / NA / NA,5_3_1_1_2_1_1_4,H5N1/2022/R8_NAmerica,9,dominant,#bacc99,2022-11-28,mp,FALSE,mp,profile001
H5N1.2344b.EPI_ISL_17805989.galliformes.peru.5_3_1_1_2_1_1_4.2022-12-01,H5N1,EPI_ISL_17805989,a/chicken/peru/ais0542/2022,2022-12-01,2022.92,2022-12,2022,Aves,galliformes,phasianidae,gallus gallus (domestic type),red junglefowl (domestic type),TRUE,domestic,galliformes-domestic,south america,peru,per,-9.12690950582405,-74.3967035676846,NA,NA,NA,NA,a,2022-48,3827,2344b,South America / Peru / NA / NA / NA,5_3_1_1_2_1_1_4,H5N1/2022/R8_NAmerica,9,dominant,#bacc99,2022-12-01,mp,FALSE,mp,profile001
H5N1.2344b.EPI_ISL_17805990.galliformes.peru.5_3_1_1_2_1_1_4.2022-12-01,H5N1,EPI_ISL_17805990,a/chicken/peru/ais0543/2022,2022-12-01,2022.92,2022-12,2022,Aves,galliformes,phasianidae,gallus gallus (domestic type),red junglefowl (domestic type),TRUE,domestic,galliformes-domestic,south america,peru,per,-9.12690950582405,-74.3967035676846,NA,NA,NA,NA,a,2022-48,3827,2344b,South America / Peru / NA / NA / NA,5_3_1_1_2_1_1_4,H5N1/2022/R8_NAmerica,9,dominant,#bacc99,2022-12-01,mp,FALSE,mp,profile001
H5N1.2344b.EPI_ISL_17805991.galliformes.peru.5_3_1_1_2_1_1_4.2022-12-03,H5N1,EPI_ISL_17805991,a/chicken/peru/ais0544/2022,2022-12-03,2022.92,2022-12,2022,Aves,galliformes,phasianidae,gallus gallus (domestic type),red junglefowl (domestic type),TRUE,domestic,galliformes-domestic,south america,peru,per,-9.12690950582405,-74.3967035676846,NA,NA,NA,NA,a,2022-48,3827,2344b,South America / Peru / NA / NA / NA,5_3_1_1_2_1_1_4,H5N1/2022/R8_NAmerica,9,dominant,#bacc99,2022-12-03,mp,FALSE,mp,profile001
H5N1.2344b.EPI_ISL_17805994.galliformes.peru.5_3_1_1_2_1_1_4.2022-12-22,H5N1,EPI_ISL_17805994,a/chicken/peru/ais0548/2022,2022-12-22,2022.97,2022-12,2022,Aves,galliformes,phasianidae,gallus gallus (domestic type),red junglefowl (domestic type),TRUE,domestic,galliformes-domestic,south america,peru,per,-9.12690950582405,-74.3967035676846,NA,NA,NA,NA,a,2022-51,3827,2344b,South America / Peru / NA / NA / NA,5_3_1_1_2_1_1_4,H5N1/2022/R8_NAmerica,9,dominant,#bacc99,2022-12-22,mp,FALSE,mp,profile001
H5N1.2344b.EPI_ISL_17805995.galliformes.peru.5_3_1_1_2_1_1_4.2022-12-12,H5N1,EPI_ISL_17805995,a/chicken/peru/ais0550/2022,2022-12-12,2022.95,2022-12,2022,Aves,galliformes,phasianidae,gallus gallus (domestic type),red junglefowl (domestic type),TRUE,domestic,galliformes-domestic,south america,peru,per,-9.12690950582405,-74.3967035676846,NA,NA,NA,NA,a,2022-50,3827,2344b,South America / Peru / NA / NA / NA,5_3_1_1_2_1_1_4,H5N1/2022/R8_NAmerica,9,dominant,#bacc99,2022-12-12,mp,FALSE,mp,profile001
H5N1.2344b.EPI_ISL_17805996.galliformes.peru.5_3_1_1_2_1_1_4.2022-12-22,H5N1,EPI_ISL_17805996,a/chicken/peru/ais0549/2022,2022-12-22,2022.97,2022-12,2022,Aves,galliformes,phasianidae,gallus gallus (domestic type),red junglefowl (domestic type),TRUE,domestic,galliformes-domestic,south america,peru,per,-9.12690950582405,-74.3967035676846,NA,NA,NA,NA,a,2022-51,3827,2344b,South America / Peru / NA / NA / NA,5_3_1_1_2_1_1_4,H5N1/2022/R8_NAmerica,9,dominant,#bacc99,2022-12-22,mp,FALSE,mp,profile001
H5N1.2344b.EPI_ISL_17805997.NA.peru.5_3_1_1_2_1_1_4.2022-11-22,H5N1,EPI_ISL_17805997,a/avian/peru/aisa0446/2022,2022-11-22,2022.89,2022-11,2022,Aves,NA,NA,NA,aves,FALSE,wild,other,south america,peru,per,-9.12690950582405,-74.3967035676846,NA,NA,NA,NA,a,2022-47,3827,2344b,South America / Peru / NA / NA / NA,5_3_1_1_2_1_1_4,H5N1/2022/R8_NAmerica,9,dominant,#bacc99,2022-11-22,mp,FALSE,mp,profile001
H5N1.2344b.EPI_ISL_17805999.carnivora.peru.5_3_1_1_2_1_1_4.2023-02-08,H5N1,EPI_ISL_17805999,a/lion/peru/ais0554/2023,2023-02-08,2023.1,2023-02,2023,mammalia,carnivora,felidae,panthera leo,lion,FALSE,wild,mammal,south america,peru,per,-9.12690950582405,-74.3967035676846,NA,NA,NA,NA,a,2023-06,3827,2344b,South America / Peru / NA / NA / NA,5_3_1_1_2_1_1_4,H5N1/2022/R8_NAmerica,9,dominant,#bacc99,2023-02-08,mp,FALSE,mp,profile001
H5N1.2344b.EPI_ISL_17806000.pelecaniformes.peru.5_3_1_1_2_1_1_4.2022-11-10,H5N1,EPI_ISL_17806000,a/pelican/peru/ais0538/2022,2022-11-10,2022.86,2022-11,2022,Aves,pelecaniformes,pelecanidae,pelecanus sp.,pelican sp.,TRUE,wild,other,south america,peru,per,-9.12690950582405,-74.3967035676846,NA,NA,NA,NA,a,2022-45,3827,2344b,South America / Peru / NA / NA / NA,5_3_1_1_2_1_1_4,H5N1/2022/R8_NAmerica,9,dominant,#bacc99,2022-11-10,mp,FALSE,mp,profile001
H5N1.2344b.EPI_ISL_17806001.galliformes.peru.5_3_1_1_2_1_1_4.2022-12-12,H5N1,EPI_ISL_17806001,a/chicken/peru/ais0551/2022,2022-12-12,2022.95,2022-12,2022,Aves,galliformes,phasianidae,gallus gallus (domestic type),red junglefowl (domestic type),TRUE,domestic,galliformes-domestic,south america,peru,per,-9.12690950582405,-74.3967035676846,NA,NA,NA,NA,a,2022-50,3827,2344b,South America / Peru / NA / NA / NA,5_3_1_1_2_1_1_4,H5N1/2022/R8_NAmerica,9,dominant,#bacc99,2022-12-12,mp,FALSE,mp,profile001
H5N1.2344b.EPI_ISL_17806003.pelecaniformes.peru.5_3_1_1_2_1_1_4.2022-11-22,H5N1,EPI_ISL_17806003,a/pelican/peru/aisa0464/2022,2022-11-22,2022.89,2022-11,2022,Aves,pelecaniformes,pelecanidae,pelecanus sp.,pelican sp.,TRUE,wild,other,south america,peru,per,-9.12690950582405,-74.3967035676846,NA,NA,NA,NA,a,2022-47,3827,2344b,South America / Peru / NA / NA / NA,5_3_1_1_2_1_1_4,H5N1/2022/R8_NAmerica,9,dominant,#bacc99,2022-11-22,mp,FALSE,mp,profile001
H5N1.2344b.EPI_ISL_17973443.NA.ecuador.5_3_1_1_2_1_1_4.2023-01-11,H5N1,EPI_ISL_17973443,a/wildbird/ecuador/ic03-4587/2023,2023-01-11,2023.03,2023-01,2023,Aves,NA,NA,NA,aves,FALSE,wild,other,south america,ecuador,ecu,-1.42626322906002,-78.7715622756661,manabi,ec.mn,-0.751243186649703,-80.1366162194134,a,2023-02,3719,2344b,South America / Ecuador / Provincia de Manabi / San Vicente / NA,5_3_1_1_2_1_1_4,H5N1/2022/R8_NAmerica,9,dominant,#bacc99,2023-01-11,mp,FALSE,mp,profile001
H5N1.2344b.EPI_ISL_17973458.NA.ecuador.5_3_1_1_2_1_1_4.2023-01-11,H5N1,EPI_ISL_17973458,a/wildbird/ecuador/ic06-4590/2023,2023-01-11,2023.03,2023-01,2023,Aves,NA,NA,NA,aves,FALSE,wild,other,south america,ecuador,ecu,-1.42626322906002,-78.7715622756661,manabi,ec.mn,-0.751243186649703,-80.1366162194134,a,2023-02,3719,2344b,South America / Ecuador / Provincia de Manabi / San Vicente / NA,5_3_1_1_2_1_1_4,H5N1/2022/R8_NAmerica,9,dominant,#bacc99,2023-01-11,mp,FALSE,mp,profile001
H5N1.2344b.EPI_ISL_16891400.anseriformes.chile.5_3_1_1_2_1_1_4.2022-12-02,H5N1,EPI_ISL_16891400,a/gray_gull/chile/c61947/2022,2022-12-02,2022.92,2022-12,2022,Aves,anseriformes,anatidae,anser anser,greylag goose,TRUE,wild,anseriformes-wild,south america,chile,chl,-36.352932692973,-71.0631434301439,NA,NA,NA,NA,a,2022-48,3696,2344b,South America / Chile / NA / NA / NA,5_3_1_1_2_1_1_4,H5N1/2022/R8_NAmerica,9,dominant,#bacc99,2022-12-02,mp,FALSE,mp,profile001
H5N1.2344b.EPI_ISL_16891402.charadriiformes.chile.5_3_1_1_2_1_1_4.2022-12-02,H5N1,EPI_ISL_16891402,a/black_skimmer/chile/c61962/2022,2022-12-02,2022.92,2022-12,2022,Aves,charadriiformes,laridae,rynchops niger,black skimmer,TRUE,wild,charadriiformes-wild,south america,chile,chl,-36.352932692973,-71.0631434301439,NA,NA,NA,NA,a,2022-48,3696,2344b,South America / Chile / NA / NA / NA,5_3_1_1_2_1_1_4,H5N1/2022/R8_NAmerica,9,dominant,#bacc99,2022-12-02,mp,FALSE,mp,profile001
H5N1.2344b.EPI_ISL_17099964.pelecaniformes.peru.5_3_1_1_2_1_1_4.2022-12-01,H5N1,EPI_ISL_17099964,a/pelecanus/peru/vfar-140/2022,2022-12-01,2022.92,2022-12,2022,Aves,pelecaniformes,pelecanidae,pelecanus sp.,pelican sp.,TRUE,wild,other,south america,peru,per,-9.12690950582405,-74.3967035676846,ica,pe.ic,-14.2339783641518,-75.5762320808058,a,2022-48,3827,2344b,"South America / Peru / Departamento de Ica / Beaches of the Tambo de Mora (Chincha Alta/Chincha/Ica/Peru), / (Chincha Alta/Chincha/Ica/Peru),",5_3_1_1_2_1_1_4,H5N1/2022/R8_NAmerica,9,dominant,#bacc99,2022-12-01,mp,FALSE,mp,profile001
H5N1.2344b.EPI_ISL_17165223.pelecaniformes.peru.5_3_1_1_2_1_1_4.2022,H5N1,EPI_ISL_17165223,a/pelecanus/peru/vfar-140/2022,NA,NA,2022-12,2022,Aves,pelecaniformes,pelecanidae,pelecanus sp.,pelican sp.,TRUE,wild,other,south america,peru,per,-9.12690950582405,-74.3967035676846,NA,NA,NA,NA,a,NA,3827,2344b,South America / Peru / NA / NA / NA,5_3_1_1_2_1_1_4,H5N1/2022/R8_NAmerica,9,dominant,#bacc99,2022,mp,FALSE,mp,profile001
H5N1.2344b.EPI_ISL_17353507.galliformes.ecuador.5_3_1_1_2_1_1_4.2022-11-08,H5N1,EPI_ISL_17353507,a/chicken/bolivar/ica-3500/2022,2022-11-08,2022.85,2022-11,2022,Aves,galliformes,phasianidae,gallus gallus (domestic type),red junglefowl (domestic type),TRUE,domestic,galliformes-domestic,south america,ecuador,ecu,-1.42626322906002,-78.7715622756661,bolivar,ec.bo,-1.58721983309051,-79.1068925338894,a,2022-45,819,2344b,South America / Colombia / Departamento de Bolivar / NA / NA,5_3_1_1_2_1_1_4,H5N1/2022/R8_NAmerica,9,dominant,#bacc99,2022-11-08,mp,FALSE,mp,profile001
H5N1.2344b.EPI_ISL_17353508.galliformes.colombia.4_4_8_1_2_1_1_1.2022-11-13,H5N1,EPI_ISL_17353508,a/chicken/choco/ica-3502/2022,2022-11-13,2022.87,2022-11,2022,Aves,galliformes,phasianidae,gallus gallus (domestic type),red junglefowl (domestic type),TRUE,domestic,galliformes-domestic,south america,colombia,col,3.88807090888846,-73.0744382518538,chocó,co.ch,5.93194075736459,-76.9341377836413,a,2022-45,607,2344b,South America / Colombia / Departamento del Choco / NA / NA,4_4_8_1_2_1_1_1,H5N1/2022/R13_NAmerica,25,major,#7633cc,2022-11-13,mp,FALSE,mp,profile001
H5N1.2344b.EPI_ISL_17353509.galliformes.colombia.4_4_8_1_2_1_1_1.2022-11-01,H5N1,EPI_ISL_17353509,a/chicken/choco/ica-3504/2022,2022-11-01,2022.83,2022-11,2022,Aves,galliformes,phasianidae,gallus gallus (domestic type),red junglefowl (domestic type),TRUE,domestic,galliformes-domestic,south america,colombia,col,3.88807090888846,-73.0744382518538,chocó,co.ch,5.93194075736459,-76.9341377836413,a,2022-44,607,2344b,South America / Colombia / Departamento del Choco / NA / NA,4_4_8_1_2_1_1_1,H5N1/2022/R13_NAmerica,25,major,#7633cc,2022-11-01,mp,FALSE,mp,profile001
H5N1.2344b.EPI_ISL_17353510.galliformes.colombia.5_3_1_1_2_1_1_4.2022-11-26,H5N1,EPI_ISL_17353510,a/chicken/cordoba/ica-3499/2022,2022-11-26,2022.9,2022-11,2022,Aves,galliformes,phasianidae,gallus gallus (domestic type),red junglefowl (domestic type),TRUE,domestic,galliformes-domestic,south america,colombia,col,3.88807090888846,-73.0744382518538,córdoba,co.co,8.35147117483191,-75.7978121726542,a,2022-47,608,2344b,South America / Colombia / Departamento de Cordoba / NA / NA,5_3_1_1_2_1_1_4,H5N1/2022/R8_NAmerica,9,dominant,#bacc99,2022-11-26,mp,FALSE,mp,profile001
H5N1.2344b.EPI_ISL_17353838.galliformes.colombia.5_3_1_1_2_1_1_4.2022-11-18,H5N1,EPI_ISL_17353838,a/chicken/magdalena/ica-3503/2022,2022-11-18,2022.88,2022-11,2022,Aves,galliformes,phasianidae,gallus gallus (domestic type),red junglefowl (domestic type),TRUE,domestic,galliformes-domestic,south america,colombia,col,3.88807090888846,-73.0744382518538,magdalena,co.ma,10.2313388378974,-74.2577076184347,a,2022-46,614,2344b,South America / Colombia / Departamento del Magdalena / NA / NA,5_3_1_1_2_1_1_4,H5N1/2022/R8_NAmerica,9,dominant,#bacc99,2022-11-18,mp,FALSE,mp,profile001
H5N1.2344b.EPI_ISL_17353839.anseriformes.colombia.4_4_8_1_2_1_1_1.2022-10-09,H5N1,EPI_ISL_17353839,a/duck/choco/ica-3501/2022,2022-10-09,2022.77,2022-10,2022,Aves,anseriformes,anatidae,anatidae (duck sp.),duck sp.,TRUE,wild,anseriformes-wild,south america,colombia,col,3.88807090888846,-73.0744382518538,chocó,co.ch,5.93194075736459,-76.9341377836413,a,2022-40,607,2344b,South America / Colombia / Departamento del Choco / NA / NA,4_4_8_1_2_1_1_1,H5N1/2022/R13_NAmerica,25,major,#7633cc,2022-10-09,mp,FALSE,mp,profile001
H5N1.2344b.EPI_ISL_17468386.unknown.chile.5_3_1_1_2_1_1_4.2023-03-24,H5N1,EPI_ISL_17468386,a/chile/25945/2023,2023-03-24,2023.22,2023-03,2023,unknown,unknown,unknown,homo sapiens,unknown,FALSE,wild,unknown,south america,chile,chl,-36.352932692973,-71.0631434301439,antofagasta,cl.an,-23.5276504572593,-69.1155261199782,a,2023-12,3696,2344b,South America / Chile / Region de Antofagasta / NA / NA,5_3_1_1_2_1_1_4,H5N1/2022/R8_NAmerica,9,dominant,#bacc99,2023-03-24,mp,FALSE,mp,profile001
H5N1.2344b.EPI_ISL_17660071.galliformes.peru.5_3_1_1_2_1_1_4.2022-11-11,H5N1,EPI_ISL_17660071,a/chicken/peru/23-005607-002-original/2022,2022-11-11,2022.86,2022-11,2022,Aves,galliformes,phasianidae,gallus gallus (domestic type),red junglefowl (domestic type),TRUE,domestic,galliformes-domestic,south america,peru,per,-9.12690950582405,-74.3967035676846,NA,NA,NA,NA,a,2022-45,3827,2344b,South America / Peru / NA / NA / NA,5_3_1_1_2_1_1_4,H5N1/2022/R8_NAmerica,9,dominant,#bacc99,2022-11-11,mp,FALSE,mp,profile001
H5N1.2344b.EPI_ISL_17660072.galliformes.peru.5_3_1_1_2_1_1_4.2022-11-11,H5N1,EPI_ISL_17660072,a/chicken/peru/23-005607-003-original/2022,2022-11-11,2022.86,2022-11,2022,Aves,galliformes,phasianidae,gallus gallus (domestic type),red junglefowl (domestic type),TRUE,domestic,galliformes-domestic,south america,peru,per,-9.12690950582405,-74.3967035676846,NA,NA,NA,NA,a,2022-45,3827,2344b,South America / Peru / NA / NA / NA,5_3_1_1_2_1_1_4,H5N1/2022/R8_NAmerica,9,dominant,#bacc99,2022-11-11,mp,FALSE,mp,profile001
H5N1.2344b.EPI_ISL_17660073.strigiformes.peru.5_3_1_1_2_1_1_4.2022-11-11,H5N1,EPI_ISL_17660073,a/owl/peru/23-005629-001-original/2022,2022-11-11,2022.86,2022-11,2022,Aves,strigiformes,strigidae,strigiformes sp.,owl sp.,TRUE,wild,other,south america,peru,per,-9.12690950582405,-74.3967035676846,NA,NA,NA,NA,a,2022-45,3827,2344b,South America / Peru / NA / NA / NA,5_3_1_1_2_1_1_4,H5N1/2022/R8_NAmerica,9,dominant,#bacc99,2022-11-11,mp,FALSE,mp,profile001
H5N1.2344b.EPI_ISL_17660074.suliformes.peru.5_3_1_1_2_1_1_4.2022-11-11,H5N1,EPI_ISL_17660074,a/brown_booby/peru/23-005629-003-original/2022,2022-11-11,2022.86,2022-11,2022,Aves,suliformes,sulidae,sula leucogaster,brown booby,TRUE,wild,other,south america,peru,per,-9.12690950582405,-74.3967035676846,NA,NA,NA,NA,a,2022-45,3827,2344b,South America / Peru / NA / NA / NA,5_3_1_1_2_1_1_4,H5N1/2022/R8_NAmerica,9,dominant,#bacc99,2022-11-11,mp,FALSE,mp,profile001
H5N1.NA.EPI_ISL_16854400.pelecaniformes.venezuela.NA.2022-11-25,H5N1,EPI_ISL_16854400,A/Pelecanus_occidentalis/Venezuela/3S7/2022,2022-11-25,2022.9,2022-11,2022,Aves,pelecaniformes,pelecanidae,pelecanus sp.,pelican sp.,TRUE,wild,other,south america,venezuela,ven,7.13172612392755,-66.1349690012146,NA,NA,NA,NA,A,2022-47,3890,2344b,NA,NA,NA,NA,NA,NA,2022-11-25,mp,FALSE,mp,profile001
H5N1.NA.EPI_ISL_18107055.anseriformes.united_states.NA.2022-01-30,H5N1,EPI_ISL_18107055,A/american_wigeon/Tennessee/CEIRR-301/2022,2022-01-30,2022.08,2022-01,2022,Aves,anseriformes,anatidae,mareca americana,american wigeon,TRUE,wild,anseriformes-wild,northern america,united states,usa,44.75294654392,-103.651025114044,tennessee,us.tn,35.859232079721,-86.3497234635721,A,2022-04,3445,2344b,NA,NA,NA,NA,NA,NA,2022-01-30,mp,FALSE,mp,profile001
H5N1.NA.EPI_ISL_18107050.anseriformes.united_states.NA.2022-01-31,H5N1,EPI_ISL_18107050,A/mallard_duck/Tennessee/CEIRR-309/2022,2022-01-31,2022.08,2022-01,2022,Aves,anseriformes,anatidae,anas platyrhynchos,mallard,TRUE,wild,anseriformes-wild,northern america,united states,usa,44.75294654392,-103.651025114044,tennessee,us.tn,35.859232079721,-86.3497234635721,A,2022-05,3445,2344b,NA,NA,NA,NA,NA,NA,2022-01-31,mp,FALSE,mp,profile001
H5N1.NA.EPI_ISL_18107049.anseriformes.united_states.NA.2022-01-31,H5N1,EPI_ISL_18107049,A/mallard_duck/Tennessee/CEIRR-307/2022,2022-01-31,2022.08,2022-01,2022,Aves,anseriformes,anatidae,anas platyrhynchos,mallard,TRUE,wild,anseriformes-wild,northern america,united states,usa,44.75294654392,-103.651025114044,tennessee,us.tn,35.859232079721,-86.3497234635721,A,2022-05,3445,2344b,NA,NA,NA,NA,NA,NA,2022-01-31,mp,FALSE,mp,profile001
H5N1.NA.EPI_ISL_18107046.anseriformes.united_states.NA.2022-01-25,H5N1,EPI_ISL_18107046,A/mallard_duck/Tennessee/CEIRR-291/2022,2022-01-25,2022.07,2022-01,2022,Aves,anseriformes,anatidae,anas platyrhynchos,mallard,TRUE,wild,anseriformes-wild,northern america,united states,usa,44.75294654392,-103.651025114044,tennessee,us.tn,35.859232079721,-86.3497234635721,A,2022-04,3445,2344b,NA,NA,NA,NA,NA,NA,2022-01-25,mp,FALSE,mp,profile001
H5N1.NA.EPI_ISL_18107041.anseriformes.united_states.NA.2022-01-25,H5N1,EPI_ISL_18107041,A/mallard_duck/Tennessee/CEIRR-290/2022,2022-01-25,2022.07,2022-01,2022,Aves,anseriformes,anatidae,anas platyrhynchos,mallard,TRUE,wild,anseriformes-wild,northern america,united states,usa,44.75294654392,-103.651025114044,tennessee,us.tn,35.859232079721,-86.3497234635721,A,2022-04,3445,2344b,NA,NA,NA,NA,NA,NA,2022-01-25,mp,FALSE,mp,profile001
H5N1.NA.EPI_ISL_18107035.anseriformes.united_states.NA.2022-01-25,H5N1,EPI_ISL_18107035,A/mallard_duck/Tennessee/CEIRR-288/2022,2022-01-25,2022.07,2022-01,2022,Aves,anseriformes,anatidae,anas platyrhynchos,mallard,TRUE,wild,anseriformes-wild,northern america,united states,usa,44.75294654392,-103.651025114044,tennessee,us.tn,35.859232079721,-86.3497234635721,A,2022-04,3445,2344b,NA,NA,NA,NA,NA,NA,2022-01-25,mp,FALSE,mp,profile001
H5N1.NA.EPI_ISL_18107030.anseriformes.united_states.NA.2022-01-25,H5N1,EPI_ISL_18107030,A/mallard_duck/Tennessee/CEIRR-287/2022,2022-01-25,2022.07,2022-01,2022,Aves,anseriformes,anatidae,anas platyrhynchos,mallard,TRUE,wild,anseriformes-wild,northern america,united states,usa,44.75294654392,-103.651025114044,tennessee,us.tn,35.859232079721,-86.3497234635721,A,2022-04,3445,2344b,NA,NA,NA,NA,NA,NA,2022-01-25,mp,FALSE,mp,profile001
H5N1.NA.EPI_ISL_18107026.anseriformes.united_states.NA.2022-01-24,H5N1,EPI_ISL_18107026,A/mallard_duck/Tennessee/CEIRR-282/2022,2022-01-24,2022.06,2022-01,2022,Aves,anseriformes,anatidae,anas platyrhynchos,mallard,TRUE,wild,anseriformes-wild,northern america,united states,usa,44.75294654392,-103.651025114044,tennessee,us.tn,35.859232079721,-86.3497234635721,A,2022-04,3445,2344b,NA,NA,NA,NA,NA,NA,2022-01-24,mp,FALSE,mp,profile001
H5N1.NA.EPI_ISL_18107025.anseriformes.united_states.NA.2022-01-24,H5N1,EPI_ISL_18107025,A/mallard_duck/Tennessee/CEIRR-278/2022,2022-01-24,2022.06,2022-01,2022,Aves,anseriformes,anatidae,anas platyrhynchos,mallard,TRUE,wild,anseriformes-wild,northern america,united states,usa,44.75294654392,-103.651025114044,tennessee,us.tn,35.859232079721,-86.3497234635721,A,2022-04,3445,2344b,NA,NA,NA,NA,NA,NA,2022-01-24,mp,FALSE,mp,profile001
H5N1.NA.EPI_ISL_18107022.anseriformes.united_states.NA.2022-01-25,H5N1,EPI_ISL_18107022,A/gadwall_duck/Tennessee/CEIRR-297/2022,2022-01-25,2022.07,2022-01,2022,Aves,anseriformes,anatidae,mareca strepera,gadwall,TRUE,wild,anseriformes-wild,northern america,united states,usa,44.75294654392,-103.651025114044,tennessee,us.tn,35.859232079721,-86.3497234635721,A,2022-04,3445,2344b,NA,NA,NA,NA,NA,NA,2022-01-25,mp,FALSE,mp,profile001
H5N1.NA.EPI_ISL_18107021.anseriformes.united_states.NA.2022-01-25,H5N1,EPI_ISL_18107021,A/gadwall_duck/Tennessee/CEIRR-296/2022,2022-01-25,2022.07,2022-01,2022,Aves,anseriformes,anatidae,mareca strepera,gadwall,TRUE,wild,anseriformes-wild,northern america,united states,usa,44.75294654392,-103.651025114044,tennessee,us.tn,35.859232079721,-86.3497234635721,A,2022-04,3445,2344b,NA,NA,NA,NA,NA,NA,2022-01-25,mp,FALSE,mp,profile001
H5N1.NA.EPI_ISL_18107019.anseriformes.united_states.NA.2022-09-22,H5N1,EPI_ISL_18107019,A/blue_winged_teal/Louisiana/CEIRR-4075/2022,2022-09-22,2022.72,2022-09,2022,Aves,anseriformes,anatidae,spatula discors,blue-winged teal,TRUE,wild,anseriformes-wild,northern america,united states,usa,44.75294654392,-103.651025114044,louisiana,us.la,31.0706065513525,-91.9998874220998,A,2022-38,3421,2344b,NA,NA,NA,NA,NA,NA,2022-09-22,mp,FALSE,mp,profile001
H5N1.NA.EPI_ISL_18107005.anseriformes.united_states.NA.2022-01-25,H5N1,EPI_ISL_18107005,A/american_wigeon/Tennessee/CEIRR-298/2022,2022-01-25,2022.07,2022-01,2022,Aves,anseriformes,anatidae,mareca americana,american wigeon,TRUE,wild,anseriformes-wild,northern america,united states,usa,44.75294654392,-103.651025114044,tennessee,us.tn,35.859232079721,-86.3497234635721,A,2022-04,3445,2344b,NA,NA,NA,NA,NA,NA,2022-01-25,mp,FALSE,mp,profile001
H5N1.2344b.EPI_ISL_17373072.anseriformes.united_states.4_1_1_1_2_1_1_8.2022-11-01,H5N1,EPI_ISL_17373072,A/goose/North_Carolina/W22-1055/2022,2022-11-01,2022.83,2022-11,2022,Aves,anseriformes,anatidae,anatidae (goose sp.),goose sp.,TRUE,wild,anseriformes-wild,northern america,united states,usa,44.75294654392,-103.651025114044,north carolina,us.nc,35.5562842108177,-79.3865256785998,A,2022-44,3436,2344b,North America / United States / North Carolina / NA / NA,4_1_1_1_2_1_1_8,H5N1/2022/R10_NAmerica,29,dominant,#338ecc,2022-11-01,mp,FALSE,mp,profile001
H5N1.2344b.EPI_ISL_16983510.accipitriformes.united_states.7_4_1_1_2_1_1_1.2022-02-12,H5N1,EPI_ISL_16983510,A/red-shouldered_hawk/North_Carolina/121/2022,2022-02-12,2022.12,2022-02,2022,Aves,accipitriformes,accipitridae,buteo lineatus,red-shouldered hawk,TRUE,wild,other,northern america,united states,usa,44.75294654392,-103.651025114044,north carolina,us.nc,35.5562842108177,-79.3865256785998,A,2022-06,3436,2344b,North America / United States / North Carolina / NA / NA,7_4_1_1_2_1_1_1,H5N1/2022/R1_NAmerica,17,major,#a199cc,2022-02-12,mp,FALSE,mp,profile001
H5N1.NA.EPI_ISL_16631973.pelecaniformes.venezuela.NA.2022-12-12,H5N1,EPI_ISL_16631973,A/Pelican/Venezuela/Inf9/2022,2022-12-12,2022.95,2022-12,2022,Aves,pelecaniformes,pelecanidae,pelecanus sp.,pelican sp.,TRUE,wild,other,south america,venezuela,ven,7.13172612392755,-66.1349690012146,NA,NA,NA,NA,A,2022-50,3890,2344b,NA,NA,NA,NA,NA,NA,2022-12-12,mp,FALSE,mp,profile001
H5N1.2344b.EPI_ISL_16173525.anseriformes.canada.4_1_1_1_2_1_1_1.2022-04-04,H5N1,EPI_ISL_16173525,A/Snow_Goose/SK/FAV-0216-06/2022,2022-04-04,2022.25,2022-04,2022,Aves,anseriformes,anatidae,anser caerulescens,snow goose,TRUE,wild,anseriformes-wild,northern america,canada,can,60.4247452861293,-96.5129185126773,saskatchewan,ca.sk,54.194222787673,-105.873214717175,A,2022-14,445,2344b,North America / Canada / Saskatchewan / NA / NA,4_1_1_1_2_1_1_1,H5N1/2022/R4_NAmerica,4,major,#66c6cc,2022-04-04,mp,FALSE,mp,profile001
H5N1.2344b.EPI_ISL_15614807.accipitriformes.united_states.4_1_1_1_2_1_1_1.2022-03-14,H5N1,EPI_ISL_15614807,A/red-tailed_hawk/Kansas/W22-198/2022,2022-03-14,2022.2,2022-03,2022,Aves,accipitriformes,accipitridae,buteo jamaicensis,red-tailed hawk,TRUE,wild,other,northern america,united states,usa,44.75294654392,-103.651025114044,kansas,us.ks,38.4941000350806,-98.3790702772394,A,2022-11,3419,2344b,North America / United States / NA / NA / NA,4_1_1_1_2_1_1_1,H5N1/2022/R4_NAmerica,4,major,#66c6cc,2022-03-14,mp,FALSE,mp,profile001
H5N1.2344b.EPI_ISL_15215280.accipitriformes.united_states.4_1_1_1_2_1_1_1.2022-03-06,H5N1,EPI_ISL_15215280,A/bald_eagle/Kansas/W22-185/2022,2022-03-06,2022.18,2022-03,2022,Aves,accipitriformes,accipitridae,haliaeetus leucocephalus,bald eagle,TRUE,wild,other,northern america,united states,usa,44.75294654392,-103.651025114044,kansas,us.ks,38.4941000350806,-98.3790702772394,A,2022-09,3419,2344b,North America / United States / NA / NA / NA,4_1_1_1_2_1_1_1,H5N1/2022/R4_NAmerica,4,major,#66c6cc,2022-03-06,mp,FALSE,mp,profile001
H5N1.2344b.EPI_ISL_15215278.anseriformes.united_states.7_4_6_1_2_1_1_1.2022-03-01,H5N1,EPI_ISL_15215278,A/hooded_merganser/Florida/W22-154/2022,2022-03-01,2022.16,2022-03,2022,Aves,anseriformes,anatidae,mergellus/lophodytes/mergus sp.,merganser sp.,TRUE,wild,anseriformes-wild,northern america,united states,usa,44.75294654392,-103.651025114044,florida,us.fl,28.6269382846284,-82.4431243811826,A,2022-09,3412,2344b,North America / United States / NA / NA / NA,7_4_6_1_2_1_1_1,H5N1/2022/R3_NAmerica,18,major,#9966cc,2022-03-01,mp,FALSE,mp,profile001
H5N1.2344b.EPI_ISL_15214837.anseriformes.united_states.4_1_1_1_2_1_1_1.2022-03-25,H5N1,EPI_ISL_15214837,A/snow_goose/Kansas/W22-260/2022,2022-03-25,2022.23,2022-03,2022,Aves,anseriformes,anatidae,anser caerulescens,snow goose,TRUE,wild,anseriformes-wild,northern america,united states,usa,44.75294654392,-103.651025114044,kansas,us.ks,38.4941000350806,-98.3790702772394,A,2022-12,3419,2344b,North America / United States / NA / NA / NA,4_1_1_1_2_1_1_1,H5N1/2022/R4_NAmerica,4,major,#66c6cc,2022-03-25,mp,FALSE,mp,profile001
H5N1.2344b.EPI_ISL_15063846.accipitriformes.united_states.7_4_1_1_2_1_1_1.2022-02-12,H5N1,EPI_ISL_15063846,A/bald_eagle/Florida/W22-134-OP/2022,2022-02-12,2022.12,2022-02,2022,Aves,accipitriformes,accipitridae,haliaeetus leucocephalus,bald eagle,TRUE,wild,other,northern america,united states,usa,44.75294654392,-103.651025114044,florida,us.fl,28.6269382846284,-82.4431243811826,A,2022-06,3412,2344b,North America / United States / NA / NA / NA,7_4_1_1_2_1_1_1,H5N1/2022/R1_NAmerica,17,major,#a199cc,2022-02-12,mp,FALSE,mp,profile001
H5N1.2344b.EPI_ISL_15063845.anseriformes.united_states.4_1_1_1_2_1_1_1.2022-03-04,H5N1,EPI_ISL_15063845,A/snow_goose/Kansas/W22-177B/2022,2022-03-04,2022.17,2022-03,2022,Aves,anseriformes,anatidae,anser caerulescens,snow goose,TRUE,wild,anseriformes-wild,northern america,united states,usa,44.75294654392,-103.651025114044,kansas,us.ks,38.4941000350806,-98.3790702772394,A,2022-09,3419,2344b,North America / United States / NA / NA / NA,4_1_1_1_2_1_1_1,H5N1/2022/R4_NAmerica,4,major,#66c6cc,2022-03-04,mp,FALSE,mp,profile001
H5N1.2344b.EPI_ISL_15063842.accipitriformes.united_states.7_4_1_1_2_1_1_1.2022-03-08,H5N1,EPI_ISL_15063842,A/bald_eagle/North_Carolina/W22-186/2022,2022-03-08,2022.18,2022-03,2022,Aves,accipitriformes,accipitridae,haliaeetus leucocephalus,bald eagle,TRUE,wild,other,northern america,united states,usa,44.75294654392,-103.651025114044,north carolina,us.nc,35.5562842108177,-79.3865256785998,A,2022-10,3436,2344b,North America / United States / NA / NA / NA,7_4_1_1_2_1_1_1,H5N1/2022/R1_NAmerica,17,major,#a199cc,2022-03-08,mp,FALSE,mp,profile001
H5N1.2344b.EPI_ISL_15063668.anseriformes.united_states.4_1_1_1_2_1_1_1.2022-04-08,H5N1,EPI_ISL_15063668,A/snow_goose/North_Dakota/N22-05/2022,2022-04-08,2022.27,2022-04,2022,Aves,anseriformes,anatidae,anser caerulescens,snow goose,TRUE,wild,anseriformes-wild,northern america,united states,usa,44.75294654392,-103.651025114044,north dakota,us.nd,47.4503665532251,-100.466131733191,A,2022-14,3437,2344b,North America / United States / NA / NA / NA,4_1_1_1_2_1_1_1,H5N1/2022/R4_NAmerica,4,major,#66c6cc,2022-04-08,mp,FALSE,mp,profile001
H5N1.2344b.EPI_ISL_14937105.accipitriformes.united_states.68_21_91_1_2_1_1_1.2022-03-03,H5N1,EPI_ISL_14937105,A/bald_eagle/Florida/W22-189/2022,2022-03-03,2022.17,2022-03,2022,Aves,accipitriformes,accipitridae,haliaeetus leucocephalus,bald eagle,TRUE,wild,other,northern america,united states,usa,44.75294654392,-103.651025114044,florida,us.fl,28.6269382846284,-82.4431243811826,A,2022-09,3412,2344b,North America / United States / NA / NA / NA,68_21_91_1_2_1_1_1,NA,18,minor,#33becc,2022-03-03,mp,FALSE,mp,profile001
H5N1.2344b.EPI_ISL_14937104.anseriformes.united_states.4_1_1_1_2_1_1_1.2022-03-12,H5N1,EPI_ISL_14937104,A/snow_goose/Kansas/W22-199C/2022,2022-03-12,2022.19,2022-03,2022,Aves,anseriformes,anatidae,anser caerulescens,snow goose,TRUE,wild,anseriformes-wild,northern america,united states,usa,44.75294654392,-103.651025114044,kansas,us.ks,38.4941000350806,-98.3790702772394,A,2022-10,3419,2344b,North America / United States / NA / NA / NA,4_1_1_1_2_1_1_1,H5N1/2022/R4_NAmerica,4,major,#66c6cc,2022-03-12,mp,FALSE,mp,profile001
H5N1.2344b.EPI_ISL_14937100.anseriformes.united_states.4_1_1_1_2_1_1_1.2022-03-12,H5N1,EPI_ISL_14937100,A/snow_goose/Kansas/W22-199B/2022,2022-03-12,2022.19,2022-03,2022,Aves,anseriformes,anatidae,anser caerulescens,snow goose,TRUE,wild,anseriformes-wild,northern america,united states,usa,44.75294654392,-103.651025114044,kansas,us.ks,38.4941000350806,-98.3790702772394,A,2022-10,3419,2344b,North America / United States / NA / NA / NA,4_1_1_1_2_1_1_1,H5N1/2022/R4_NAmerica,4,major,#66c6cc,2022-03-12,mp,FALSE,mp,profile001
H5N1.NA.EPI_ISL_18371666.suliformes.peru.NA.2022-12-01,H5N1,EPI_ISL_18371666,A/Peruvian_booby/Peru/UNMSM-A296/2022,2022-12-01,2022.92,2022-12,2022,Aves,suliformes,sulidae,sula variegata,peruvian booby,TRUE,wild,other,south america,peru,per,-9.12690950582405,-74.3967035676846,NA,NA,NA,NA,A,2022-48,3827,2344b,NA,NA,NA,NA,NA,NA,2022-12-01,mp,FALSE,mp,profile001
H5N1.NA.EPI_ISL_18265423.carnivora.peru.NA.2023-01-25,H5N1,EPI_ISL_18265423,A/south_american_sea_lion/Peru/AQP-SER00B/2023,2023-01-25,2023.07,2023-01,2023,mammalia,carnivora,otariidae,otaria byronia,south american sea lion,FALSE,wild,mammal,south america,peru,per,-9.12690950582405,-74.3967035676846,NA,NA,NA,NA,A,2023-04,3827,2344b,NA,NA,NA,NA,NA,NA,2023-01-25,mp,FALSE,mp,profile001
H5N1.NA.EPI_ISL_18265321.carnivora.peru.NA.2023-02-07,H5N1,EPI_ISL_18265321,A/south_american_sea_lion/Peru/AQP-SER00K/2023,2023-02-07,2023.1,2023-02,2023,mammalia,carnivora,otariidae,otaria byronia,south american sea lion,FALSE,wild,mammal,south america,peru,per,-9.12690950582405,-74.3967035676846,NA,NA,NA,NA,A,2023-06,3827,2344b,NA,NA,NA,NA,NA,NA,2023-02-07,mp,FALSE,mp,profile001
H5N1.NA.EPI_ISL_18054509.carnivora.peru.NA.2023-02-07,H5N1,EPI_ISL_18054509,A/sea_lion/Peru/AQP-SER00K/2023,2023-02-07,2023.1,2023-02,2023,mammalia,carnivora,phocidae,phocidae sp.,true seal sp.,FALSE,wild,mammal,south america,peru,per,-9.12690950582405,-74.3967035676846,NA,NA,NA,NA,A,2023-06,3827,2344b,NA,NA,NA,NA,NA,NA,2023-02-07,mp,FALSE,mp,profile001
H5N1.NA.EPI_ISL_18054508.carnivora.peru.NA.2023-01-25,H5N1,EPI_ISL_18054508,A/sea_lion/Peru/AQP-SER00B/2023,2023-01-25,2023.07,2023-01,2023,mammalia,carnivora,phocidae,phocidae sp.,true seal sp.,FALSE,wild,mammal,south america,peru,per,-9.12690950582405,-74.3967035676846,NA,NA,NA,NA,A,2023-04,3827,2344b,NA,NA,NA,NA,NA,NA,2023-01-25,mp,FALSE,mp,profile001
H5N1.NA.EPI_ISL_17885985.pelecaniformes.chile.NA.2023-01-21,H5N1,EPI_ISL_17885985,A/pelican/Valparaiso/233447-2/2023,2023-01-21,2023.05,2023-01,2023,Aves,pelecaniformes,pelecanidae,pelecanus sp.,pelican sp.,TRUE,wild,other,south america,chile,chl,-36.352932692973,-71.0631434301439,valparaíso,cl.vs,-32.7895224923796,-71.3992840580514,A,2023-03,488,2344b,NA,NA,NA,NA,NA,NA,2023-01-21,mp,FALSE,mp,profile001
H5N1.NA.EPI_ISL_17885982.pelecaniformes.chile.NA.2023-01-25,H5N1,EPI_ISL_17885982,A/pelican/Valparaiso/234040/2023,2023-01-25,2023.07,2023-01,2023,Aves,pelecaniformes,pelecanidae,pelecanus sp.,pelican sp.,TRUE,wild,other,south america,chile,chl,-36.352932692973,-71.0631434301439,valparaíso,cl.vs,-32.7895224923796,-71.3992840580514,A,2023-04,488,2344b,NA,NA,NA,NA,NA,NA,2023-01-25,mp,FALSE,mp,profile001
H5N1.NA.EPI_ISL_17885980.charadriiformes.chile.NA.2022-12-30,H5N1,EPI_ISL_17885980,A/sanderling/Arica_y_Parinacota/230758-1/2022,2022-12-30,2022.99,2022-12,2022,Aves,charadriiformes,scolopacidae,calidris alba,sanderling,TRUE,wild,charadriiformes-wild,south america,chile,chl,-36.352932692973,-71.0631434301439,arica y parinacota,cl.ap,-18.4968307906384,-69.6296363253853,A,2022-52,475,2344b,NA,NA,NA,NA,NA,NA,2022-12-30,mp,FALSE,mp,profile001
H5N1.NA.EPI_ISL_17885975.carnivora.chile.NA.2023-03-07,H5N1,EPI_ISL_17885975,A/sea_lion/Tarapaca/240524-2/2023,2023-03-07,2023.18,2023-03,2023,mammalia,carnivora,phocidae,phocidae sp.,true seal sp.,FALSE,wild,mammal,south america,chile,chl,-36.352932692973,-71.0631434301439,tarapacá,cl.ta,-20.1723893841755,-69.3557535441909,A,2023-10,487,2344b,NA,NA,NA,NA,NA,NA,2023-03-07,mp,FALSE,mp,profile001
H5N1.NA.EPI_ISL_17885972.charadriiformes.chile.NA.2023-03-01,H5N1,EPI_ISL_17885972,A/kelp_gull/Maule/239349/2023,2023-03-01,2023.16,2023-03,2023,Aves,charadriiformes,laridae,larus dominicanus,kelp gull,TRUE,wild,charadriiformes-wild,south america,chile,chl,-36.352932692973,-71.0631434301439,maule,cl.ml,-35.6204383329149,-71.4454635697529,A,2023-09,484,2344b,NA,NA,NA,NA,NA,NA,2023-03-01,mp,FALSE,mp,profile001
H5N1.NA.EPI_ISL_17885968.galliformes.chile.NA.2022-12-31,H5N1,EPI_ISL_17885968,A/turkey_vulture/Valparaiso/230187-1/2022,2022-12-31,2023,2022-12,2022,Aves,galliformes,phasianidae,meleagris gallopavo (domestic type),wild turkey (domestic type),TRUE,domestic,galliformes-domestic,south america,chile,chl,-36.352932692973,-71.0631434301439,valparaíso,cl.vs,-32.7895224923796,-71.3992840580514,A,2022-52,488,2344b,NA,NA,NA,NA,NA,NA,2022-12-31,mp,FALSE,mp,profile001
H5N1.NA.EPI_ISL_17885956.pelecaniformes.chile.NA.2023-01-20,H5N1,EPI_ISL_17885956,A/pelican/Valparaiso/233091-2/2023,2023-01-20,2023.05,2023-01,2023,Aves,pelecaniformes,pelecanidae,pelecanus sp.,pelican sp.,TRUE,wild,other,south america,chile,chl,-36.352932692973,-71.0631434301439,valparaíso,cl.vs,-32.7895224923796,-71.3992840580514,A,2023-03,488,2344b,NA,NA,NA,NA,NA,NA,2023-01-20,mp,FALSE,mp,profile001
H5N1.NA.EPI_ISL_17885955.charadriiformes.chile.NA.2022-12-24,H5N1,EPI_ISL_17885955,A/elegant_tern/Arica_y_Parinacota/229476-1/2022,2022-12-24,2022.98,2022-12,2022,Aves,charadriiformes,laridae,thalasseus elegans,elegant tern,TRUE,wild,charadriiformes-wild,south america,chile,chl,-36.352932692973,-71.0631434301439,arica y parinacota,cl.ap,-18.4968307906384,-69.6296363253853,A,2022-51,475,2344b,NA,NA,NA,NA,NA,NA,2022-12-24,mp,FALSE,mp,profile001
H5N1.NA.EPI_ISL_17885951.anseriformes.chile.NA.2023-01-18,H5N1,EPI_ISL_17885951,A/gray_gull/Tarapaca/232825-1/2023,2023-01-18,2023.05,2023-01,2023,Aves,anseriformes,anatidae,anser anser,greylag goose,TRUE,wild,anseriformes-wild,south america,chile,chl,-36.352932692973,-71.0631434301439,tarapacá,cl.ta,-20.1723893841755,-69.3557535441909,A,2023-03,487,2344b,NA,NA,NA,NA,NA,NA,2023-01-18,mp,FALSE,mp,profile001
H5N1.NA.EPI_ISL_17885944.pelecaniformes.chile.NA.2022-12-16,H5N1,EPI_ISL_17885944,A/pelican/Antofagasta/228244-2/2022,2022-12-16,2022.96,2022-12,2022,Aves,pelecaniformes,pelecanidae,pelecanus sp.,pelican sp.,TRUE,wild,other,south america,chile,chl,-36.352932692973,-71.0631434301439,antofagasta,cl.an,-23.5276504572593,-69.1155261199782,A,2022-50,473,2344b,NA,NA,NA,NA,NA,NA,2022-12-16,mp,FALSE,mp,profile001
H5N1.NA.EPI_ISL_17885931.pelecaniformes.chile.NA.2022-12-15,H5N1,EPI_ISL_17885931,A/pelican/Antofagasta/228246-3/2022,2022-12-15,2022.95,2022-12,2022,Aves,pelecaniformes,pelecanidae,pelecanus sp.,pelican sp.,TRUE,wild,other,south america,chile,chl,-36.352932692973,-71.0631434301439,antofagasta,cl.an,-23.5276504572593,-69.1155261199782,A,2022-50,473,2344b,NA,NA,NA,NA,NA,NA,2022-12-15,mp,FALSE,mp,profile001
H5N1.NA.EPI_ISL_17885930.pelecaniformes.chile.NA.2023-01-20,H5N1,EPI_ISL_17885930,A/pelican/Valparaiso/233091-1/2023,2023-01-20,2023.05,2023-01,2023,Aves,pelecaniformes,pelecanidae,pelecanus sp.,pelican sp.,TRUE,wild,other,south america,chile,chl,-36.352932692973,-71.0631434301439,valparaíso,cl.vs,-32.7895224923796,-71.3992840580514,A,2023-03,488,2344b,NA,NA,NA,NA,NA,NA,2023-01-20,mp,FALSE,mp,profile001
H5N1.NA.EPI_ISL_17885929.pelecaniformes.chile.NA.2022-12-18,H5N1,EPI_ISL_17885929,A/pelican/Antofagasta/228272-1/2022,2022-12-18,2022.96,2022-12,2022,Aves,pelecaniformes,pelecanidae,pelecanus sp.,pelican sp.,TRUE,wild,other,south america,chile,chl,-36.352932692973,-71.0631434301439,antofagasta,cl.an,-23.5276504572593,-69.1155261199782,A,2022-50,473,2344b,NA,NA,NA,NA,NA,NA,2022-12-18,mp,FALSE,mp,profile001
H5N1.NA.EPI_ISL_17885928.pelecaniformes.chile.NA.2022-12-16,H5N1,EPI_ISL_17885928,A/pelican/Antofagasta/228318-1/2022,2022-12-16,2022.96,2022-12,2022,Aves,pelecaniformes,pelecanidae,pelecanus sp.,pelican sp.,TRUE,wild,other,south america,chile,chl,-36.352932692973,-71.0631434301439,antofagasta,cl.an,-23.5276504572593,-69.1155261199782,A,2022-50,473,2344b,NA,NA,NA,NA,NA,NA,2022-12-16,mp,FALSE,mp,profile001
H5N1.NA.EPI_ISL_17885924.pelecaniformes.chile.NA.2022-12-30,H5N1,EPI_ISL_17885924,A/pelican/Atacama/230158-2/2022,2022-12-30,2022.99,2022-12,2022,Aves,pelecaniformes,pelecanidae,pelecanus sp.,pelican sp.,TRUE,wild,other,south america,chile,chl,-36.352932692973,-71.0631434301439,atacama,cl.at,-27.3880384326825,-69.902133937498,A,2022-52,476,2344b,NA,NA,NA,NA,NA,NA,2022-12-30,mp,FALSE,mp,profile001
H5N1.NA.EPI_ISL_17885918.pelecaniformes.chile.NA.2023-01-26,H5N1,EPI_ISL_17885918,A/pelican/Nuble/233947-2/2023,2023-01-26,2023.07,2023-01,2023,Aves,pelecaniformes,pelecanidae,pelecanus sp.,pelican sp.,TRUE,wild,other,south america,chile,chl,-36.352932692973,-71.0631434301439,ñuble,cl.nb,-36.6455443686508,-71.9757909721378,A,2023-04,485,2344b,NA,NA,NA,NA,NA,NA,2023-01-26,mp,FALSE,mp,profile001
H5N1.NA.EPI_ISL_17885915.pelecaniformes.NA.NA.2023-01-24,H5N1,EPI_ISL_17885915,A/pelican/OHiggins/233663-1/2023,2023-01-24,2023.06,2023-01,2023,Aves,pelecaniformes,pelecanidae,pelecanus sp.,pelican sp.,TRUE,wild,other,NA,NA,NA,NA,NA,NA,NA,NA,NA,A,2023-04,NA,2344b,NA,NA,NA,NA,NA,NA,2023-01-24,mp,FALSE,mp,profile001
H5N1.NA.EPI_ISL_17885912.pelecaniformes.NA.NA.2023-01-24,H5N1,EPI_ISL_17885912,A/pelican/OHiggins/233721-1/2023,2023-01-24,2023.06,2023-01,2023,Aves,pelecaniformes,pelecanidae,pelecanus sp.,pelican sp.,TRUE,wild,other,NA,NA,NA,NA,NA,NA,NA,NA,NA,A,2023-04,NA,2344b,NA,NA,NA,NA,NA,NA,2023-01-24,mp,FALSE,mp,profile001
H5N1.NA.EPI_ISL_17885877.galliformes.chile.NA.2023-03-06,H5N1,EPI_ISL_17885877,A/chicken/Nuble/240155/2023,2023-03-06,2023.18,2023-03,2023,Aves,galliformes,phasianidae,gallus gallus (domestic type),red junglefowl (domestic type),TRUE,domestic,galliformes-domestic,south america,chile,chl,-36.352932692973,-71.0631434301439,ñuble,cl.nb,-36.6455443686508,-71.9757909721378,A,2023-10,485,2344b,NA,NA,NA,NA,NA,NA,2023-03-06,mp,FALSE,mp,profile001
H5N1.NA.EPI_ISL_17011956.pelecaniformes.chile.NA.2022-12-06,H5N1,EPI_ISL_17011956,A/Pelican/Chile/6955-1/2022,2022-12-06,2022.93,2022-12,2022,Aves,pelecaniformes,pelecanidae,pelecanus sp.,pelican sp.,TRUE,wild,other,south america,chile,chl,-36.352932692973,-71.0631434301439,NA,NA,NA,NA,A,2022-49,3696,2344b,NA,NA,NA,NA,NA,NA,2022-12-06,mp,FALSE,mp,profile001
H5N1.NA.EPI_ISL_16249730.galliformes.peru.NA.2022-11-29,H5N1,EPI_ISL_16249730,A/chicken/Peru/LIM-INS-003/2022,2022-11-29,2022.91,2022-11,2022,Aves,galliformes,phasianidae,gallus gallus (domestic type),red junglefowl (domestic type),TRUE,domestic,galliformes-domestic,south america,peru,per,-9.12690950582405,-74.3967035676846,NA,NA,NA,NA,A,2022-48,3827,2344b,NA,NA,NA,NA,NA,NA,2022-11-29,mp,FALSE,mp,profile001
H5N1.NA.EPI_ISL_16891401.pelecaniformes.chile.NA.2022-12-02,H5N1,EPI_ISL_16891401,A/Peruvian_pelican/Chile/C61740/2022,2022-12-02,2022.92,2022-12,2022,Aves,pelecaniformes,pelecanidae,pelecanus thagus,peruvian pelican,TRUE,wild,other,south america,chile,chl,-36.352932692973,-71.0631434301439,NA,NA,NA,NA,A,2022-48,3696,2344b,NA,NA,NA,NA,NA,NA,2022-12-02,mp,FALSE,mp,profile001
H5N1.NA.EPI_ISL_17885942.pelecaniformes.chile.NA.2022-12-09,H5N1,EPI_ISL_17885942,A/pelican/Tarapaca/227436-2/2022,2022-12-09,2022.94,2022-12,2022,Aves,pelecaniformes,pelecanidae,pelecanus sp.,pelican sp.,TRUE,wild,other,south america,chile,chl,-36.352932692973,-71.0631434301439,tarapacá,cl.ta,-20.1723893841755,-69.3557535441909,A,2022-49,487,2344b,NA,NA,NA,NA,NA,NA,2022-12-09,mp,FALSE,mp,profile001
H5N1.NA.EPI_ISL_18265436.pelecaniformes.peru.NA.2022-11-24,H5N1,EPI_ISL_18265436,A/pelican/Peru/PIU-SER028/2022,2022-11-24,2022.9,2022-11,2022,Aves,pelecaniformes,pelecanidae,pelecanus sp.,pelican sp.,TRUE,wild,other,south america,peru,per,-9.12690950582405,-74.3967035676846,NA,NA,NA,NA,A,2022-47,3827,2344b,NA,NA,NA,NA,NA,NA,2022-11-24,mp,FALSE,mp,profile001
H5N1.NA.EPI_ISL_18265434.suliformes.peru.NA.2022-11-24,H5N1,EPI_ISL_18265434,A/Guanay_cormorant/Peru/PIU-SER024/2022,2022-11-24,2022.9,2022-11,2022,Aves,suliformes,phalacrocoracidae,leucocarbo bougainvillii,guanay cormorant,TRUE,wild,other,south america,peru,per,-9.12690950582405,-74.3967035676846,NA,NA,NA,NA,A,2022-47,3827,2344b,NA,NA,NA,NA,NA,NA,2022-11-24,mp,FALSE,mp,profile001
H5N1.NA.EPI_ISL_18054507.pelecaniformes.peru.NA.2022-11-24,H5N1,EPI_ISL_18054507,A/pelican/Peru/PIU-028/2022,2022-11-24,2022.9,2022-11,2022,Aves,pelecaniformes,pelecanidae,pelecanus sp.,pelican sp.,TRUE,wild,other,south america,peru,per,-9.12690950582405,-74.3967035676846,NA,NA,NA,NA,A,2022-47,3827,2344b,NA,NA,NA,NA,NA,NA,2022-11-24,mp,FALSE,mp,profile001
H5N1.NA.EPI_ISL_18054500.suliformes.peru.NA.2022-11-24,H5N1,EPI_ISL_18054500,A/guanay_cormorant/Peru/PIU-024/2022,2022-11-24,2022.9,2022-11,2022,Aves,suliformes,phalacrocoracidae,leucocarbo bougainvillii,guanay cormorant,TRUE,wild,other,south america,peru,per,-9.12690950582405,-74.3967035676846,NA,NA,NA,NA,A,2022-47,3827,2344b,NA,NA,NA,NA,NA,NA,2022-11-24,mp,FALSE,mp,profile001
H5N1.NA.EPI_ISL_17885978.charadriiformes.chile.NA.2023-03-03,H5N1,EPI_ISL_17885978,A/sanderling/Arica_y_Parinacota/240265/2023,2023-03-03,2023.17,2023-03,2023,Aves,charadriiformes,scolopacidae,calidris alba,sanderling,TRUE,wild,charadriiformes-wild,south america,chile,chl,-36.352932692973,-71.0631434301439,arica y parinacota,cl.ap,-18.4968307906384,-69.6296363253853,A,2023-09,475,2344b,NA,NA,NA,NA,NA,NA,2023-03-03,mp,FALSE,mp,profile001
H5N1.NA.EPI_ISL_17885973.charadriiformes.chile.NA.2023-02-23,H5N1,EPI_ISL_17885973,A/tern/Maule/238507/2023,2023-02-23,2023.15,2023-02,2023,Aves,charadriiformes,laridae,laridae sp.,gull/tern sp.,TRUE,wild,charadriiformes-wild,south america,chile,chl,-36.352932692973,-71.0631434301439,maule,cl.ml,-35.6204383329149,-71.4454635697529,A,2023-08,484,2344b,NA,NA,NA,NA,NA,NA,2023-02-23,mp,FALSE,mp,profile001
H5N1.NA.EPI_ISL_17885964.galliformes.chile.NA.2023-03-07,H5N1,EPI_ISL_17885964,A/turkey/Nuble/240489-1/2023,2023-03-07,2023.18,2023-03,2023,Aves,galliformes,phasianidae,meleagris gallopavo (domestic type),wild turkey (domestic type),TRUE,domestic,galliformes-domestic,south america,chile,chl,-36.352932692973,-71.0631434301439,ñuble,cl.nb,-36.6455443686508,-71.9757909721378,A,2023-10,485,2344b,NA,NA,NA,NA,NA,NA,2023-03-07,mp,FALSE,mp,profile001
H5N1.NA.EPI_ISL_17885959.anseriformes.chile.NA.2023-03-14,H5N1,EPI_ISL_17885959,A/duck/Araucania/241914-2/2023,2023-03-14,2023.2,2023-03,2023,Aves,anseriformes,anatidae,anatidae (duck sp.),duck sp.,TRUE,wild,anseriformes-wild,south america,chile,chl,-36.352932692973,-71.0631434301439,araucanía,cl.ar,-38.6482992883006,-72.2753909310813,A,2023-11,474,2344b,NA,NA,NA,NA,NA,NA,2023-03-14,mp,FALSE,mp,profile001
H5N1.NA.EPI_ISL_17885954.galliformes.chile.NA.2023-03-02,H5N1,EPI_ISL_17885954,A/chicken/Araucania/239569-1/2023,2023-03-02,2023.16,2023-03,2023,Aves,galliformes,phasianidae,gallus gallus (domestic type),red junglefowl (domestic type),TRUE,domestic,galliformes-domestic,south america,chile,chl,-36.352932692973,-71.0631434301439,araucanía,cl.ar,-38.6482992883006,-72.2753909310813,A,2023-09,474,2344b,NA,NA,NA,NA,NA,NA,2023-03-02,mp,FALSE,mp,profile001
H5N1.NA.EPI_ISL_17885953.charadriiformes.chile.NA.2022-12-23,H5N1,EPI_ISL_17885953,A/elegant_tern/Tarapaca/229133-1/2022,2022-12-23,2022.98,2022-12,2022,Aves,charadriiformes,laridae,thalasseus elegans,elegant tern,TRUE,wild,charadriiformes-wild,south america,chile,chl,-36.352932692973,-71.0631434301439,tarapacá,cl.ta,-20.1723893841755,-69.3557535441909,A,2022-51,487,2344b,NA,NA,NA,NA,NA,NA,2022-12-23,mp,FALSE,mp,profile001
H5N1.NA.EPI_ISL_17885952.galliformes.chile.NA.2023-03-02,H5N1,EPI_ISL_17885952,A/chicken/Araucania/239569-2/2023,2023-03-02,2023.16,2023-03,2023,Aves,galliformes,phasianidae,gallus gallus (domestic type),red junglefowl (domestic type),TRUE,domestic,galliformes-domestic,south america,chile,chl,-36.352932692973,-71.0631434301439,araucanía,cl.ar,-38.6482992883006,-72.2753909310813,A,2023-09,474,2344b,NA,NA,NA,NA,NA,NA,2023-03-02,mp,FALSE,mp,profile001
H5N1.NA.EPI_ISL_17885948.sphenisciformes.chile.NA.2023-02-28,H5N1,EPI_ISL_17885948,A/humboldt_penguin/Coquimbo/239590/2023,2023-02-28,2023.16,2023-02,2023,Aves,sphenisciformes,spheniscidae,spheniscus humboldti,humboldt penguin,TRUE,wild,other,south america,chile,chl,-36.352932692973,-71.0631434301439,coquimbo,cl.co,-30.6129967369273,-70.8586891785209,A,2023-09,479,2344b,NA,NA,NA,NA,NA,NA,2023-02-28,mp,FALSE,mp,profile001
H5N1.NA.EPI_ISL_17885945.galliformes.chile.NA.2023-03-14,H5N1,EPI_ISL_17885945,A/chicken/Araucania/241914-1/2023,2023-03-14,2023.2,2023-03,2023,Aves,galliformes,phasianidae,gallus gallus (domestic type),red junglefowl (domestic type),TRUE,domestic,galliformes-domestic,south america,chile,chl,-36.352932692973,-71.0631434301439,araucanía,cl.ar,-38.6482992883006,-72.2753909310813,A,2023-11,474,2344b,NA,NA,NA,NA,NA,NA,2023-03-14,mp,FALSE,mp,profile001
H5N1.NA.EPI_ISL_17885927.pelecaniformes.chile.NA.2022-12-22,H5N1,EPI_ISL_17885927,A/pelican/Atacama/229424-2/2022,2022-12-22,2022.97,2022-12,2022,Aves,pelecaniformes,pelecanidae,pelecanus sp.,pelican sp.,TRUE,wild,other,south america,chile,chl,-36.352932692973,-71.0631434301439,atacama,cl.at,-27.3880384326825,-69.902133937498,A,2022-51,476,2344b,NA,NA,NA,NA,NA,NA,2022-12-22,mp,FALSE,mp,profile001
H5N1.NA.EPI_ISL_18107069.anseriformes.united_states.NA.2022-09-15,H5N1,EPI_ISL_18107069,A/redhead_duck/Minnesota/CEIRR-4003/2022,2022-09-15,2022.7,2022-09,2022,Aves,anseriformes,anatidae,aythya americana,redhead,TRUE,wild,anseriformes-wild,northern america,united states,usa,44.75294654392,-103.651025114044,minnesota,us.mn,46.3193148536411,-94.1968042401401,A,2022-37,3426,2344b,NA,NA,NA,NA,NA,NA,2022-09-15,mp,FALSE,mp,profile001
H5N1.NA.EPI_ISL_18107045.anseriformes.united_states.NA.2022-09-19,H5N1,EPI_ISL_18107045,A/redhead_duck/Minnesota/CEIRR-4017/2022,2022-09-19,2022.72,2022-09,2022,Aves,anseriformes,anatidae,aythya americana,redhead,TRUE,wild,anseriformes-wild,northern america,united states,usa,44.75294654392,-103.651025114044,minnesota,us.mn,46.3193148536411,-94.1968042401401,A,2022-38,3426,2344b,NA,NA,NA,NA,NA,NA,2022-09-19,mp,FALSE,mp,profile001
H5N1.NA.EPI_ISL_18107024.anseriformes.united_states.NA.2022-09-17,H5N1,EPI_ISL_18107024,A/green_winged_teal/Minnesota/CEIRR-4011/2022,2022-09-17,2022.71,2022-09,2022,Aves,anseriformes,anatidae,anas crecca,green-winged teal,TRUE,wild,anseriformes-wild,northern america,united states,usa,44.75294654392,-103.651025114044,minnesota,us.mn,46.3193148536411,-94.1968042401401,A,2022-37,3426,2344b,NA,NA,NA,NA,NA,NA,2022-09-17,mp,FALSE,mp,profile001
H5N1.NA.EPI_ISL_18107023.anseriformes.united_states.NA.2022-09-17,H5N1,EPI_ISL_18107023,A/green_winged_teal/Minnesota/CEIRR-3856/2022,2022-09-17,2022.71,2022-09,2022,Aves,anseriformes,anatidae,anas crecca,green-winged teal,TRUE,wild,anseriformes-wild,northern america,united states,usa,44.75294654392,-103.651025114044,minnesota,us.mn,46.3193148536411,-94.1968042401401,A,2022-37,3426,2344b,NA,NA,NA,NA,NA,NA,2022-09-17,mp,FALSE,mp,profile001
H5N1.2344b.EPI_ISL_17471938.anseriformes.united_states.4_4_8_1_2_1_1_1.2022-09-15,H5N1,EPI_ISL_17471938,A/duck/Minnesota/UGAI22-3591/2022,2022-09-15,2022.7,2022-09,2022,Aves,anseriformes,anatidae,anatidae (duck sp.),duck sp.,TRUE,wild,anseriformes-wild,northern america,united states,usa,44.75294654392,-103.651025114044,minnesota,us.mn,46.3193148536411,-94.1968042401401,A,2022-37,3426,2344b,North America / United States / Minnesota / NA / NA,4_4_8_1_2_1_1_1,H5N1/2022/R13_NAmerica,25,major,#7633cc,2022-09-15,mp,FALSE,mp,profile001
H5N1.2344b.EPI_ISL_17424655.anseriformes.united_states.4_4_8_1_2_1_1_1.2022-09-01,H5N1,EPI_ISL_17424655,A/duck/Minnesota/AV22-632/2022,2022-09-01,2022.67,2022-09,2022,Aves,anseriformes,anatidae,anatidae (duck sp.),duck sp.,TRUE,wild,anseriformes-wild,northern america,united states,usa,44.75294654392,-103.651025114044,minnesota,us.mn,46.3193148536411,-94.1968042401401,A,2022-35,3426,2344b,North America / United States / Minnesota / NA / NA,4_4_8_1_2_1_1_1,H5N1/2022/R13_NAmerica,25,major,#7633cc,2022-09-01,mp,FALSE,mp,profile001
H5N1.2344b.EPI_ISL_17424653.anseriformes.united_states.4_4_8_1_2_1_1_1.2022-09-29,H5N1,EPI_ISL_17424653,A/goose/Virginia/W22-773/2022,2022-09-29,2022.74,2022-09,2022,Aves,anseriformes,anatidae,anatidae (goose sp.),goose sp.,TRUE,wild,anseriformes-wild,northern america,united states,usa,44.75294654392,-103.651025114044,virginia,us.va,37.521949382177,-78.8510941434989,A,2022-39,3449,2344b,North America / United States / Virginia / NA / NA,4_4_8_1_2_1_1_1,H5N1/2022/R13_NAmerica,25,major,#7633cc,2022-09-29,mp,FALSE,mp,profile001
H5N1.2344b.EPI_ISL_17424651.anseriformes.united_states.4_4_8_1_2_1_1_1.2022-09-15,H5N1,EPI_ISL_17424651,A/blue-winged_teal/Minnesota/UGAI22-3611/2022,2022-09-15,2022.7,2022-09,2022,Aves,anseriformes,anatidae,spatula discors,blue-winged teal,TRUE,wild,anseriformes-wild,northern america,united states,usa,44.75294654392,-103.651025114044,minnesota,us.mn,46.3193148536411,-94.1968042401401,A,2022-37,3426,2344b,North America / United States / Minnesota / NA / NA,4_4_8_1_2_1_1_1,H5N1/2022/R13_NAmerica,25,major,#7633cc,2022-09-15,mp,FALSE,mp,profile001
H5N1.NA.EPI_ISL_17851903.galliformes.united_states.NA.2022-11-03,H5N1,EPI_ISL_17851903,A/chicken/Ohio/OH22-26275-3/2022,2022-11-03,2022.84,2022-11,2022,Aves,galliformes,phasianidae,gallus gallus (domestic type),red junglefowl (domestic type),TRUE,domestic,galliformes-domestic,northern america,united states,usa,44.75294654392,-103.651025114044,ohio,us.oh,40.470536265191,-82.6389467524245,A,2022-44,3438,2344b,NA,NA,NA,NA,NA,NA,2022-11-03,mp,FALSE,mp,profile001
H5N1.NA.EPI_ISL_17851880.galliformes.united_states.NA.2022-11-03,H5N1,EPI_ISL_17851880,A/chicken/Ohio/OH22-26275-2/2022,2022-11-03,2022.84,2022-11,2022,Aves,galliformes,phasianidae,gallus gallus (domestic type),red junglefowl (domestic type),TRUE,domestic,galliformes-domestic,northern america,united states,usa,44.75294654392,-103.651025114044,ohio,us.oh,40.470536265191,-82.6389467524245,A,2022-44,3438,2344b,NA,NA,NA,NA,NA,NA,2022-11-03,mp,FALSE,mp,profile001
H5N1.NA.EPI_ISL_17851876.galliformes.united_states.NA.2022-11-03,H5N1,EPI_ISL_17851876,A/chicken/Ohio/OH22-26275-1/2022,2022-11-03,2022.84,2022-11,2022,Aves,galliformes,phasianidae,gallus gallus (domestic type),red junglefowl (domestic type),TRUE,domestic,galliformes-domestic,northern america,united states,usa,44.75294654392,-103.651025114044,ohio,us.oh,40.470536265191,-82.6389467524245,A,2022-44,3438,2344b,NA,NA,NA,NA,NA,NA,2022-11-03,mp,FALSE,mp,profile001
H5N1.NA.EPI_ISL_17851860.galliformes.united_states.NA.2022-08-31,H5N1,EPI_ISL_17851860,A/silver_pheasant/Ohio/OH22-20552/2022,2022-08-31,2022.66,2022-08,2022,Aves,galliformes,phasianidae,lophura nycthemera,silver pheasant,TRUE,wild,galliformes-wild,northern america,united states,usa,44.75294654392,-103.651025114044,ohio,us.oh,40.470536265191,-82.6389467524245,A,2022-35,3438,2344b,NA,NA,NA,NA,NA,NA,2022-08-31,mp,FALSE,mp,profile001
H5N1.NA.EPI_ISL_17851850.anseriformes.united_states.NA.2022-08-31,H5N1,EPI_ISL_17851850,A/duck/Ohio/OH22-20551/2022,2022-08-31,2022.66,2022-08,2022,Aves,anseriformes,anatidae,anatidae (duck sp.),duck sp.,TRUE,wild,anseriformes-wild,northern america,united states,usa,44.75294654392,-103.651025114044,ohio,us.oh,40.470536265191,-82.6389467524245,A,2022-35,3438,2344b,NA,NA,NA,NA,NA,NA,2022-08-31,mp,FALSE,mp,profile001
H5N1.2344b.EPI_ISL_17690223.anseriformes.united_states.4_4_8_1_2_1_1_1.2022-09-14,H5N1,EPI_ISL_17690223,A/duck/Minnesota/UGAI22-3846/2022,2022-09-14,2022.7,2022-09,2022,Aves,anseriformes,anatidae,anatidae (duck sp.),duck sp.,TRUE,wild,anseriformes-wild,northern america,united states,usa,44.75294654392,-103.651025114044,minnesota,us.mn,46.3193148536411,-94.1968042401401,A,2022-37,3426,2344b,North America / United States / Minnesota / NA / NA,4_4_8_1_2_1_1_1,H5N1/2022/R13_NAmerica,25,major,#7633cc,2022-09-14,mp,FALSE,mp,profile001
H5N1.2344b.EPI_ISL_17424652.cathartiformes.united_states.4_4_8_1_2_1_1_1.2023-02-07,H5N1,EPI_ISL_17424652,A/black_vulture/Louisiana/W23-118/2023,2023-02-07,2023.1,2023-02,2023,Aves,cathartiformes,cathartidae,coragyps atratus,black vulture,FALSE,wild,other,northern america,united states,usa,44.75294654392,-103.651025114044,louisiana,us.la,31.0706065513525,-91.9998874220998,A,2023-06,3421,2344b,North America / United States / Louisiana / NA / NA,4_4_8_1_2_1_1_1,H5N1/2022/R13_NAmerica,25,major,#7633cc,2023-02-07,mp,FALSE,mp,profile001
H5N1.2344b.EPI_ISL_17424642.cathartiformes.united_states.4_4_8_1_2_1_1_1.2023-02-08,H5N1,EPI_ISL_17424642,A/black_vulture/Louisiana/W23-119/2023,2023-02-08,2023.1,2023-02,2023,Aves,cathartiformes,cathartidae,coragyps atratus,black vulture,FALSE,wild,other,northern america,united states,usa,44.75294654392,-103.651025114044,louisiana,us.la,31.0706065513525,-91.9998874220998,A,2023-06,3421,2344b,North America / United States / Louisiana / NA / NA,4_4_8_1_2_1_1_1,H5N1/2022/R13_NAmerica,25,major,#7633cc,2023-02-08,mp,FALSE,mp,profile001
H5N1.2344b.EPI_ISL_17424635.anseriformes.united_states.4_3_1_1_2_1_1_4.2022-10-01,H5N1,EPI_ISL_17424635,A/blue-winged_teal/Texas/UGAI22-3268/2022,2022-10-01,2022.75,2022-10,2022,Aves,anseriformes,anatidae,spatula discors,blue-winged teal,TRUE,wild,anseriformes-wild,northern america,united states,usa,44.75294654392,-103.651025114044,texas,us.tx,31.4721370523578,-99.3297472206491,A,2022-39,3446,2344b,North America / United States / Texas / NA / NA,4_3_1_1_2_1_1_4,NA,9,minor,#6f66cc,2022-10-01,mp,FALSE,mp,profile001
H5N1.NA.EPI_ISL_17851873.galliformes.united_states.NA.2022-09-12,H5N1,EPI_ISL_17851873,A/chicken/Ohio/OH22-21172-2/2022,2022-09-12,2022.7,2022-09,2022,Aves,galliformes,phasianidae,gallus gallus (domestic type),red junglefowl (domestic type),TRUE,domestic,galliformes-domestic,northern america,united states,usa,44.75294654392,-103.651025114044,ohio,us.oh,40.470536265191,-82.6389467524245,A,2022-37,3438,2344b,NA,NA,NA,NA,NA,NA,2022-09-12,mp,FALSE,mp,profile001
H5N1.NA.EPI_ISL_17851854.galliformes.united_states.NA.2022-09-12,H5N1,EPI_ISL_17851854,A/turkey/Ohio/OH22-21172-1/2022,2022-09-12,2022.7,2022-09,2022,Aves,galliformes,phasianidae,meleagris gallopavo (domestic type),wild turkey (domestic type),TRUE,domestic,galliformes-domestic,northern america,united states,usa,44.75294654392,-103.651025114044,ohio,us.oh,40.470536265191,-82.6389467524245,A,2022-37,3438,2344b,NA,NA,NA,NA,NA,NA,2022-09-12,mp,FALSE,mp,profile001
H5N1.NA.EPI_ISL_17154590.carnivora.united_states.NA.2022-05-10,H5N1,EPI_ISL_17154590,A/Vulpes_vulpes/USA/103994/2022,2022-05-10,2022.35,2022-05,2022,mammalia,carnivora,canidae,vulpes vulpes,red fox,FALSE,wild,mammal,northern america,united states,usa,44.75294654392,-103.651025114044,NA,NA,NA,NA,A,2022-19,3886,2344b,NA,NA,NA,NA,NA,NA,2022-05-10,mp,FALSE,mp,profile001
H5N1.2344b.EPI_ISL_16174374.accipitriformes.canada.7_4_6_1_2_1_1_1.2022-04-02,H5N1,EPI_ISL_16174374,A/RT-Hawk/ON/FAV-0210/2022,2022-04-02,2022.25,2022-04,2022,Aves,accipitriformes,accipitridae,buteo jamaicensis,red-tailed hawk,TRUE,wild,other,northern america,canada,can,60.4247452861293,-96.5129185126773,ontario,ca.on,49.9487786475991,-85.4342924782497,A,2022-13,442,2344b,North America / Canada / Ontario / NA / NA,7_4_6_1_2_1_1_1,H5N1/2022/R3_NAmerica,18,major,#9966cc,2022-04-02,mp,FALSE,mp,profile001
H5N1.2344b.EPI_ISL_16173528.accipitriformes.canada.7_4_6_1_2_1_1_1.2022-04-04,H5N1,EPI_ISL_16173528,A/Bald_Eagle/ON/FAV-0221-01/2022,2022-04-04,2022.25,2022-04,2022,Aves,accipitriformes,accipitridae,haliaeetus leucocephalus,bald eagle,TRUE,wild,other,northern america,canada,can,60.4247452861293,-96.5129185126773,ontario,ca.on,49.9487786475991,-85.4342924782497,A,2022-14,442,2344b,North America / Canada / Ontario / NA / NA,7_4_6_1_2_1_1_1,H5N1/2022/R3_NAmerica,18,major,#9966cc,2022-04-04,mp,FALSE,mp,profile001
H5N1.2344b.EPI_ISL_15214845.anseriformes.united_states.5_3_1_1_2_1_1_4.2022-04-08,H5N1,EPI_ISL_15214845,A/lesser_snow_goose/North_Dakota/ND-10/2022,2022-04-08,2022.27,2022-04,2022,Aves,anseriformes,anatidae,anser caerulescens,snow goose,TRUE,wild,anseriformes-wild,northern america,united states,usa,44.75294654392,-103.651025114044,north dakota,us.nd,47.4503665532251,-100.466131733191,A,2022-14,3437,2344b,North America / United States / NA / NA / NA,5_3_1_1_2_1_1_4,H5N1/2022/R8_NAmerica,9,dominant,#bacc99,2022-04-08,mp,FALSE,mp,profile001
H5N1.NA.EPI_ISL_14553811.carnivora.united_states.NA.2022-05-10,H5N1,EPI_ISL_14553811,A/Vulpes_vulpes/New_York/103994/2022,2022-05-10,2022.35,2022-05,2022,mammalia,carnivora,canidae,vulpes vulpes,red fox,FALSE,wild,mammal,northern america,united states,usa,44.75294654392,-103.651025114044,new york,us.ny,42.9905358128524,-75.6520434129946,A,2022-19,3435,NA,NA,NA,NA,NA,NA,NA,2022-05-10,mp,FALSE,mp,profileNA
H5N1.NA.EPI_ISL_17851901.galliformes.united_states.NA.2022-03-28,H5N1,EPI_ISL_17851901,A/chicken/Ohio/OH22-7075/2022,2022-03-28,2022.24,2022-03,2022,Aves,galliformes,phasianidae,gallus gallus (domestic type),red junglefowl (domestic type),TRUE,domestic,galliformes-domestic,northern america,united states,usa,44.75294654392,-103.651025114044,ohio,us.oh,40.470536265191,-82.6389467524245,A,2022-13,3438,NA,NA,NA,NA,NA,NA,NA,2022-03-28,mp,FALSE,mp,profileNA
