tipnames,virus_subtype,isolate_id,isolate_name,collection_date,collection_datedecimal,collection_datemonth,collection_dateyear,host_class,host_order,host_family,host_sciname,host_commonname,host_isbird,host_isdomestic,host_simplifiedhost,collection_regionname,collection_countryname,collection_countrycode,collection_countrylat,collection_countrylong,collection_subdiv1name,collection_subdiv1code,collection_subdiv1lat,collection_subdiv1long,clade.x,collection_original,cluster_profile,cluster_label.x,collection_tipdate,collection_dateerror,cluster_label.y,clade.y,number_Conti,number_hostType,Num_Sequence,Range_of_Host,Range_of_HostType,Host_Range_Per_Continent,Continent_of_Earliest_Date,Host_of_Earliest_Sample_Date,Range_of_Continent,Length_Between_First_Last_Sample,number_Mammal,prop_Mammal,group
H5N8|2344b|EPI_ISL_8215686|anseriformes|china|3_2_3_1_3_2_1_2|2021-05-17,H5N8,EPI_ISL_8215686,A/Bar-headed Goose/Tibet/XZQ18-1/2021,2021-05-17,2021.37260273973,2021-05,2021,anseriformes wild,anseriformes,NA,NA,NA,NA,wild,anseriformes-wild,eastern asia,china,chn,36.6848135465548,103.513718494908,xizang,cn.xz,31.7354796576819,88.2546629070738,2344b,NA,3_2_3_1_3_2_1_2,H5N8/2019/R7_Africa,2021-05-17,FALSE,H5N8/2019/R7_Africa,2.3.4.4b,3,7,1110,"Anseriformes, Galliformes, Falconiformes, Charadriiformes, Accipitriformes, Gruiformes, unknown avian, Suliformes, Strigiformes, Pelecaniformes, Mammal, Passeriformes, Ciconiiformes, Rheiformes, Podicipediformes, Columbiformes, environment","Anseriformes domestic, Galliformes, Avian other, Anseriformes wild, Charadriiformes, Mammal, environment","Anseriformes domestic - Asia, Galliformes - Asia, Avian other - Europe, Anseriformes wild - Europe, Galliformes - Europe, Anseriformes wild - Asia, Anseriformes domestic - Europe, Galliformes - Africa, Anseriformes domestic - Africa, Charadriiformes - Europe, Avian other - Asia, Mammal - Europe, Charadriiformes - Asia, environment - Asia, Avian other - Africa",Africa,Galliformes,"Asia, Europe, Africa",3.0219178082190865,4,0.0036036036036036,dominant
H5N8|2344b|EPI_ISL_8215685|anseriformes|china|3_2_3_1_3_2_1_2|2021-05-17,H5N8,EPI_ISL_8215685,A/Bar-headed Goose/Tibet/XZQ17-1/2021,2021-05-17,2021.37260273973,2021-05,2021,anseriformes wild,anseriformes,NA,NA,NA,NA,wild,anseriformes-wild,eastern asia,china,chn,36.6848135465548,103.513718494908,xizang,cn.xz,31.7354796576819,88.2546629070738,2344b,NA,3_2_3_1_3_2_1_2,H5N8/2019/R7_Africa,2021-05-17,FALSE,H5N8/2019/R7_Africa,2.3.4.4b,3,7,1110,"Anseriformes, Galliformes, Falconiformes, Charadriiformes, Accipitriformes, Gruiformes, unknown avian, Suliformes, Strigiformes, Pelecaniformes, Mammal, Passeriformes, Ciconiiformes, Rheiformes, Podicipediformes, Columbiformes, environment","Anseriformes domestic, Galliformes, Avian other, Anseriformes wild, Charadriiformes, Mammal, environment","Anseriformes domestic - Asia, Galliformes - Asia, Avian other - Europe, Anseriformes wild - Europe, Galliformes - Europe, Anseriformes wild - Asia, Anseriformes domestic - Europe, Galliformes - Africa, Anseriformes domestic - Africa, Charadriiformes - Europe, Avian other - Asia, Mammal - Europe, Charadriiformes - Asia, environment - Asia, Avian other - Africa",Africa,Galliformes,"Asia, Europe, Africa",3.0219178082190865,4,0.0036036036036036,dominant
H5N8|2344b|EPI_ISL_8215662|anseriformes|china|3_2_3_1_3_2_1_2|2021-05-17,H5N8,EPI_ISL_8215662,A/Bar-headed Goose/Tibet/XZQ13-1/2021,2021-05-17,2021.37260273973,2021-05,2021,anseriformes wild,anseriformes,NA,NA,NA,NA,wild,anseriformes-wild,eastern asia,china,chn,36.6848135465548,103.513718494908,xizang,cn.xz,31.7354796576819,88.2546629070738,2344b,NA,3_2_3_1_3_2_1_2,H5N8/2019/R7_Africa,2021-05-17,FALSE,H5N8/2019/R7_Africa,2.3.4.4b,3,7,1110,"Anseriformes, Galliformes, Falconiformes, Charadriiformes, Accipitriformes, Gruiformes, unknown avian, Suliformes, Strigiformes, Pelecaniformes, Mammal, Passeriformes, Ciconiiformes, Rheiformes, Podicipediformes, Columbiformes, environment","Anseriformes domestic, Galliformes, Avian other, Anseriformes wild, Charadriiformes, Mammal, environment","Anseriformes domestic - Asia, Galliformes - Asia, Avian other - Europe, Anseriformes wild - Europe, Galliformes - Europe, Anseriformes wild - Asia, Anseriformes domestic - Europe, Galliformes - Africa, Anseriformes domestic - Africa, Charadriiformes - Europe, Avian other - Asia, Mammal - Europe, Charadriiformes - Asia, environment - Asia, Avian other - Africa",Africa,Galliformes,"Asia, Europe, Africa",3.0219178082190865,4,0.0036036036036036,dominant
H5N8|2344b|EPI_ISL_8215661|anseriformes|china|3_2_3_1_3_2_1_2|2021-05-15,H5N8,EPI_ISL_8215661,A/Bar-headed Goose/Tibet/XZ181/2021,2021-05-15,2021.36712328767,2021-05,2021,anseriformes wild,anseriformes,NA,NA,NA,NA,wild,anseriformes-wild,eastern asia,china,chn,36.6848135465548,103.513718494908,xizang,cn.xz,31.7354796576819,88.2546629070738,2344b,NA,3_2_3_1_3_2_1_2,H5N8/2019/R7_Africa,2021-05-15,FALSE,H5N8/2019/R7_Africa,2.3.4.4b,3,7,1110,"Anseriformes, Galliformes, Falconiformes, Charadriiformes, Accipitriformes, Gruiformes, unknown avian, Suliformes, Strigiformes, Pelecaniformes, Mammal, Passeriformes, Ciconiiformes, Rheiformes, Podicipediformes, Columbiformes, environment","Anseriformes domestic, Galliformes, Avian other, Anseriformes wild, Charadriiformes, Mammal, environment","Anseriformes domestic - Asia, Galliformes - Asia, Avian other - Europe, Anseriformes wild - Europe, Galliformes - Europe, Anseriformes wild - Asia, Anseriformes domestic - Europe, Galliformes - Africa, Anseriformes domestic - Africa, Charadriiformes - Europe, Avian other - Asia, Mammal - Europe, Charadriiformes - Asia, environment - Asia, Avian other - Africa",Africa,Galliformes,"Asia, Europe, Africa",3.0219178082190865,4,0.0036036036036036,dominant
H5N8|2344b|EPI_ISL_8215660|anseriformes|china|3_2_3_1_3_2_1_2|2021-05-15,H5N8,EPI_ISL_8215660,A/Bar-headed Goose/Tibet/XZ81/2021,2021-05-15,2021.36712328767,2021-05,2021,anseriformes wild,anseriformes,NA,NA,NA,NA,wild,anseriformes-wild,eastern asia,china,chn,36.6848135465548,103.513718494908,xizang,cn.xz,31.7354796576819,88.2546629070738,2344b,NA,3_2_3_1_3_2_1_2,H5N8/2019/R7_Africa,2021-05-15,FALSE,H5N8/2019/R7_Africa,2.3.4.4b,3,7,1110,"Anseriformes, Galliformes, Falconiformes, Charadriiformes, Accipitriformes, Gruiformes, unknown avian, Suliformes, Strigiformes, Pelecaniformes, Mammal, Passeriformes, Ciconiiformes, Rheiformes, Podicipediformes, Columbiformes, environment","Anseriformes domestic, Galliformes, Avian other, Anseriformes wild, Charadriiformes, Mammal, environment","Anseriformes domestic - Asia, Galliformes - Asia, Avian other - Europe, Anseriformes wild - Europe, Galliformes - Europe, Anseriformes wild - Asia, Anseriformes domestic - Europe, Galliformes - Africa, Anseriformes domestic - Africa, Charadriiformes - Europe, Avian other - Asia, Mammal - Europe, Charadriiformes - Asia, environment - Asia, Avian other - Africa",Africa,Galliformes,"Asia, Europe, Africa",3.0219178082190865,4,0.0036036036036036,dominant
H5N8|2344b|EPI_ISL_8215659|anseriformes|china|3_2_3_1_3_2_1_2|2021-05-15,H5N8,EPI_ISL_8215659,A/Bar-headed Goose/Tibet/XZ71/2021,2021-05-15,2021.36712328767,2021-05,2021,anseriformes wild,anseriformes,NA,NA,NA,NA,wild,anseriformes-wild,eastern asia,china,chn,36.6848135465548,103.513718494908,xizang,cn.xz,31.7354796576819,88.2546629070738,2344b,NA,3_2_3_1_3_2_1_2,H5N8/2019/R7_Africa,2021-05-15,FALSE,H5N8/2019/R7_Africa,2.3.4.4b,3,7,1110,"Anseriformes, Galliformes, Falconiformes, Charadriiformes, Accipitriformes, Gruiformes, unknown avian, Suliformes, Strigiformes, Pelecaniformes, Mammal, Passeriformes, Ciconiiformes, Rheiformes, Podicipediformes, Columbiformes, environment","Anseriformes domestic, Galliformes, Avian other, Anseriformes wild, Charadriiformes, Mammal, environment","Anseriformes domestic - Asia, Galliformes - Asia, Avian other - Europe, Anseriformes wild - Europe, Galliformes - Europe, Anseriformes wild - Asia, Anseriformes domestic - Europe, Galliformes - Africa, Anseriformes domestic - Africa, Charadriiformes - Europe, Avian other - Asia, Mammal - Europe, Charadriiformes - Asia, environment - Asia, Avian other - Africa",Africa,Galliformes,"Asia, Europe, Africa",3.0219178082190865,4,0.0036036036036036,dominant
H5N8|2344b|EPI_ISL_8215658|anseriformes|china|3_2_3_1_3_2_1_2|2021-05-15,H5N8,EPI_ISL_8215658,A/Bar-headed Goose/Tibet/XZ6/2021,2021-05-15,2021.36712328767,2021-05,2021,anseriformes wild,anseriformes,NA,NA,NA,NA,wild,anseriformes-wild,eastern asia,china,chn,36.6848135465548,103.513718494908,xizang,cn.xz,31.7354796576819,88.2546629070738,2344b,NA,3_2_3_1_3_2_1_2,H5N8/2019/R7_Africa,2021-05-15,FALSE,H5N8/2019/R7_Africa,2.3.4.4b,3,7,1110,"Anseriformes, Galliformes, Falconiformes, Charadriiformes, Accipitriformes, Gruiformes, unknown avian, Suliformes, Strigiformes, Pelecaniformes, Mammal, Passeriformes, Ciconiiformes, Rheiformes, Podicipediformes, Columbiformes, environment","Anseriformes domestic, Galliformes, Avian other, Anseriformes wild, Charadriiformes, Mammal, environment","Anseriformes domestic - Asia, Galliformes - Asia, Avian other - Europe, Anseriformes wild - Europe, Galliformes - Europe, Anseriformes wild - Asia, Anseriformes domestic - Europe, Galliformes - Africa, Anseriformes domestic - Africa, Charadriiformes - Europe, Avian other - Asia, Mammal - Europe, Charadriiformes - Asia, environment - Asia, Avian other - Africa",Africa,Galliformes,"Asia, Europe, Africa",3.0219178082190865,4,0.0036036036036036,dominant
H5N8|2344b|EPI_ISL_8215657|anseriformes|china|3_2_3_1_3_2_1_2|2021-05-15,H5N8,EPI_ISL_8215657,A/Bar-headed Goose/Tibet/XZQ10-1/2021,2021-05-15,2021.36712328767,2021-05,2021,anseriformes wild,anseriformes,NA,NA,NA,NA,wild,anseriformes-wild,eastern asia,china,chn,36.6848135465548,103.513718494908,xizang,cn.xz,31.7354796576819,88.2546629070738,2344b,NA,3_2_3_1_3_2_1_2,H5N8/2019/R7_Africa,2021-05-15,FALSE,H5N8/2019/R7_Africa,2.3.4.4b,3,7,1110,"Anseriformes, Galliformes, Falconiformes, Charadriiformes, Accipitriformes, Gruiformes, unknown avian, Suliformes, Strigiformes, Pelecaniformes, Mammal, Passeriformes, Ciconiiformes, Rheiformes, Podicipediformes, Columbiformes, environment","Anseriformes domestic, Galliformes, Avian other, Anseriformes wild, Charadriiformes, Mammal, environment","Anseriformes domestic - Asia, Galliformes - Asia, Avian other - Europe, Anseriformes wild - Europe, Galliformes - Europe, Anseriformes wild - Asia, Anseriformes domestic - Europe, Galliformes - Africa, Anseriformes domestic - Africa, Charadriiformes - Europe, Avian other - Asia, Mammal - Europe, Charadriiformes - Asia, environment - Asia, Avian other - Africa",Africa,Galliformes,"Asia, Europe, Africa",3.0219178082190865,4,0.0036036036036036,dominant
H5N8|2344b|EPI_ISL_8215656|anseriformes|china|3_2_3_1_3_2_1_2|2021-05-15,H5N8,EPI_ISL_8215656,A/Bar-headed Goose/Tibet/XZQ9-1/2021,2021-05-15,2021.36712328767,2021-05,2021,anseriformes wild,anseriformes,NA,NA,NA,NA,wild,anseriformes-wild,eastern asia,china,chn,36.6848135465548,103.513718494908,xizang,cn.xz,31.7354796576819,88.2546629070738,2344b,NA,3_2_3_1_3_2_1_2,H5N8/2019/R7_Africa,2021-05-15,FALSE,H5N8/2019/R7_Africa,2.3.4.4b,3,7,1110,"Anseriformes, Galliformes, Falconiformes, Charadriiformes, Accipitriformes, Gruiformes, unknown avian, Suliformes, Strigiformes, Pelecaniformes, Mammal, Passeriformes, Ciconiiformes, Rheiformes, Podicipediformes, Columbiformes, environment","Anseriformes domestic, Galliformes, Avian other, Anseriformes wild, Charadriiformes, Mammal, environment","Anseriformes domestic - Asia, Galliformes - Asia, Avian other - Europe, Anseriformes wild - Europe, Galliformes - Europe, Anseriformes wild - Asia, Anseriformes domestic - Europe, Galliformes - Africa, Anseriformes domestic - Africa, Charadriiformes - Europe, Avian other - Asia, Mammal - Europe, Charadriiformes - Asia, environment - Asia, Avian other - Africa",Africa,Galliformes,"Asia, Europe, Africa",3.0219178082190865,4,0.0036036036036036,dominant
H5N8|2344b|EPI_ISL_8215655|anseriformes|china|3_2_3_1_3_2_1_2|2021-05-15,H5N8,EPI_ISL_8215655,A/Bar-headed Goose/Tibet/XZQ8-1/2021,2021-05-15,2021.36712328767,2021-05,2021,anseriformes wild,anseriformes,NA,NA,NA,NA,wild,anseriformes-wild,eastern asia,china,chn,36.6848135465548,103.513718494908,xizang,cn.xz,31.7354796576819,88.2546629070738,2344b,NA,3_2_3_1_3_2_1_2,H5N8/2019/R7_Africa,2021-05-15,FALSE,H5N8/2019/R7_Africa,2.3.4.4b,3,7,1110,"Anseriformes, Galliformes, Falconiformes, Charadriiformes, Accipitriformes, Gruiformes, unknown avian, Suliformes, Strigiformes, Pelecaniformes, Mammal, Passeriformes, Ciconiiformes, Rheiformes, Podicipediformes, Columbiformes, environment","Anseriformes domestic, Galliformes, Avian other, Anseriformes wild, Charadriiformes, Mammal, environment","Anseriformes domestic - Asia, Galliformes - Asia, Avian other - Europe, Anseriformes wild - Europe, Galliformes - Europe, Anseriformes wild - Asia, Anseriformes domestic - Europe, Galliformes - Africa, Anseriformes domestic - Africa, Charadriiformes - Europe, Avian other - Asia, Mammal - Europe, Charadriiformes - Asia, environment - Asia, Avian other - Africa",Africa,Galliformes,"Asia, Europe, Africa",3.0219178082190865,4,0.0036036036036036,dominant
H5N8|2344b|EPI_ISL_8215654|anseriformes|china|3_2_3_1_3_2_1_2|2021-05-15,H5N8,EPI_ISL_8215654,A/Bar-headed Goose/Tibet/XZQ7/2021,2021-05-15,2021.36712328767,2021-05,2021,anseriformes wild,anseriformes,NA,NA,NA,NA,wild,anseriformes-wild,eastern asia,china,chn,36.6848135465548,103.513718494908,xizang,cn.xz,31.7354796576819,88.2546629070738,2344b,NA,3_2_3_1_3_2_1_2,H5N8/2019/R7_Africa,2021-05-15,FALSE,H5N8/2019/R7_Africa,2.3.4.4b,3,7,1110,"Anseriformes, Galliformes, Falconiformes, Charadriiformes, Accipitriformes, Gruiformes, unknown avian, Suliformes, Strigiformes, Pelecaniformes, Mammal, Passeriformes, Ciconiiformes, Rheiformes, Podicipediformes, Columbiformes, environment","Anseriformes domestic, Galliformes, Avian other, Anseriformes wild, Charadriiformes, Mammal, environment","Anseriformes domestic - Asia, Galliformes - Asia, Avian other - Europe, Anseriformes wild - Europe, Galliformes - Europe, Anseriformes wild - Asia, Anseriformes domestic - Europe, Galliformes - Africa, Anseriformes domestic - Africa, Charadriiformes - Europe, Avian other - Asia, Mammal - Europe, Charadriiformes - Asia, environment - Asia, Avian other - Africa",Africa,Galliformes,"Asia, Europe, Africa",3.0219178082190865,4,0.0036036036036036,dominant
H5N8|2344b|EPI_ISL_8215653|anseriformes|china|3_2_3_1_3_2_1_2|2021-05-15,H5N8,EPI_ISL_8215653,A/Bar-headed Goose/Tibet/XZQ5-1/2021,2021-05-15,2021.36712328767,2021-05,2021,anseriformes wild,anseriformes,NA,NA,NA,NA,wild,anseriformes-wild,eastern asia,china,chn,36.6848135465548,103.513718494908,xizang,cn.xz,31.7354796576819,88.2546629070738,2344b,NA,3_2_3_1_3_2_1_2,H5N8/2019/R7_Africa,2021-05-15,FALSE,H5N8/2019/R7_Africa,2.3.4.4b,3,7,1110,"Anseriformes, Galliformes, Falconiformes, Charadriiformes, Accipitriformes, Gruiformes, unknown avian, Suliformes, Strigiformes, Pelecaniformes, Mammal, Passeriformes, Ciconiiformes, Rheiformes, Podicipediformes, Columbiformes, environment","Anseriformes domestic, Galliformes, Avian other, Anseriformes wild, Charadriiformes, Mammal, environment","Anseriformes domestic - Asia, Galliformes - Asia, Avian other - Europe, Anseriformes wild - Europe, Galliformes - Europe, Anseriformes wild - Asia, Anseriformes domestic - Europe, Galliformes - Africa, Anseriformes domestic - Africa, Charadriiformes - Europe, Avian other - Asia, Mammal - Europe, Charadriiformes - Asia, environment - Asia, Avian other - Africa",Africa,Galliformes,"Asia, Europe, Africa",3.0219178082190865,4,0.0036036036036036,dominant
H5N8|2344b|EPI_ISL_8215687|charadriiformes|china|3_2_3_1_3_2_1_2|2021-05-17,H5N8,EPI_ISL_8215687,A/Brown-headed Gull/Tibet/XZ19/2021,2021-05-17,2021.37260273973,2021-05,2021,charadriiformes,charadriiformes,NA,NA,NA,NA,wild,charadriiformes-wild,eastern asia,china,chn,36.6848135465548,103.513718494908,xizang,cn.xz,31.7354796576819,88.2546629070738,2344b,NA,3_2_3_1_3_2_1_2,H5N8/2019/R7_Africa,2021-05-17,FALSE,H5N8/2019/R7_Africa,2.3.4.4b,3,7,1110,"Anseriformes, Galliformes, Falconiformes, Charadriiformes, Accipitriformes, Gruiformes, unknown avian, Suliformes, Strigiformes, Pelecaniformes, Mammal, Passeriformes, Ciconiiformes, Rheiformes, Podicipediformes, Columbiformes, environment","Anseriformes domestic, Galliformes, Avian other, Anseriformes wild, Charadriiformes, Mammal, environment","Anseriformes domestic - Asia, Galliformes - Asia, Avian other - Europe, Anseriformes wild - Europe, Galliformes - Europe, Anseriformes wild - Asia, Anseriformes domestic - Europe, Galliformes - Africa, Anseriformes domestic - Africa, Charadriiformes - Europe, Avian other - Asia, Mammal - Europe, Charadriiformes - Asia, environment - Asia, Avian other - Africa",Africa,Galliformes,"Asia, Europe, Africa",3.0219178082190865,4,0.0036036036036036,dominant
H5N8|2344b|EPI_ISL_8215684|charadriiformes|china|3_2_3_1_3_2_1_2|2021-05-17,H5N8,EPI_ISL_8215684,A/Brown-headed Gull/Tibet/XZQ16-2/2021,2021-05-17,2021.37260273973,2021-05,2021,charadriiformes,charadriiformes,NA,NA,NA,NA,wild,charadriiformes-wild,eastern asia,china,chn,36.6848135465548,103.513718494908,xizang,cn.xz,31.7354796576819,88.2546629070738,2344b,NA,3_2_3_1_3_2_1_2,H5N8/2019/R7_Africa,2021-05-17,FALSE,H5N8/2019/R7_Africa,2.3.4.4b,3,7,1110,"Anseriformes, Galliformes, Falconiformes, Charadriiformes, Accipitriformes, Gruiformes, unknown avian, Suliformes, Strigiformes, Pelecaniformes, Mammal, Passeriformes, Ciconiiformes, Rheiformes, Podicipediformes, Columbiformes, environment","Anseriformes domestic, Galliformes, Avian other, Anseriformes wild, Charadriiformes, Mammal, environment","Anseriformes domestic - Asia, Galliformes - Asia, Avian other - Europe, Anseriformes wild - Europe, Galliformes - Europe, Anseriformes wild - Asia, Anseriformes domestic - Europe, Galliformes - Africa, Anseriformes domestic - Africa, Charadriiformes - Europe, Avian other - Asia, Mammal - Europe, Charadriiformes - Asia, environment - Asia, Avian other - Africa",Africa,Galliformes,"Asia, Europe, Africa",3.0219178082190865,4,0.0036036036036036,dominant
H5N8|2344b|EPI_ISL_8215663|charadriiformes|china|3_2_3_1_3_2_1_2|2021-05-17,H5N8,EPI_ISL_8215663,A/Brown-headed Gull/Tibet/XZQ15-2/2021,2021-05-17,2021.37260273973,2021-05,2021,charadriiformes,charadriiformes,NA,NA,NA,NA,wild,charadriiformes-wild,eastern asia,china,chn,36.6848135465548,103.513718494908,xizang,cn.xz,31.7354796576819,88.2546629070738,2344b,NA,3_2_3_1_3_2_1_2,H5N8/2019/R7_Africa,2021-05-17,FALSE,H5N8/2019/R7_Africa,2.3.4.4b,3,7,1110,"Anseriformes, Galliformes, Falconiformes, Charadriiformes, Accipitriformes, Gruiformes, unknown avian, Suliformes, Strigiformes, Pelecaniformes, Mammal, Passeriformes, Ciconiiformes, Rheiformes, Podicipediformes, Columbiformes, environment","Anseriformes domestic, Galliformes, Avian other, Anseriformes wild, Charadriiformes, Mammal, environment","Anseriformes domestic - Asia, Galliformes - Asia, Avian other - Europe, Anseriformes wild - Europe, Galliformes - Europe, Anseriformes wild - Asia, Anseriformes domestic - Europe, Galliformes - Africa, Anseriformes domestic - Africa, Charadriiformes - Europe, Avian other - Asia, Mammal - Europe, Charadriiformes - Asia, environment - Asia, Avian other - Africa",Africa,Galliformes,"Asia, Europe, Africa",3.0219178082190865,4,0.0036036036036036,dominant
H5N8|2344b|EPI_ISL_18012465|anseriformes|china|3_2_3_1_3_2_1_2|2021-11-05,H5N8,EPI_ISL_18012465,A/swan/Hebei/B01/2021,2021-11-05,2021.84383561644,2021-11,2021,anseriformes wild,anseriformes,NA,NA,NA,NA,wild,anseriformes-wild,eastern asia,china,chn,36.6848135465548,103.513718494908,hebei,cn.hb,39.5182972347816,116.100714730353,2344b,NA,3_2_3_1_3_2_1_2,H5N8/2019/R7_Africa,2021-11-05,FALSE,H5N8/2019/R7_Africa,2.3.4.4b,3,7,1110,"Anseriformes, Galliformes, Falconiformes, Charadriiformes, Accipitriformes, Gruiformes, unknown avian, Suliformes, Strigiformes, Pelecaniformes, Mammal, Passeriformes, Ciconiiformes, Rheiformes, Podicipediformes, Columbiformes, environment","Anseriformes domestic, Galliformes, Avian other, Anseriformes wild, Charadriiformes, Mammal, environment","Anseriformes domestic - Asia, Galliformes - Asia, Avian other - Europe, Anseriformes wild - Europe, Galliformes - Europe, Anseriformes wild - Asia, Anseriformes domestic - Europe, Galliformes - Africa, Anseriformes domestic - Africa, Charadriiformes - Europe, Avian other - Asia, Mammal - Europe, Charadriiformes - Asia, environment - Asia, Avian other - Africa",Africa,Galliformes,"Asia, Europe, Africa",3.0219178082190865,4,0.0036036036036036,dominant
H5N8|2344b|EPI_ISL_18012466|galliformes|china|3_2_3_1_3_2_1_2|2021-11-09,H5N8,EPI_ISL_18012466,A/pheasant/Hebei/B02/2021,2021-11-09,2021.85479452055,2021-11,2021,galliformes,galliformes,NA,NA,NA,NA,domestic,galliformes-domestic,eastern asia,china,chn,36.6848135465548,103.513718494908,hebei,cn.hb,39.5182972347816,116.100714730353,2344b,NA,3_2_3_1_3_2_1_2,H5N8/2019/R7_Africa,2021-11-09,FALSE,H5N8/2019/R7_Africa,2.3.4.4b,3,7,1110,"Anseriformes, Galliformes, Falconiformes, Charadriiformes, Accipitriformes, Gruiformes, unknown avian, Suliformes, Strigiformes, Pelecaniformes, Mammal, Passeriformes, Ciconiiformes, Rheiformes, Podicipediformes, Columbiformes, environment","Anseriformes domestic, Galliformes, Avian other, Anseriformes wild, Charadriiformes, Mammal, environment","Anseriformes domestic - Asia, Galliformes - Asia, Avian other - Europe, Anseriformes wild - Europe, Galliformes - Europe, Anseriformes wild - Asia, Anseriformes domestic - Europe, Galliformes - Africa, Anseriformes domestic - Africa, Charadriiformes - Europe, Avian other - Asia, Mammal - Europe, Charadriiformes - Asia, environment - Asia, Avian other - Africa",Africa,Galliformes,"Asia, Europe, Africa",3.0219178082190865,4,0.0036036036036036,dominant
H5N8|2344b|EPI_ISL_956418|anseriformes|china|3_2_3_1_3_2_1_2|2020-11-29,H5N8,EPI_ISL_956418,A/whooper_swan/Henan/CAS002-F18/2020,2020-11-29,2020.90983606557,2020-11,2020,anseriformes wild,anseriformes,NA,NA,NA,NA,wild,anseriformes-wild,eastern asia,china,chn,36.6848135465548,103.513718494908,henan,cn.he,33.8761853651454,113.614527263456,2344b,NA,3_2_3_1_3_2_1_2,H5N8/2019/R7_Africa,2020-11-29,FALSE,H5N8/2019/R7_Africa,2.3.4.4b,3,7,1110,"Anseriformes, Galliformes, Falconiformes, Charadriiformes, Accipitriformes, Gruiformes, unknown avian, Suliformes, Strigiformes, Pelecaniformes, Mammal, Passeriformes, Ciconiiformes, Rheiformes, Podicipediformes, Columbiformes, environment","Anseriformes domestic, Galliformes, Avian other, Anseriformes wild, Charadriiformes, Mammal, environment","Anseriformes domestic - Asia, Galliformes - Asia, Avian other - Europe, Anseriformes wild - Europe, Galliformes - Europe, Anseriformes wild - Asia, Anseriformes domestic - Europe, Galliformes - Africa, Anseriformes domestic - Africa, Charadriiformes - Europe, Avian other - Asia, Mammal - Europe, Charadriiformes - Asia, environment - Asia, Avian other - Africa",Africa,Galliformes,"Asia, Europe, Africa",3.0219178082190865,4,0.0036036036036036,dominant
H5N8|2344b|EPI_ISL_956417|anseriformes|china|3_2_3_1_3_2_1_2|2020-11-29,H5N8,EPI_ISL_956417,A/whooper_swan/Henan/CAS002-F17/2020,2020-11-29,2020.90983606557,2020-11,2020,anseriformes wild,anseriformes,NA,NA,NA,NA,wild,anseriformes-wild,eastern asia,china,chn,36.6848135465548,103.513718494908,henan,cn.he,33.8761853651454,113.614527263456,2344b,NA,3_2_3_1_3_2_1_2,H5N8/2019/R7_Africa,2020-11-29,FALSE,H5N8/2019/R7_Africa,2.3.4.4b,3,7,1110,"Anseriformes, Galliformes, Falconiformes, Charadriiformes, Accipitriformes, Gruiformes, unknown avian, Suliformes, Strigiformes, Pelecaniformes, Mammal, Passeriformes, Ciconiiformes, Rheiformes, Podicipediformes, Columbiformes, environment","Anseriformes domestic, Galliformes, Avian other, Anseriformes wild, Charadriiformes, Mammal, environment","Anseriformes domestic - Asia, Galliformes - Asia, Avian other - Europe, Anseriformes wild - Europe, Galliformes - Europe, Anseriformes wild - Asia, Anseriformes domestic - Europe, Galliformes - Africa, Anseriformes domestic - Africa, Charadriiformes - Europe, Avian other - Asia, Mammal - Europe, Charadriiformes - Asia, environment - Asia, Avian other - Africa",Africa,Galliformes,"Asia, Europe, Africa",3.0219178082190865,4,0.0036036036036036,dominant
H5N8|2344b|EPI_ISL_956415|anseriformes|china|3_2_3_1_3_2_1_2|2020-11-29,H5N8,EPI_ISL_956415,A/whooper_swan/Henan/CAS001-G/2020,2020-11-29,2020.90983606557,2020-11,2020,anseriformes wild,anseriformes,NA,NA,NA,NA,wild,anseriformes-wild,eastern asia,china,chn,36.6848135465548,103.513718494908,henan,cn.he,33.8761853651454,113.614527263456,2344b,NA,3_2_3_1_3_2_1_2,H5N8/2019/R7_Africa,2020-11-29,FALSE,H5N8/2019/R7_Africa,2.3.4.4b,3,7,1110,"Anseriformes, Galliformes, Falconiformes, Charadriiformes, Accipitriformes, Gruiformes, unknown avian, Suliformes, Strigiformes, Pelecaniformes, Mammal, Passeriformes, Ciconiiformes, Rheiformes, Podicipediformes, Columbiformes, environment","Anseriformes domestic, Galliformes, Avian other, Anseriformes wild, Charadriiformes, Mammal, environment","Anseriformes domestic - Asia, Galliformes - Asia, Avian other - Europe, Anseriformes wild - Europe, Galliformes - Europe, Anseriformes wild - Asia, Anseriformes domestic - Europe, Galliformes - Africa, Anseriformes domestic - Africa, Charadriiformes - Europe, Avian other - Asia, Mammal - Europe, Charadriiformes - Asia, environment - Asia, Avian other - Africa",Africa,Galliformes,"Asia, Europe, Africa",3.0219178082190865,4,0.0036036036036036,dominant
H5N8|2344b|EPI_ISL_956337|anseriformes|china|3_2_3_1_3_2_1_2|2020-11-29,H5N8,EPI_ISL_956337,A/whooper_swan/Henan/CAS001-K/2020,2020-11-29,2020.90983606557,2020-11,2020,anseriformes wild,anseriformes,NA,NA,NA,NA,wild,anseriformes-wild,eastern asia,china,chn,36.6848135465548,103.513718494908,henan,cn.he,33.8761853651454,113.614527263456,2344b,NA,3_2_3_1_3_2_1_2,H5N8/2019/R7_Africa,2020-11-29,FALSE,H5N8/2019/R7_Africa,2.3.4.4b,3,7,1110,"Anseriformes, Galliformes, Falconiformes, Charadriiformes, Accipitriformes, Gruiformes, unknown avian, Suliformes, Strigiformes, Pelecaniformes, Mammal, Passeriformes, Ciconiiformes, Rheiformes, Podicipediformes, Columbiformes, environment","Anseriformes domestic, Galliformes, Avian other, Anseriformes wild, Charadriiformes, Mammal, environment","Anseriformes domestic - Asia, Galliformes - Asia, Avian other - Europe, Anseriformes wild - Europe, Galliformes - Europe, Anseriformes wild - Asia, Anseriformes domestic - Europe, Galliformes - Africa, Anseriformes domestic - Africa, Charadriiformes - Europe, Avian other - Asia, Mammal - Europe, Charadriiformes - Asia, environment - Asia, Avian other - Africa",Africa,Galliformes,"Asia, Europe, Africa",3.0219178082190865,4,0.0036036036036036,dominant
H5N8|2344b|EPI_ISL_17212363|galliformes|united_kingdom|3_2_3_1_3_2_1_2|2020-11-01,H5N8,EPI_ISL_17212363,A/chicken/England/030786/2020,2020-11-01,2020.83333333333,2020-11,2020,galliformes,galliformes,NA,NA,NA,NA,domestic,galliformes-domestic,northern europe,united kingdom,gbr,54.0438440515314,-2.78687513666638,NA,NA,NA,NA,2344b,NA,3_2_3_1_3_2_1_2,H5N8/2019/R7_Africa,2020-11-01,FALSE,H5N8/2019/R7_Africa,2.3.4.4b,3,7,1110,"Anseriformes, Galliformes, Falconiformes, Charadriiformes, Accipitriformes, Gruiformes, unknown avian, Suliformes, Strigiformes, Pelecaniformes, Mammal, Passeriformes, Ciconiiformes, Rheiformes, Podicipediformes, Columbiformes, environment","Anseriformes domestic, Galliformes, Avian other, Anseriformes wild, Charadriiformes, Mammal, environment","Anseriformes domestic - Asia, Galliformes - Asia, Avian other - Europe, Anseriformes wild - Europe, Galliformes - Europe, Anseriformes wild - Asia, Anseriformes domestic - Europe, Galliformes - Africa, Anseriformes domestic - Africa, Charadriiformes - Europe, Avian other - Asia, Mammal - Europe, Charadriiformes - Asia, environment - Asia, Avian other - Africa",Africa,Galliformes,"Asia, Europe, Africa",3.0219178082190865,4,0.0036036036036036,dominant
H5N8|2344b|EPI_ISL_18244181|anseriformes|poland|3_2_3_1_3_2_1_2|2021-01-19,H5N8,EPI_ISL_18244181,A/mute_swan/Poland/MB021-21-22VIR5675-11/2021,2021-01-19,2021.04931506849,2021-01,2021,anseriformes wild,anseriformes,NA,NA,NA,NA,wild,anseriformes-wild,eastern europe,poland,pol,52.1141994014432,19.4236724631525,kujawsko-pomorskie,na,53.0715649767005,18.4900760187441,2344b,NA,3_2_3_1_3_2_1_2,H5N8/2019/R7_Africa,2021-01-19,FALSE,H5N8/2019/R7_Africa,2.3.4.4b,3,7,1110,"Anseriformes, Galliformes, Falconiformes, Charadriiformes, Accipitriformes, Gruiformes, unknown avian, Suliformes, Strigiformes, Pelecaniformes, Mammal, Passeriformes, Ciconiiformes, Rheiformes, Podicipediformes, Columbiformes, environment","Anseriformes domestic, Galliformes, Avian other, Anseriformes wild, Charadriiformes, Mammal, environment","Anseriformes domestic - Asia, Galliformes - Asia, Avian other - Europe, Anseriformes wild - Europe, Galliformes - Europe, Anseriformes wild - Asia, Anseriformes domestic - Europe, Galliformes - Africa, Anseriformes domestic - Africa, Charadriiformes - Europe, Avian other - Asia, Mammal - Europe, Charadriiformes - Asia, environment - Asia, Avian other - Africa",Africa,Galliformes,"Asia, Europe, Africa",3.0219178082190865,4,0.0036036036036036,dominant
H5N8|2344b|EPI_ISL_18244493|anseriformes|poland|3_2_3_1_3_2_1_2|2021-02-18,H5N8,EPI_ISL_18244493,A/swan/Poland/MB122-21_22VIR5675-9/2021,2021-02-18,2021.13150684931,2021-02,2021,anseriformes wild,anseriformes,NA,NA,NA,NA,wild,anseriformes-wild,eastern europe,poland,pol,52.1141994014432,19.4236724631525,wielkopolskie,na,52.3269678786096,17.250141052842,2344b,NA,3_2_3_1_3_2_1_2,H5N8/2019/R7_Africa,2021-02-18,FALSE,H5N8/2019/R7_Africa,2.3.4.4b,3,7,1110,"Anseriformes, Galliformes, Falconiformes, Charadriiformes, Accipitriformes, Gruiformes, unknown avian, Suliformes, Strigiformes, Pelecaniformes, Mammal, Passeriformes, Ciconiiformes, Rheiformes, Podicipediformes, Columbiformes, environment","Anseriformes domestic, Galliformes, Avian other, Anseriformes wild, Charadriiformes, Mammal, environment","Anseriformes domestic - Asia, Galliformes - Asia, Avian other - Europe, Anseriformes wild - Europe, Galliformes - Europe, Anseriformes wild - Asia, Anseriformes domestic - Europe, Galliformes - Africa, Anseriformes domestic - Africa, Charadriiformes - Europe, Avian other - Asia, Mammal - Europe, Charadriiformes - Asia, environment - Asia, Avian other - Africa",Africa,Galliformes,"Asia, Europe, Africa",3.0219178082190865,4,0.0036036036036036,dominant
H5N8|2344b|EPI_ISL_18244810|accipitriformes|poland|3_2_3_1_3_2_1_2|2021-02-19,H5N8,EPI_ISL_18244810,A/buzzard/Poland/MB129-21_22VIR5675-7/2021,2021-02-19,2021.13424657534,2021-02,2021,avian other,accipitriformes,NA,NA,NA,NA,wild,other,eastern europe,poland,pol,52.1141994014432,19.4236724631525,śląskie,na,50.3295799025895,18.9932551559921,2344b,NA,3_2_3_1_3_2_1_2,H5N8/2019/R7_Africa,2021-02-19,FALSE,H5N8/2019/R7_Africa,2.3.4.4b,3,7,1110,"Anseriformes, Galliformes, Falconiformes, Charadriiformes, Accipitriformes, Gruiformes, unknown avian, Suliformes, Strigiformes, Pelecaniformes, Mammal, Passeriformes, Ciconiiformes, Rheiformes, Podicipediformes, Columbiformes, environment","Anseriformes domestic, Galliformes, Avian other, Anseriformes wild, Charadriiformes, Mammal, environment","Anseriformes domestic - Asia, Galliformes - Asia, Avian other - Europe, Anseriformes wild - Europe, Galliformes - Europe, Anseriformes wild - Asia, Anseriformes domestic - Europe, Galliformes - Africa, Anseriformes domestic - Africa, Charadriiformes - Europe, Avian other - Asia, Mammal - Europe, Charadriiformes - Asia, environment - Asia, Avian other - Africa",Africa,Galliformes,"Asia, Europe, Africa",3.0219178082190865,4,0.0036036036036036,dominant
H5N8|2344b|EPI_ISL_18244823|accipitriformes|poland|3_2_3_1_3_2_1_2|2021-03-09,H5N8,EPI_ISL_18244823,A/buzzard/Poland/MB277-21_22VIR5675-18/2021,2021-03-09,2021.18356164384,2021-03,2021,avian other,accipitriformes,NA,NA,NA,NA,wild,other,eastern europe,poland,pol,52.1141994014432,19.4236724631525,mazowieckie,na,52.3411657327183,21.0998506797105,2344b,NA,3_2_3_1_3_2_1_2,H5N8/2019/R7_Africa,2021-03-09,FALSE,H5N8/2019/R7_Africa,2.3.4.4b,3,7,1110,"Anseriformes, Galliformes, Falconiformes, Charadriiformes, Accipitriformes, Gruiformes, unknown avian, Suliformes, Strigiformes, Pelecaniformes, Mammal, Passeriformes, Ciconiiformes, Rheiformes, Podicipediformes, Columbiformes, environment","Anseriformes domestic, Galliformes, Avian other, Anseriformes wild, Charadriiformes, Mammal, environment","Anseriformes domestic - Asia, Galliformes - Asia, Avian other - Europe, Anseriformes wild - Europe, Galliformes - Europe, Anseriformes wild - Asia, Anseriformes domestic - Europe, Galliformes - Africa, Anseriformes domestic - Africa, Charadriiformes - Europe, Avian other - Asia, Mammal - Europe, Charadriiformes - Asia, environment - Asia, Avian other - Africa",Africa,Galliformes,"Asia, Europe, Africa",3.0219178082190865,4,0.0036036036036036,dominant
H5N8|2344b|EPI_ISL_18245197|anseriformes|poland|3_2_3_1_3_2_1_2|2021-03-11,H5N8,EPI_ISL_18245197,A/mute_swan/Poland/MB292-21_22VIR5675-14/2021,2021-03-11,2021.18904109589,2021-03,2021,anseriformes wild,anseriformes,NA,NA,NA,NA,wild,anseriformes-wild,eastern europe,poland,pol,52.1141994014432,19.4236724631525,pomorskie,na,54.1541828653429,17.9878737941344,2344b,NA,3_2_3_1_3_2_1_2,H5N8/2019/R7_Africa,2021-03-11,FALSE,H5N8/2019/R7_Africa,2.3.4.4b,3,7,1110,"Anseriformes, Galliformes, Falconiformes, Charadriiformes, Accipitriformes, Gruiformes, unknown avian, Suliformes, Strigiformes, Pelecaniformes, Mammal, Passeriformes, Ciconiiformes, Rheiformes, Podicipediformes, Columbiformes, environment","Anseriformes domestic, Galliformes, Avian other, Anseriformes wild, Charadriiformes, Mammal, environment","Anseriformes domestic - Asia, Galliformes - Asia, Avian other - Europe, Anseriformes wild - Europe, Galliformes - Europe, Anseriformes wild - Asia, Anseriformes domestic - Europe, Galliformes - Africa, Anseriformes domestic - Africa, Charadriiformes - Europe, Avian other - Asia, Mammal - Europe, Charadriiformes - Asia, environment - Asia, Avian other - Africa",Africa,Galliformes,"Asia, Europe, Africa",3.0219178082190865,4,0.0036036036036036,dominant
H5N8|2344b|EPI_ISL_18245531|anseriformes|poland|3_2_3_1_3_2_1_2|2021-03-16,H5N8,EPI_ISL_18245531,A/mute_swan/Poland/MB306-21_22VIR5675-20/2021,2021-03-16,2021.20273972603,2021-03,2021,anseriformes wild,anseriformes,NA,NA,NA,NA,wild,anseriformes-wild,eastern europe,poland,pol,52.1141994014432,19.4236724631525,pomorskie,na,54.1541828653429,17.9878737941344,2344b,NA,3_2_3_1_3_2_1_2,H5N8/2019/R7_Africa,2021-03-16,FALSE,H5N8/2019/R7_Africa,2.3.4.4b,3,7,1110,"Anseriformes, Galliformes, Falconiformes, Charadriiformes, Accipitriformes, Gruiformes, unknown avian, Suliformes, Strigiformes, Pelecaniformes, Mammal, Passeriformes, Ciconiiformes, Rheiformes, Podicipediformes, Columbiformes, environment","Anseriformes domestic, Galliformes, Avian other, Anseriformes wild, Charadriiformes, Mammal, environment","Anseriformes domestic - Asia, Galliformes - Asia, Avian other - Europe, Anseriformes wild - Europe, Galliformes - Europe, Anseriformes wild - Asia, Anseriformes domestic - Europe, Galliformes - Africa, Anseriformes domestic - Africa, Charadriiformes - Europe, Avian other - Asia, Mammal - Europe, Charadriiformes - Asia, environment - Asia, Avian other - Africa",Africa,Galliformes,"Asia, Europe, Africa",3.0219178082190865,4,0.0036036036036036,dominant
H5N8|2344b|EPI_ISL_18245534|ciconiiformes|poland|3_2_3_1_3_2_1_2|2021-04-01,H5N8,EPI_ISL_18245534,A/white_stork/Poland/MB363-21_22VIR5675-15/2021,2021-04-01,2021.24657534247,2021-04,2021,avian other,ciconiiformes,NA,NA,NA,NA,wild,other,eastern europe,poland,pol,52.1141994014432,19.4236724631525,warmińsko-mazurskie,na,53.857820060305,20.8226086933633,2344b,NA,3_2_3_1_3_2_1_2,H5N8/2019/R7_Africa,2021-04-01,FALSE,H5N8/2019/R7_Africa,2.3.4.4b,3,7,1110,"Anseriformes, Galliformes, Falconiformes, Charadriiformes, Accipitriformes, Gruiformes, unknown avian, Suliformes, Strigiformes, Pelecaniformes, Mammal, Passeriformes, Ciconiiformes, Rheiformes, Podicipediformes, Columbiformes, environment","Anseriformes domestic, Galliformes, Avian other, Anseriformes wild, Charadriiformes, Mammal, environment","Anseriformes domestic - Asia, Galliformes - Asia, Avian other - Europe, Anseriformes wild - Europe, Galliformes - Europe, Anseriformes wild - Asia, Anseriformes domestic - Europe, Galliformes - Africa, Anseriformes domestic - Africa, Charadriiformes - Europe, Avian other - Asia, Mammal - Europe, Charadriiformes - Asia, environment - Asia, Avian other - Africa",Africa,Galliformes,"Asia, Europe, Africa",3.0219178082190865,4,0.0036036036036036,dominant
H5N8|2344b|EPI_ISL_18245535|anseriformes|poland|3_2_3_1_3_2_1_2|2021-04-07,H5N8,EPI_ISL_18245535,A/mute_swan/Poland/MB372-21_22VIR5675-19/2021,2021-04-07,2021.26301369863,2021-04,2021,anseriformes wild,anseriformes,NA,NA,NA,NA,wild,anseriformes-wild,eastern europe,poland,pol,52.1141994014432,19.4236724631525,wielkopolskie,na,52.3269678786096,17.250141052842,2344b,NA,3_2_3_1_3_2_1_2,H5N8/2019/R7_Africa,2021-04-07,FALSE,H5N8/2019/R7_Africa,2.3.4.4b,3,7,1110,"Anseriformes, Galliformes, Falconiformes, Charadriiformes, Accipitriformes, Gruiformes, unknown avian, Suliformes, Strigiformes, Pelecaniformes, Mammal, Passeriformes, Ciconiiformes, Rheiformes, Podicipediformes, Columbiformes, environment","Anseriformes domestic, Galliformes, Avian other, Anseriformes wild, Charadriiformes, Mammal, environment","Anseriformes domestic - Asia, Galliformes - Asia, Avian other - Europe, Anseriformes wild - Europe, Galliformes - Europe, Anseriformes wild - Asia, Anseriformes domestic - Europe, Galliformes - Africa, Anseriformes domestic - Africa, Charadriiformes - Europe, Avian other - Asia, Mammal - Europe, Charadriiformes - Asia, environment - Asia, Avian other - Africa",Africa,Galliformes,"Asia, Europe, Africa",3.0219178082190865,4,0.0036036036036036,dominant
H5N8|2344b|EPI_ISL_18361625|anseriformes|denmark|3_2_3_1_3_2_1_2|2022-01-03,H5N8,EPI_ISL_18361625,A/Whooper_swan/Denmark/00120-1.02/2022-01-03,2022-01-03,2022.00547945205,2022-01,2022,anseriformes wild,anseriformes,NA,NA,NA,NA,wild,anseriformes-wild,northern europe,denmark,dnk,55.9512996898935,10.0707816763207,midtjylland,dk.mj,56.2490598335433,9.39675377639095,2344b,NA,3_2_3_1_3_2_1_2,H5N8/2019/R7_Africa,2022-01-03,FALSE,H5N8/2019/R7_Africa,2.3.4.4b,3,7,1110,"Anseriformes, Galliformes, Falconiformes, Charadriiformes, Accipitriformes, Gruiformes, unknown avian, Suliformes, Strigiformes, Pelecaniformes, Mammal, Passeriformes, Ciconiiformes, Rheiformes, Podicipediformes, Columbiformes, environment","Anseriformes domestic, Galliformes, Avian other, Anseriformes wild, Charadriiformes, Mammal, environment","Anseriformes domestic - Asia, Galliformes - Asia, Avian other - Europe, Anseriformes wild - Europe, Galliformes - Europe, Anseriformes wild - Asia, Anseriformes domestic - Europe, Galliformes - Africa, Anseriformes domestic - Africa, Charadriiformes - Europe, Avian other - Asia, Mammal - Europe, Charadriiformes - Asia, environment - Asia, Avian other - Africa",Africa,Galliformes,"Asia, Europe, Africa",3.0219178082190865,4,0.0036036036036036,dominant
H5N8|2344b|EPI_ISL_18443659|anseriformes|denmark|3_2_3_1_3_2_1_2|2021-12-13,H5N8,EPI_ISL_18443659,A/whooper_swan/Denmark/25312-1.01/2021,2021-12-13,2021.94794520548,2021-12,2021,anseriformes wild,anseriformes,NA,NA,NA,NA,wild,anseriformes-wild,northern europe,denmark,dnk,55.9512996898935,10.0707816763207,midtjylland,dk.mj,56.2490598335433,9.39675377639095,2344b,NA,3_2_3_1_3_2_1_2,H5N8/2019/R7_Africa,2021-12-13,FALSE,H5N8/2019/R7_Africa,2.3.4.4b,3,7,1110,"Anseriformes, Galliformes, Falconiformes, Charadriiformes, Accipitriformes, Gruiformes, unknown avian, Suliformes, Strigiformes, Pelecaniformes, Mammal, Passeriformes, Ciconiiformes, Rheiformes, Podicipediformes, Columbiformes, environment","Anseriformes domestic, Galliformes, Avian other, Anseriformes wild, Charadriiformes, Mammal, environment","Anseriformes domestic - Asia, Galliformes - Asia, Avian other - Europe, Anseriformes wild - Europe, Galliformes - Europe, Anseriformes wild - Asia, Anseriformes domestic - Europe, Galliformes - Africa, Anseriformes domestic - Africa, Charadriiformes - Europe, Avian other - Asia, Mammal - Europe, Charadriiformes - Asia, environment - Asia, Avian other - Africa",Africa,Galliformes,"Asia, Europe, Africa",3.0219178082190865,4,0.0036036036036036,dominant
H5N8|2344b|EPI_ISL_18443661|galliformes|denmark|3_2_3_1_3_2_1_2|2022-01-06,H5N8,EPI_ISL_18443661,A/chicken/Denmark/00112-3/2022,2022-01-06,2022.01369863014,2022-01,2022,galliformes,galliformes,NA,NA,NA,NA,domestic,galliformes-domestic,northern europe,denmark,dnk,55.9512996898935,10.0707816763207,midtjylland,dk.mj,56.2490598335433,9.39675377639095,2344b,NA,3_2_3_1_3_2_1_2,H5N8/2019/R7_Africa,2022-01-06,FALSE,H5N8/2019/R7_Africa,2.3.4.4b,3,7,1110,"Anseriformes, Galliformes, Falconiformes, Charadriiformes, Accipitriformes, Gruiformes, unknown avian, Suliformes, Strigiformes, Pelecaniformes, Mammal, Passeriformes, Ciconiiformes, Rheiformes, Podicipediformes, Columbiformes, environment","Anseriformes domestic, Galliformes, Avian other, Anseriformes wild, Charadriiformes, Mammal, environment","Anseriformes domestic - Asia, Galliformes - Asia, Avian other - Europe, Anseriformes wild - Europe, Galliformes - Europe, Anseriformes wild - Asia, Anseriformes domestic - Europe, Galliformes - Africa, Anseriformes domestic - Africa, Charadriiformes - Europe, Avian other - Asia, Mammal - Europe, Charadriiformes - Asia, environment - Asia, Avian other - Africa",Africa,Galliformes,"Asia, Europe, Africa",3.0219178082190865,4,0.0036036036036036,dominant
H5N8|2344b|EPI_ISL_18458046|galliformes|lithuania|3_2_3_1_3_2_1_2|2021-04-23,H5N8,EPI_ISL_18458046,A/chicken/Lithuania/4323_21VIR3369-1/2021,2021-04-23,2021.30684931507,2021-04,2021,galliformes,galliformes,NA,NA,NA,NA,domestic,galliformes-domestic,northern europe,lithuania,ltu,55.332528278146,23.9147651507013,NA,NA,NA,NA,2344b,NA,3_2_3_1_3_2_1_2,H5N8/2019/R7_Africa,2021-04-23,FALSE,H5N8/2019/R7_Africa,2.3.4.4b,3,7,1110,"Anseriformes, Galliformes, Falconiformes, Charadriiformes, Accipitriformes, Gruiformes, unknown avian, Suliformes, Strigiformes, Pelecaniformes, Mammal, Passeriformes, Ciconiiformes, Rheiformes, Podicipediformes, Columbiformes, environment","Anseriformes domestic, Galliformes, Avian other, Anseriformes wild, Charadriiformes, Mammal, environment","Anseriformes domestic - Asia, Galliformes - Asia, Avian other - Europe, Anseriformes wild - Europe, Galliformes - Europe, Anseriformes wild - Asia, Anseriformes domestic - Europe, Galliformes - Africa, Anseriformes domestic - Africa, Charadriiformes - Europe, Avian other - Asia, Mammal - Europe, Charadriiformes - Asia, environment - Asia, Avian other - Africa",Africa,Galliformes,"Asia, Europe, Africa",3.0219178082190865,4,0.0036036036036036,dominant
H5N8|2344b|EPI_ISL_18458047|galliformes|lithuania|3_2_3_1_3_2_1_2|2021-04-24,H5N8,EPI_ISL_18458047,A/chicken/Lithuania/4518_21VIR3369-2/2021,2021-04-24,2021.3095890411,2021-04,2021,galliformes,galliformes,NA,NA,NA,NA,domestic,galliformes-domestic,northern europe,lithuania,ltu,55.332528278146,23.9147651507013,NA,NA,NA,NA,2344b,NA,3_2_3_1_3_2_1_2,H5N8/2019/R7_Africa,2021-04-24,FALSE,H5N8/2019/R7_Africa,2.3.4.4b,3,7,1110,"Anseriformes, Galliformes, Falconiformes, Charadriiformes, Accipitriformes, Gruiformes, unknown avian, Suliformes, Strigiformes, Pelecaniformes, Mammal, Passeriformes, Ciconiiformes, Rheiformes, Podicipediformes, Columbiformes, environment","Anseriformes domestic, Galliformes, Avian other, Anseriformes wild, Charadriiformes, Mammal, environment","Anseriformes domestic - Asia, Galliformes - Asia, Avian other - Europe, Anseriformes wild - Europe, Galliformes - Europe, Anseriformes wild - Asia, Anseriformes domestic - Europe, Galliformes - Africa, Anseriformes domestic - Africa, Charadriiformes - Europe, Avian other - Asia, Mammal - Europe, Charadriiformes - Asia, environment - Asia, Avian other - Africa",Africa,Galliformes,"Asia, Europe, Africa",3.0219178082190865,4,0.0036036036036036,dominant
H5N8|2344b|EPI_ISL_18458048|galliformes|lithuania|3_2_3_1_3_2_1_2|2021-04-25,H5N8,EPI_ISL_18458048,A/chicken/Lithuania/4525_21VIR3369-3/2021,2021-04-25,2021.31232876712,2021-04,2021,galliformes,galliformes,NA,NA,NA,NA,domestic,galliformes-domestic,northern europe,lithuania,ltu,55.332528278146,23.9147651507013,NA,NA,NA,NA,2344b,NA,3_2_3_1_3_2_1_2,H5N8/2019/R7_Africa,2021-04-25,FALSE,H5N8/2019/R7_Africa,2.3.4.4b,3,7,1110,"Anseriformes, Galliformes, Falconiformes, Charadriiformes, Accipitriformes, Gruiformes, unknown avian, Suliformes, Strigiformes, Pelecaniformes, Mammal, Passeriformes, Ciconiiformes, Rheiformes, Podicipediformes, Columbiformes, environment","Anseriformes domestic, Galliformes, Avian other, Anseriformes wild, Charadriiformes, Mammal, environment","Anseriformes domestic - Asia, Galliformes - Asia, Avian other - Europe, Anseriformes wild - Europe, Galliformes - Europe, Anseriformes wild - Asia, Anseriformes domestic - Europe, Galliformes - Africa, Anseriformes domestic - Africa, Charadriiformes - Europe, Avian other - Asia, Mammal - Europe, Charadriiformes - Asia, environment - Asia, Avian other - Africa",Africa,Galliformes,"Asia, Europe, Africa",3.0219178082190865,4,0.0036036036036036,dominant
H5N8|2344b|EPI_ISL_18458049|galliformes|lithuania|3_2_3_1_3_2_1_2|2021-04-28,H5N8,EPI_ISL_18458049,A/chicken/Lithuania/4760_21VIR3369-4/2021,2021-04-28,2021.32054794521,2021-04,2021,galliformes,galliformes,NA,NA,NA,NA,domestic,galliformes-domestic,northern europe,lithuania,ltu,55.332528278146,23.9147651507013,NA,NA,NA,NA,2344b,NA,3_2_3_1_3_2_1_2,H5N8/2019/R7_Africa,2021-04-28,FALSE,H5N8/2019/R7_Africa,2.3.4.4b,3,7,1110,"Anseriformes, Galliformes, Falconiformes, Charadriiformes, Accipitriformes, Gruiformes, unknown avian, Suliformes, Strigiformes, Pelecaniformes, Mammal, Passeriformes, Ciconiiformes, Rheiformes, Podicipediformes, Columbiformes, environment","Anseriformes domestic, Galliformes, Avian other, Anseriformes wild, Charadriiformes, Mammal, environment","Anseriformes domestic - Asia, Galliformes - Asia, Avian other - Europe, Anseriformes wild - Europe, Galliformes - Europe, Anseriformes wild - Asia, Anseriformes domestic - Europe, Galliformes - Africa, Anseriformes domestic - Africa, Charadriiformes - Europe, Avian other - Asia, Mammal - Europe, Charadriiformes - Asia, environment - Asia, Avian other - Africa",Africa,Galliformes,"Asia, Europe, Africa",3.0219178082190865,4,0.0036036036036036,dominant
H5N8|2344b|EPI_ISL_18458050|galliformes|lithuania|3_2_3_1_3_2_1_2|2021-04-28,H5N8,EPI_ISL_18458050,A/chicken/Lithuania/4762_21VIR3369-5/2021,2021-04-28,2021.32054794521,2021-04,2021,galliformes,galliformes,NA,NA,NA,NA,domestic,galliformes-domestic,northern europe,lithuania,ltu,55.332528278146,23.9147651507013,NA,NA,NA,NA,2344b,NA,3_2_3_1_3_2_1_2,H5N8/2019/R7_Africa,2021-04-28,FALSE,H5N8/2019/R7_Africa,2.3.4.4b,3,7,1110,"Anseriformes, Galliformes, Falconiformes, Charadriiformes, Accipitriformes, Gruiformes, unknown avian, Suliformes, Strigiformes, Pelecaniformes, Mammal, Passeriformes, Ciconiiformes, Rheiformes, Podicipediformes, Columbiformes, environment","Anseriformes domestic, Galliformes, Avian other, Anseriformes wild, Charadriiformes, Mammal, environment","Anseriformes domestic - Asia, Galliformes - Asia, Avian other - Europe, Anseriformes wild - Europe, Galliformes - Europe, Anseriformes wild - Asia, Anseriformes domestic - Europe, Galliformes - Africa, Anseriformes domestic - Africa, Charadriiformes - Europe, Avian other - Asia, Mammal - Europe, Charadriiformes - Asia, environment - Asia, Avian other - Africa",Africa,Galliformes,"Asia, Europe, Africa",3.0219178082190865,4,0.0036036036036036,dominant
H5N8|2344b|EPI_ISL_18458051|galliformes|lithuania|3_2_3_1_3_2_1_2|2021-04-30,H5N8,EPI_ISL_18458051,A/turkey/Lithuania/4849_21VIR3369-6/2021,2021-04-30,2021.32602739726,2021-04,2021,galliformes,galliformes,NA,NA,NA,NA,domestic,galliformes-domestic,northern europe,lithuania,ltu,55.332528278146,23.9147651507013,NA,NA,NA,NA,2344b,NA,3_2_3_1_3_2_1_2,H5N8/2019/R7_Africa,2021-04-30,FALSE,H5N8/2019/R7_Africa,2.3.4.4b,3,7,1110,"Anseriformes, Galliformes, Falconiformes, Charadriiformes, Accipitriformes, Gruiformes, unknown avian, Suliformes, Strigiformes, Pelecaniformes, Mammal, Passeriformes, Ciconiiformes, Rheiformes, Podicipediformes, Columbiformes, environment","Anseriformes domestic, Galliformes, Avian other, Anseriformes wild, Charadriiformes, Mammal, environment","Anseriformes domestic - Asia, Galliformes - Asia, Avian other - Europe, Anseriformes wild - Europe, Galliformes - Europe, Anseriformes wild - Asia, Anseriformes domestic - Europe, Galliformes - Africa, Anseriformes domestic - Africa, Charadriiformes - Europe, Avian other - Asia, Mammal - Europe, Charadriiformes - Asia, environment - Asia, Avian other - Africa",Africa,Galliformes,"Asia, Europe, Africa",3.0219178082190865,4,0.0036036036036036,dominant
H5N8|2344b|EPI_ISL_18458052|galliformes|lithuania|3_2_3_1_3_2_1_2|2021-05-03,H5N8,EPI_ISL_18458052,A/chicken/Lithuania/5089_21VIR3369-7/2021,2021-05-03,2021.33424657534,2021-05,2021,galliformes,galliformes,NA,NA,NA,NA,domestic,galliformes-domestic,northern europe,lithuania,ltu,55.332528278146,23.9147651507013,NA,NA,NA,NA,2344b,NA,3_2_3_1_3_2_1_2,H5N8/2019/R7_Africa,2021-05-03,FALSE,H5N8/2019/R7_Africa,2.3.4.4b,3,7,1110,"Anseriformes, Galliformes, Falconiformes, Charadriiformes, Accipitriformes, Gruiformes, unknown avian, Suliformes, Strigiformes, Pelecaniformes, Mammal, Passeriformes, Ciconiiformes, Rheiformes, Podicipediformes, Columbiformes, environment","Anseriformes domestic, Galliformes, Avian other, Anseriformes wild, Charadriiformes, Mammal, environment","Anseriformes domestic - Asia, Galliformes - Asia, Avian other - Europe, Anseriformes wild - Europe, Galliformes - Europe, Anseriformes wild - Asia, Anseriformes domestic - Europe, Galliformes - Africa, Anseriformes domestic - Africa, Charadriiformes - Europe, Avian other - Asia, Mammal - Europe, Charadriiformes - Asia, environment - Asia, Avian other - Africa",Africa,Galliformes,"Asia, Europe, Africa",3.0219178082190865,4,0.0036036036036036,dominant
H5N8|2344b|EPI_ISL_18361537|galliformes|denmark|3_2_3_1_3_2_1_2|2021-04-24,H5N8,EPI_ISL_18361537,A/pheasant/Denmark/19369-1.02/2021-04-29,2021-04-24,2021.3095890411,2021-04,2021,galliformes,galliformes,NA,NA,NA,NA,wild,galliformes-wild,northern europe,denmark,dnk,55.9512996898935,10.0707816763207,syddanmark,dk.sd,55.3568797999445,9.45020901930698,2344b,NA,3_2_3_1_3_2_1_2,H5N8/2019/R7_Africa,2021-04-24,FALSE,H5N8/2019/R7_Africa,2.3.4.4b,3,7,1110,"Anseriformes, Galliformes, Falconiformes, Charadriiformes, Accipitriformes, Gruiformes, unknown avian, Suliformes, Strigiformes, Pelecaniformes, Mammal, Passeriformes, Ciconiiformes, Rheiformes, Podicipediformes, Columbiformes, environment","Anseriformes domestic, Galliformes, Avian other, Anseriformes wild, Charadriiformes, Mammal, environment","Anseriformes domestic - Asia, Galliformes - Asia, Avian other - Europe, Anseriformes wild - Europe, Galliformes - Europe, Anseriformes wild - Asia, Anseriformes domestic - Europe, Galliformes - Africa, Anseriformes domestic - Africa, Charadriiformes - Europe, Avian other - Asia, Mammal - Europe, Charadriiformes - Asia, environment - Asia, Avian other - Africa",Africa,Galliformes,"Asia, Europe, Africa",3.0219178082190865,4,0.0036036036036036,dominant
H5N8|2344b|EPI_ISL_18112121|galliformes|united_kingdom|3_2_3_1_3_2_1_2|2021-01-26,H5N8,EPI_ISL_18112121,A/pheasant/Wales/9383/2021,2021-01-26,2021.06849315068,2021-01,2021,galliformes,galliformes,NA,NA,NA,NA,domestic,galliformes-domestic,northern europe,united kingdom,gbr,54.0438440515314,-2.78687513666638,wales,na,52.3299411115892,-3.76558183366802,2344b,NA,3_2_3_1_3_2_1_2,H5N8/2019/R7_Africa,2021-01-26,FALSE,H5N8/2019/R7_Africa,2.3.4.4b,3,7,1110,"Anseriformes, Galliformes, Falconiformes, Charadriiformes, Accipitriformes, Gruiformes, unknown avian, Suliformes, Strigiformes, Pelecaniformes, Mammal, Passeriformes, Ciconiiformes, Rheiformes, Podicipediformes, Columbiformes, environment","Anseriformes domestic, Galliformes, Avian other, Anseriformes wild, Charadriiformes, Mammal, environment","Anseriformes domestic - Asia, Galliformes - Asia, Avian other - Europe, Anseriformes wild - Europe, Galliformes - Europe, Anseriformes wild - Asia, Anseriformes domestic - Europe, Galliformes - Africa, Anseriformes domestic - Africa, Charadriiformes - Europe, Avian other - Asia, Mammal - Europe, Charadriiformes - Asia, environment - Asia, Avian other - Africa",Africa,Galliformes,"Asia, Europe, Africa",3.0219178082190865,4,0.0036036036036036,dominant
H5N8|2344b|EPI_ISL_18953094|falconiformes|denmark|3_2_3_1_3_2_1_2|2020-11-06,H5N8,EPI_ISL_18953094,A/peregrine_falcon/Denmark/14596-1/2020,2020-11-06,2020.84699453552,2020-11,2020,avian other,falconiformes,NA,NA,NA,NA,wild,other,northern europe,denmark,dnk,55.9512996898935,10.0707816763207,NA,NA,NA,NA,2344b,NA,3_2_3_1_3_2_1_2,H5N8/2019/R7_Africa,2020-11-06,FALSE,H5N8/2019/R7_Africa,2.3.4.4b,3,7,1110,"Anseriformes, Galliformes, Falconiformes, Charadriiformes, Accipitriformes, Gruiformes, unknown avian, Suliformes, Strigiformes, Pelecaniformes, Mammal, Passeriformes, Ciconiiformes, Rheiformes, Podicipediformes, Columbiformes, environment","Anseriformes domestic, Galliformes, Avian other, Anseriformes wild, Charadriiformes, Mammal, environment","Anseriformes domestic - Asia, Galliformes - Asia, Avian other - Europe, Anseriformes wild - Europe, Galliformes - Europe, Anseriformes wild - Asia, Anseriformes domestic - Europe, Galliformes - Africa, Anseriformes domestic - Africa, Charadriiformes - Europe, Avian other - Asia, Mammal - Europe, Charadriiformes - Asia, environment - Asia, Avian other - Africa",Africa,Galliformes,"Asia, Europe, Africa",3.0219178082190865,4,0.0036036036036036,dominant
H5N8|2344b|EPI_ISL_18953091|anseriformes|denmark|3_2_3_1_3_2_1_2|2020-11-09,H5N8,EPI_ISL_18953091,A/graylag_goose/Denmark/14535-1/2020,2020-11-09,2020.85519125683,2020-11,2020,anseriformes wild,anseriformes,NA,NA,NA,NA,wild,anseriformes-wild,northern europe,denmark,dnk,55.9512996898935,10.0707816763207,NA,NA,NA,NA,2344b,NA,3_2_3_1_3_2_1_2,H5N8/2019/R7_Africa,2020-11-09,FALSE,H5N8/2019/R7_Africa,2.3.4.4b,3,7,1110,"Anseriformes, Galliformes, Falconiformes, Charadriiformes, Accipitriformes, Gruiformes, unknown avian, Suliformes, Strigiformes, Pelecaniformes, Mammal, Passeriformes, Ciconiiformes, Rheiformes, Podicipediformes, Columbiformes, environment","Anseriformes domestic, Galliformes, Avian other, Anseriformes wild, Charadriiformes, Mammal, environment","Anseriformes domestic - Asia, Galliformes - Asia, Avian other - Europe, Anseriformes wild - Europe, Galliformes - Europe, Anseriformes wild - Asia, Anseriformes domestic - Europe, Galliformes - Africa, Anseriformes domestic - Africa, Charadriiformes - Europe, Avian other - Asia, Mammal - Europe, Charadriiformes - Asia, environment - Asia, Avian other - Africa",Africa,Galliformes,"Asia, Europe, Africa",3.0219178082190865,4,0.0036036036036036,dominant
H5N8|2344b|EPI_ISL_18953096|galliformes|denmark|3_2_3_1_3_2_1_2|2020-11-15,H5N8,EPI_ISL_18953096,A/chicken/Denmark/14819-6/2020,2020-11-15,2020.87158469945,2020-11,2020,galliformes,galliformes,NA,NA,NA,NA,domestic,galliformes-domestic,northern europe,denmark,dnk,55.9512996898935,10.0707816763207,NA,NA,NA,NA,2344b,NA,3_2_3_1_3_2_1_2,H5N8/2019/R7_Africa,2020-11-15,FALSE,H5N8/2019/R7_Africa,2.3.4.4b,3,7,1110,"Anseriformes, Galliformes, Falconiformes, Charadriiformes, Accipitriformes, Gruiformes, unknown avian, Suliformes, Strigiformes, Pelecaniformes, Mammal, Passeriformes, Ciconiiformes, Rheiformes, Podicipediformes, Columbiformes, environment","Anseriformes domestic, Galliformes, Avian other, Anseriformes wild, Charadriiformes, Mammal, environment","Anseriformes domestic - Asia, Galliformes - Asia, Avian other - Europe, Anseriformes wild - Europe, Galliformes - Europe, Anseriformes wild - Asia, Anseriformes domestic - Europe, Galliformes - Africa, Anseriformes domestic - Africa, Charadriiformes - Europe, Avian other - Asia, Mammal - Europe, Charadriiformes - Asia, environment - Asia, Avian other - Africa",Africa,Galliformes,"Asia, Europe, Africa",3.0219178082190865,4,0.0036036036036036,dominant
H5N8|2344b|EPI_ISL_18953097|accipitriformes|denmark|3_2_3_1_3_2_1_2|2020-11-06,H5N8,EPI_ISL_18953097,A/common_buzzard/Denmark/14600-1/2020,2020-11-06,2020.84699453552,2020-11,2020,avian other,accipitriformes,NA,NA,NA,NA,wild,other,northern europe,denmark,dnk,55.9512996898935,10.0707816763207,NA,NA,NA,NA,2344b,NA,3_2_3_1_3_2_1_2,H5N8/2019/R7_Africa,2020-11-06,FALSE,H5N8/2019/R7_Africa,2.3.4.4b,3,7,1110,"Anseriformes, Galliformes, Falconiformes, Charadriiformes, Accipitriformes, Gruiformes, unknown avian, Suliformes, Strigiformes, Pelecaniformes, Mammal, Passeriformes, Ciconiiformes, Rheiformes, Podicipediformes, Columbiformes, environment","Anseriformes domestic, Galliformes, Avian other, Anseriformes wild, Charadriiformes, Mammal, environment","Anseriformes domestic - Asia, Galliformes - Asia, Avian other - Europe, Anseriformes wild - Europe, Galliformes - Europe, Anseriformes wild - Asia, Anseriformes domestic - Europe, Galliformes - Africa, Anseriformes domestic - Africa, Charadriiformes - Europe, Avian other - Asia, Mammal - Europe, Charadriiformes - Asia, environment - Asia, Avian other - Africa",Africa,Galliformes,"Asia, Europe, Africa",3.0219178082190865,4,0.0036036036036036,dominant
H5N8|2344b|EPI_ISL_18953088|charadriiformes|denmark|3_2_3_1_3_2_1_2|2020-11-04,H5N8,EPI_ISL_18953088,A/black-headed_gull/Denmark/14139-4/2020,2020-11-04,2020.84153005464,2020-11,2020,charadriiformes,charadriiformes,NA,NA,NA,NA,wild,charadriiformes-wild,northern europe,denmark,dnk,55.9512996898935,10.0707816763207,NA,NA,NA,NA,2344b,NA,3_2_3_1_3_2_1_2,H5N8/2019/R7_Africa,2020-11-04,FALSE,H5N8/2019/R7_Africa,2.3.4.4b,3,7,1110,"Anseriformes, Galliformes, Falconiformes, Charadriiformes, Accipitriformes, Gruiformes, unknown avian, Suliformes, Strigiformes, Pelecaniformes, Mammal, Passeriformes, Ciconiiformes, Rheiformes, Podicipediformes, Columbiformes, environment","Anseriformes domestic, Galliformes, Avian other, Anseriformes wild, Charadriiformes, Mammal, environment","Anseriformes domestic - Asia, Galliformes - Asia, Avian other - Europe, Anseriformes wild - Europe, Galliformes - Europe, Anseriformes wild - Asia, Anseriformes domestic - Europe, Galliformes - Africa, Anseriformes domestic - Africa, Charadriiformes - Europe, Avian other - Asia, Mammal - Europe, Charadriiformes - Asia, environment - Asia, Avian other - Africa",Africa,Galliformes,"Asia, Europe, Africa",3.0219178082190865,4,0.0036036036036036,dominant
H5N8|2344b|EPI_ISL_18953098|anseriformes|denmark|3_2_3_1_3_2_1_2|2020-11-07,H5N8,EPI_ISL_18953098,A/barnacle_goose/Denmark/14600-2/2020,2020-11-07,2020.84972677596,2020-11,2020,anseriformes wild,anseriformes,NA,NA,NA,NA,wild,anseriformes-wild,northern europe,denmark,dnk,55.9512996898935,10.0707816763207,NA,NA,NA,NA,2344b,NA,3_2_3_1_3_2_1_2,H5N8/2019/R7_Africa,2020-11-07,FALSE,H5N8/2019/R7_Africa,2.3.4.4b,3,7,1110,"Anseriformes, Galliformes, Falconiformes, Charadriiformes, Accipitriformes, Gruiformes, unknown avian, Suliformes, Strigiformes, Pelecaniformes, Mammal, Passeriformes, Ciconiiformes, Rheiformes, Podicipediformes, Columbiformes, environment","Anseriformes domestic, Galliformes, Avian other, Anseriformes wild, Charadriiformes, Mammal, environment","Anseriformes domestic - Asia, Galliformes - Asia, Avian other - Europe, Anseriformes wild - Europe, Galliformes - Europe, Anseriformes wild - Asia, Anseriformes domestic - Europe, Galliformes - Africa, Anseriformes domestic - Africa, Charadriiformes - Europe, Avian other - Asia, Mammal - Europe, Charadriiformes - Asia, environment - Asia, Avian other - Africa",Africa,Galliformes,"Asia, Europe, Africa",3.0219178082190865,4,0.0036036036036036,dominant
H5N8|2344b|EPI_ISL_18953095|anseriformes|denmark|3_2_3_1_3_2_1_2|2020-11-15,H5N8,EPI_ISL_18953095,A/barnacle_goose/Denmark/14538-1/2020,2020-11-15,2020.87158469945,2020-11,2020,anseriformes wild,anseriformes,NA,NA,NA,NA,wild,anseriformes-wild,northern europe,denmark,dnk,55.9512996898935,10.0707816763207,NA,NA,NA,NA,2344b,NA,3_2_3_1_3_2_1_2,H5N8/2019/R7_Africa,2020-11-15,FALSE,H5N8/2019/R7_Africa,2.3.4.4b,3,7,1110,"Anseriformes, Galliformes, Falconiformes, Charadriiformes, Accipitriformes, Gruiformes, unknown avian, Suliformes, Strigiformes, Pelecaniformes, Mammal, Passeriformes, Ciconiiformes, Rheiformes, Podicipediformes, Columbiformes, environment","Anseriformes domestic, Galliformes, Avian other, Anseriformes wild, Charadriiformes, Mammal, environment","Anseriformes domestic - Asia, Galliformes - Asia, Avian other - Europe, Anseriformes wild - Europe, Galliformes - Europe, Anseriformes wild - Asia, Anseriformes domestic - Europe, Galliformes - Africa, Anseriformes domestic - Africa, Charadriiformes - Europe, Avian other - Asia, Mammal - Europe, Charadriiformes - Asia, environment - Asia, Avian other - Africa",Africa,Galliformes,"Asia, Europe, Africa",3.0219178082190865,4,0.0036036036036036,dominant
H5N8|2344b|EPI_ISL_18953093|anseriformes|denmark|3_2_3_1_3_2_1_2|2020-11-04,H5N8,EPI_ISL_18953093,A/barnacle_goose/Denmark/14537-1/2020,2020-11-04,2020.84153005464,2020-11,2020,anseriformes wild,anseriformes,NA,NA,NA,NA,wild,anseriformes-wild,northern europe,denmark,dnk,55.9512996898935,10.0707816763207,NA,NA,NA,NA,2344b,NA,3_2_3_1_3_2_1_2,H5N8/2019/R7_Africa,2020-11-04,FALSE,H5N8/2019/R7_Africa,2.3.4.4b,3,7,1110,"Anseriformes, Galliformes, Falconiformes, Charadriiformes, Accipitriformes, Gruiformes, unknown avian, Suliformes, Strigiformes, Pelecaniformes, Mammal, Passeriformes, Ciconiiformes, Rheiformes, Podicipediformes, Columbiformes, environment","Anseriformes domestic, Galliformes, Avian other, Anseriformes wild, Charadriiformes, Mammal, environment","Anseriformes domestic - Asia, Galliformes - Asia, Avian other - Europe, Anseriformes wild - Europe, Galliformes - Europe, Anseriformes wild - Asia, Anseriformes domestic - Europe, Galliformes - Africa, Anseriformes domestic - Africa, Charadriiformes - Europe, Avian other - Asia, Mammal - Europe, Charadriiformes - Asia, environment - Asia, Avian other - Africa",Africa,Galliformes,"Asia, Europe, Africa",3.0219178082190865,4,0.0036036036036036,dominant
H5N8|2344b|EPI_ISL_18953092|anseriformes|denmark|3_2_3_1_3_2_1_2|2020-11-05,H5N8,EPI_ISL_18953092,A/barnacle_goose/Denmark/14536-1/2020,2020-11-05,2020.84426229508,2020-11,2020,anseriformes wild,anseriformes,NA,NA,NA,NA,wild,anseriformes-wild,northern europe,denmark,dnk,55.9512996898935,10.0707816763207,NA,NA,NA,NA,2344b,NA,3_2_3_1_3_2_1_2,H5N8/2019/R7_Africa,2020-11-05,FALSE,H5N8/2019/R7_Africa,2.3.4.4b,3,7,1110,"Anseriformes, Galliformes, Falconiformes, Charadriiformes, Accipitriformes, Gruiformes, unknown avian, Suliformes, Strigiformes, Pelecaniformes, Mammal, Passeriformes, Ciconiiformes, Rheiformes, Podicipediformes, Columbiformes, environment","Anseriformes domestic, Galliformes, Avian other, Anseriformes wild, Charadriiformes, Mammal, environment","Anseriformes domestic - Asia, Galliformes - Asia, Avian other - Europe, Anseriformes wild - Europe, Galliformes - Europe, Anseriformes wild - Asia, Anseriformes domestic - Europe, Galliformes - Africa, Anseriformes domestic - Africa, Charadriiformes - Europe, Avian other - Asia, Mammal - Europe, Charadriiformes - Asia, environment - Asia, Avian other - Africa",Africa,Galliformes,"Asia, Europe, Africa",3.0219178082190865,4,0.0036036036036036,dominant
H5N8|2344b|EPI_ISL_18953090|anseriformes|denmark|3_2_3_1_3_2_1_2|2020-11-04,H5N8,EPI_ISL_18953090,A/barnacle_goose/Denmark/14534-1/2020,2020-11-04,2020.84153005464,2020-11,2020,anseriformes wild,anseriformes,NA,NA,NA,NA,wild,anseriformes-wild,northern europe,denmark,dnk,55.9512996898935,10.0707816763207,NA,NA,NA,NA,2344b,NA,3_2_3_1_3_2_1_2,H5N8/2019/R7_Africa,2020-11-04,FALSE,H5N8/2019/R7_Africa,2.3.4.4b,3,7,1110,"Anseriformes, Galliformes, Falconiformes, Charadriiformes, Accipitriformes, Gruiformes, unknown avian, Suliformes, Strigiformes, Pelecaniformes, Mammal, Passeriformes, Ciconiiformes, Rheiformes, Podicipediformes, Columbiformes, environment","Anseriformes domestic, Galliformes, Avian other, Anseriformes wild, Charadriiformes, Mammal, environment","Anseriformes domestic - Asia, Galliformes - Asia, Avian other - Europe, Anseriformes wild - Europe, Galliformes - Europe, Anseriformes wild - Asia, Anseriformes domestic - Europe, Galliformes - Africa, Anseriformes domestic - Africa, Charadriiformes - Europe, Avian other - Asia, Mammal - Europe, Charadriiformes - Asia, environment - Asia, Avian other - Africa",Africa,Galliformes,"Asia, Europe, Africa",3.0219178082190865,4,0.0036036036036036,dominant
H5N8|2344b|EPI_ISL_18953087|anseriformes|denmark|3_2_3_1_3_2_1_2|2020-11-04,H5N8,EPI_ISL_18953087,A/barnacle_goose/Denmark/14139-3/2020,2020-11-04,2020.84153005464,2020-11,2020,anseriformes wild,anseriformes,NA,NA,NA,NA,wild,anseriformes-wild,northern europe,denmark,dnk,55.9512996898935,10.0707816763207,NA,NA,NA,NA,2344b,NA,3_2_3_1_3_2_1_2,H5N8/2019/R7_Africa,2020-11-04,FALSE,H5N8/2019/R7_Africa,2.3.4.4b,3,7,1110,"Anseriformes, Galliformes, Falconiformes, Charadriiformes, Accipitriformes, Gruiformes, unknown avian, Suliformes, Strigiformes, Pelecaniformes, Mammal, Passeriformes, Ciconiiformes, Rheiformes, Podicipediformes, Columbiformes, environment","Anseriformes domestic, Galliformes, Avian other, Anseriformes wild, Charadriiformes, Mammal, environment","Anseriformes domestic - Asia, Galliformes - Asia, Avian other - Europe, Anseriformes wild - Europe, Galliformes - Europe, Anseriformes wild - Asia, Anseriformes domestic - Europe, Galliformes - Africa, Anseriformes domestic - Africa, Charadriiformes - Europe, Avian other - Asia, Mammal - Europe, Charadriiformes - Asia, environment - Asia, Avian other - Africa",Africa,Galliformes,"Asia, Europe, Africa",3.0219178082190865,4,0.0036036036036036,dominant
H5N8|2344b|EPI_ISL_18953086|anseriformes|denmark|3_2_3_1_3_2_1_2|2020-11-04,H5N8,EPI_ISL_18953086,A/barnacle_goose/Denmark/14139-2/2020,2020-11-04,2020.84153005464,2020-11,2020,anseriformes wild,anseriformes,NA,NA,NA,NA,wild,anseriformes-wild,northern europe,denmark,dnk,55.9512996898935,10.0707816763207,NA,NA,NA,NA,2344b,NA,3_2_3_1_3_2_1_2,H5N8/2019/R7_Africa,2020-11-04,FALSE,H5N8/2019/R7_Africa,2.3.4.4b,3,7,1110,"Anseriformes, Galliformes, Falconiformes, Charadriiformes, Accipitriformes, Gruiformes, unknown avian, Suliformes, Strigiformes, Pelecaniformes, Mammal, Passeriformes, Ciconiiformes, Rheiformes, Podicipediformes, Columbiformes, environment","Anseriformes domestic, Galliformes, Avian other, Anseriformes wild, Charadriiformes, Mammal, environment","Anseriformes domestic - Asia, Galliformes - Asia, Avian other - Europe, Anseriformes wild - Europe, Galliformes - Europe, Anseriformes wild - Asia, Anseriformes domestic - Europe, Galliformes - Africa, Anseriformes domestic - Africa, Charadriiformes - Europe, Avian other - Asia, Mammal - Europe, Charadriiformes - Asia, environment - Asia, Avian other - Africa",Africa,Galliformes,"Asia, Europe, Africa",3.0219178082190865,4,0.0036036036036036,dominant
H5N8|2344b|EPI_ISL_18953085|anseriformes|denmark|3_2_3_1_3_2_1_2|2020-11-04,H5N8,EPI_ISL_18953085,A/barnacle_goose/Denmark/14138-1/2020,2020-11-04,2020.84153005464,2020-11,2020,anseriformes wild,anseriformes,NA,NA,NA,NA,wild,anseriformes-wild,northern europe,denmark,dnk,55.9512996898935,10.0707816763207,NA,NA,NA,NA,2344b,NA,3_2_3_1_3_2_1_2,H5N8/2019/R7_Africa,2020-11-04,FALSE,H5N8/2019/R7_Africa,2.3.4.4b,3,7,1110,"Anseriformes, Galliformes, Falconiformes, Charadriiformes, Accipitriformes, Gruiformes, unknown avian, Suliformes, Strigiformes, Pelecaniformes, Mammal, Passeriformes, Ciconiiformes, Rheiformes, Podicipediformes, Columbiformes, environment","Anseriformes domestic, Galliformes, Avian other, Anseriformes wild, Charadriiformes, Mammal, environment","Anseriformes domestic - Asia, Galliformes - Asia, Avian other - Europe, Anseriformes wild - Europe, Galliformes - Europe, Anseriformes wild - Asia, Anseriformes domestic - Europe, Galliformes - Africa, Anseriformes domestic - Africa, Charadriiformes - Europe, Avian other - Asia, Mammal - Europe, Charadriiformes - Asia, environment - Asia, Avian other - Africa",Africa,Galliformes,"Asia, Europe, Africa",3.0219178082190865,4,0.0036036036036036,dominant
H5N8|2344b|EPI_ISL_4070847|galliformes|egypt|3_2_3_1_3_2_1_2|2019-06-25,H5N8,EPI_ISL_4070847,A/chicken/Egypt/F17230B/2019,2019-06-25,2019.47945205479,2019-06,2019,galliformes,galliformes,NA,NA,NA,NA,domestic,galliformes-domestic,northern africa,egypt,egy,26.5331366423868,29.7934978487062,NA,NA,NA,NA,2344b,NA,3_2_3_1_3_2_1_2,H5N8/2019/R7_Africa,2019-06-25,FALSE,H5N8/2019/R7_Africa,2.3.4.4b,3,7,1110,"Anseriformes, Galliformes, Falconiformes, Charadriiformes, Accipitriformes, Gruiformes, unknown avian, Suliformes, Strigiformes, Pelecaniformes, Mammal, Passeriformes, Ciconiiformes, Rheiformes, Podicipediformes, Columbiformes, environment","Anseriformes domestic, Galliformes, Avian other, Anseriformes wild, Charadriiformes, Mammal, environment","Anseriformes domestic - Asia, Galliformes - Asia, Avian other - Europe, Anseriformes wild - Europe, Galliformes - Europe, Anseriformes wild - Asia, Anseriformes domestic - Europe, Galliformes - Africa, Anseriformes domestic - Africa, Charadriiformes - Europe, Avian other - Asia, Mammal - Europe, Charadriiformes - Asia, environment - Asia, Avian other - Africa",Africa,Galliformes,"Asia, Europe, Africa",3.0219178082190865,4,0.0036036036036036,dominant
H5N8|2344b|EPI_ISL_17655578|environment|japan|3_2_3_1_3_2_1_2|2021-11-22,H5N8,EPI_ISL_17655578,A/environment/Kagoshima/KU-1a/2021 (H5N8),2021-11-22,2021.8904109589,2021-11,2021,environment,environment,NA,NA,NA,NA,NA,other,eastern asia,japan,jpn,37.3996665395305,137.574137168765,kagoshima,jp.ks,30.9949222722596,130.419711465505,2344b,NA,3_2_3_1_3_2_1_2,H5N8/2019/R7_Africa,2021-11-22,FALSE,H5N8/2019/R7_Africa,2.3.4.4b,3,7,1110,"Anseriformes, Galliformes, Falconiformes, Charadriiformes, Accipitriformes, Gruiformes, unknown avian, Suliformes, Strigiformes, Pelecaniformes, Mammal, Passeriformes, Ciconiiformes, Rheiformes, Podicipediformes, Columbiformes, environment","Anseriformes domestic, Galliformes, Avian other, Anseriformes wild, Charadriiformes, Mammal, environment","Anseriformes domestic - Asia, Galliformes - Asia, Avian other - Europe, Anseriformes wild - Europe, Galliformes - Europe, Anseriformes wild - Asia, Anseriformes domestic - Europe, Galliformes - Africa, Anseriformes domestic - Africa, Charadriiformes - Europe, Avian other - Asia, Mammal - Europe, Charadriiformes - Asia, environment - Asia, Avian other - Africa",Africa,Galliformes,"Asia, Europe, Africa",3.0219178082190865,4,0.0036036036036036,dominant
H5N8|2344b|EPI_ISL_17655579|environment|japan|3_2_3_1_3_2_1_2|2021-11-22,H5N8,EPI_ISL_17655579,A/environment/Kagoshima/KU-3a/2021 (H5N8),2021-11-22,2021.8904109589,2021-11,2021,environment,environment,NA,NA,NA,NA,NA,other,eastern asia,japan,jpn,37.3996665395305,137.574137168765,kagoshima,jp.ks,30.9949222722596,130.419711465505,2344b,NA,3_2_3_1_3_2_1_2,H5N8/2019/R7_Africa,2021-11-22,FALSE,H5N8/2019/R7_Africa,2.3.4.4b,3,7,1110,"Anseriformes, Galliformes, Falconiformes, Charadriiformes, Accipitriformes, Gruiformes, unknown avian, Suliformes, Strigiformes, Pelecaniformes, Mammal, Passeriformes, Ciconiiformes, Rheiformes, Podicipediformes, Columbiformes, environment","Anseriformes domestic, Galliformes, Avian other, Anseriformes wild, Charadriiformes, Mammal, environment","Anseriformes domestic - Asia, Galliformes - Asia, Avian other - Europe, Anseriformes wild - Europe, Galliformes - Europe, Anseriformes wild - Asia, Anseriformes domestic - Europe, Galliformes - Africa, Anseriformes domestic - Africa, Charadriiformes - Europe, Avian other - Asia, Mammal - Europe, Charadriiformes - Asia, environment - Asia, Avian other - Africa",Africa,Galliformes,"Asia, Europe, Africa",3.0219178082190865,4,0.0036036036036036,dominant
H5N8|2344b|EPI_ISL_17655581|environment|japan|3_2_3_1_3_2_1_2|2021-11-22,H5N8,EPI_ISL_17655581,A/environment/Kagoshima/KU-5a/2021 (H5N8),2021-11-22,2021.8904109589,2021-11,2021,environment,environment,NA,NA,NA,NA,NA,other,eastern asia,japan,jpn,37.3996665395305,137.574137168765,kagoshima,jp.ks,30.9949222722596,130.419711465505,2344b,NA,3_2_3_1_3_2_1_2,H5N8/2019/R7_Africa,2021-11-22,FALSE,H5N8/2019/R7_Africa,2.3.4.4b,3,7,1110,"Anseriformes, Galliformes, Falconiformes, Charadriiformes, Accipitriformes, Gruiformes, unknown avian, Suliformes, Strigiformes, Pelecaniformes, Mammal, Passeriformes, Ciconiiformes, Rheiformes, Podicipediformes, Columbiformes, environment","Anseriformes domestic, Galliformes, Avian other, Anseriformes wild, Charadriiformes, Mammal, environment","Anseriformes domestic - Asia, Galliformes - Asia, Avian other - Europe, Anseriformes wild - Europe, Galliformes - Europe, Anseriformes wild - Asia, Anseriformes domestic - Europe, Galliformes - Africa, Anseriformes domestic - Africa, Charadriiformes - Europe, Avian other - Asia, Mammal - Europe, Charadriiformes - Asia, environment - Asia, Avian other - Africa",Africa,Galliformes,"Asia, Europe, Africa",3.0219178082190865,4,0.0036036036036036,dominant
H5N8|2344b|EPI_ISL_17655582|environment|japan|3_2_3_1_3_2_1_2|2021-11-22,H5N8,EPI_ISL_17655582,A/environment/Kagoshima/KU-5b/2021 (H5N8),2021-11-22,2021.8904109589,2021-11,2021,environment,environment,NA,NA,NA,NA,NA,other,eastern asia,japan,jpn,37.3996665395305,137.574137168765,kagoshima,jp.ks,30.9949222722596,130.419711465505,2344b,NA,3_2_3_1_3_2_1_2,H5N8/2019/R7_Africa,2021-11-22,FALSE,H5N8/2019/R7_Africa,2.3.4.4b,3,7,1110,"Anseriformes, Galliformes, Falconiformes, Charadriiformes, Accipitriformes, Gruiformes, unknown avian, Suliformes, Strigiformes, Pelecaniformes, Mammal, Passeriformes, Ciconiiformes, Rheiformes, Podicipediformes, Columbiformes, environment","Anseriformes domestic, Galliformes, Avian other, Anseriformes wild, Charadriiformes, Mammal, environment","Anseriformes domestic - Asia, Galliformes - Asia, Avian other - Europe, Anseriformes wild - Europe, Galliformes - Europe, Anseriformes wild - Asia, Anseriformes domestic - Europe, Galliformes - Africa, Anseriformes domestic - Africa, Charadriiformes - Europe, Avian other - Asia, Mammal - Europe, Charadriiformes - Asia, environment - Asia, Avian other - Africa",Africa,Galliformes,"Asia, Europe, Africa",3.0219178082190865,4,0.0036036036036036,dominant
H5N8|2344b|EPI_ISL_17655583|environment|japan|3_2_3_1_3_2_1_2|2021-11-22,H5N8,EPI_ISL_17655583,A/environment/Kagoshima/KU-5c/2021 (H5N8),2021-11-22,2021.8904109589,2021-11,2021,environment,environment,NA,NA,NA,NA,NA,other,eastern asia,japan,jpn,37.3996665395305,137.574137168765,kagoshima,jp.ks,30.9949222722596,130.419711465505,2344b,NA,3_2_3_1_3_2_1_2,H5N8/2019/R7_Africa,2021-11-22,FALSE,H5N8/2019/R7_Africa,2.3.4.4b,3,7,1110,"Anseriformes, Galliformes, Falconiformes, Charadriiformes, Accipitriformes, Gruiformes, unknown avian, Suliformes, Strigiformes, Pelecaniformes, Mammal, Passeriformes, Ciconiiformes, Rheiformes, Podicipediformes, Columbiformes, environment","Anseriformes domestic, Galliformes, Avian other, Anseriformes wild, Charadriiformes, Mammal, environment","Anseriformes domestic - Asia, Galliformes - Asia, Avian other - Europe, Anseriformes wild - Europe, Galliformes - Europe, Anseriformes wild - Asia, Anseriformes domestic - Europe, Galliformes - Africa, Anseriformes domestic - Africa, Charadriiformes - Europe, Avian other - Asia, Mammal - Europe, Charadriiformes - Asia, environment - Asia, Avian other - Africa",Africa,Galliformes,"Asia, Europe, Africa",3.0219178082190865,4,0.0036036036036036,dominant
H5N8|2344b|EPI_ISL_17655584|environment|japan|3_2_3_1_3_2_1_2|2021-11-22,H5N8,EPI_ISL_17655584,A/environment/Kagoshima/KU-6a/2021 (H5N8),2021-11-22,2021.8904109589,2021-11,2021,environment,environment,NA,NA,NA,NA,NA,other,eastern asia,japan,jpn,37.3996665395305,137.574137168765,kagoshima,jp.ks,30.9949222722596,130.419711465505,2344b,NA,3_2_3_1_3_2_1_2,H5N8/2019/R7_Africa,2021-11-22,FALSE,H5N8/2019/R7_Africa,2.3.4.4b,3,7,1110,"Anseriformes, Galliformes, Falconiformes, Charadriiformes, Accipitriformes, Gruiformes, unknown avian, Suliformes, Strigiformes, Pelecaniformes, Mammal, Passeriformes, Ciconiiformes, Rheiformes, Podicipediformes, Columbiformes, environment","Anseriformes domestic, Galliformes, Avian other, Anseriformes wild, Charadriiformes, Mammal, environment","Anseriformes domestic - Asia, Galliformes - Asia, Avian other - Europe, Anseriformes wild - Europe, Galliformes - Europe, Anseriformes wild - Asia, Anseriformes domestic - Europe, Galliformes - Africa, Anseriformes domestic - Africa, Charadriiformes - Europe, Avian other - Asia, Mammal - Europe, Charadriiformes - Asia, environment - Asia, Avian other - Africa",Africa,Galliformes,"Asia, Europe, Africa",3.0219178082190865,4,0.0036036036036036,dominant
H5N8|2344b|EPI_ISL_17655598|environment|japan|3_2_3_1_3_2_1_2|2021-11-29,H5N8,EPI_ISL_17655598,A/environment/Kagoshima/KU-H3/2021 (H5N8),2021-11-29,2021.9095890411,2021-11,2021,environment,environment,NA,NA,NA,NA,NA,other,eastern asia,japan,jpn,37.3996665395305,137.574137168765,kagoshima,jp.ks,30.9949222722596,130.419711465505,2344b,NA,3_2_3_1_3_2_1_2,H5N8/2019/R7_Africa,2021-11-29,FALSE,H5N8/2019/R7_Africa,2.3.4.4b,3,7,1110,"Anseriformes, Galliformes, Falconiformes, Charadriiformes, Accipitriformes, Gruiformes, unknown avian, Suliformes, Strigiformes, Pelecaniformes, Mammal, Passeriformes, Ciconiiformes, Rheiformes, Podicipediformes, Columbiformes, environment","Anseriformes domestic, Galliformes, Avian other, Anseriformes wild, Charadriiformes, Mammal, environment","Anseriformes domestic - Asia, Galliformes - Asia, Avian other - Europe, Anseriformes wild - Europe, Galliformes - Europe, Anseriformes wild - Asia, Anseriformes domestic - Europe, Galliformes - Africa, Anseriformes domestic - Africa, Charadriiformes - Europe, Avian other - Asia, Mammal - Europe, Charadriiformes - Asia, environment - Asia, Avian other - Africa",Africa,Galliformes,"Asia, Europe, Africa",3.0219178082190865,4,0.0036036036036036,dominant
H5N8|2344b|EPI_ISL_17655601|environment|japan|3_2_3_1_3_2_1_2|2021-12-06,H5N8,EPI_ISL_17655601,A/environment/Kagoshima/KU-D7/2021 (H5N8),2021-12-06,2021.92876712329,2021-12,2021,environment,environment,NA,NA,NA,NA,NA,other,eastern asia,japan,jpn,37.3996665395305,137.574137168765,kagoshima,jp.ks,30.9949222722596,130.419711465505,2344b,NA,3_2_3_1_3_2_1_2,H5N8/2019/R7_Africa,2021-12-06,FALSE,H5N8/2019/R7_Africa,2.3.4.4b,3,7,1110,"Anseriformes, Galliformes, Falconiformes, Charadriiformes, Accipitriformes, Gruiformes, unknown avian, Suliformes, Strigiformes, Pelecaniformes, Mammal, Passeriformes, Ciconiiformes, Rheiformes, Podicipediformes, Columbiformes, environment","Anseriformes domestic, Galliformes, Avian other, Anseriformes wild, Charadriiformes, Mammal, environment","Anseriformes domestic - Asia, Galliformes - Asia, Avian other - Europe, Anseriformes wild - Europe, Galliformes - Europe, Anseriformes wild - Asia, Anseriformes domestic - Europe, Galliformes - Africa, Anseriformes domestic - Africa, Charadriiformes - Europe, Avian other - Asia, Mammal - Europe, Charadriiformes - Asia, environment - Asia, Avian other - Africa",Africa,Galliformes,"Asia, Europe, Africa",3.0219178082190865,4,0.0036036036036036,dominant
