tipnames,sequence_isolate,sequence_id,virus_subtype,collection_date,collection_year,host_commonname,host_sciname,host_order,host_family,host_class,collection_country,collection_subdiv1,collection_subdiv1_hanzi,collection_subdiv2,collection_subdiv2_hanzi,geometry,elevation,elevation_class,old_tipnames
H5N8|2344b|EPI_ISL_14836593|anseriformes|china|NA|2020-12-06,EPI_ISL_14836593,B312,H5N8,2020-12-06,2020,whooper swan,cygnus cygnus,anseriformes,anatidae,Aves,China,Henan,河南,Sanmenxia,三门峡市,"c(111.137646, 34.779495)",345,sea-level,A_Whooper_swan_Sanmenxia_B312_2020_H5N8
H5N8|2344b|EPI_ISL_14840107|anseriformes|china|NA|2021-03-15,EPI_ISL_14840107,B413,H5N8,2021-03-15,2021,whooper swan,cygnus cygnus,anseriformes,anatidae,Aves,China,Henan,河南,Sanmenxia,三门峡市,"c(111.137646, 34.779495)",345,sea-level,A_Whooper_swan_Sanmenxia_B413_2021_H5N8
H5N8|2344b|EPI_ISL_14838179|anseriformes|china|NA|2020-12-12,EPI_ISL_14838179,B497,H5N8,2020-12-12,2020,whooper swan,cygnus cygnus,anseriformes,anatidae,Aves,China,Henan,河南,Sanmenxia,三门峡市,"c(111.137646, 34.779495)",345,sea-level,A_Whooper_swan_Sanmenxia_B497_2020_H5N8
H5N8|2344b|EPI_ISL_14836426|anseriformes|china|NA|2020-12-01,EPI_ISL_14836426,B560,H5N8,2020-12-01,2020,whooper swan,cygnus cygnus,anseriformes,anatidae,Aves,China,Henan,河南,Sanmenxia,三门峡市,"c(111.137646, 34.779495)",345,sea-level,A_Whooper_swan_Sanmenxia_B560_2020_H5N8
H5N8|2344b|EPI_ISL_14839943|anseriformes|china|NA|2021-01-15,EPI_ISL_14839943,B1109,H5N8,2021-01-15,2021,whooper swan,cygnus cygnus,anseriformes,anatidae,Aves,China,Henan,河南,Sanmenxia,三门峡市,"c(111.137646, 34.779495)",345,sea-level,A_Whooper_swan_Sanmenxia_B1109_2021_H5N8
H5N8|2344b|EPI_ISL_14840034|anseriformes|china|NA|2020-01-15,EPI_ISL_14840034,B1770,H5N8,2020-01-15,2020,whooper swan,cygnus cygnus,anseriformes,anatidae,Aves,China,Henan,河南,Sanmenxia,三门峡市,"c(111.137646, 34.779495)",345,sea-level,A_Whooper_swan_Sanmenxia_B1770_2020_H5N8
H5N8|2344b|EPI_ISL_14840053|anseriformes|china|NA|2021-01-21,EPI_ISL_14840053,B2465,H5N8,2021-01-21,2021,whooper swan,cygnus cygnus,anseriformes,anatidae,Aves,China,Henan,河南,Sanmenxia,三门峡市,"c(111.137646, 34.779495)",345,sea-level,A_Whooper_swan_Sanmenxia_B2465_2021_H5N8
H5N8|2344b|EPI_ISL_14823424|anseriformes|china|NA|2020-10-30,EPI_ISL_14823424,Y1,H5N8,2020-10-30,2020,whooper swan,cygnus cygnus,anseriformes,anatidae,Aves,China,Henan,河南,Sanmenxia,三门峡市,"c(111.2000526, 34.7727068)",391,sea-level,A_Whooper_swan_Sanmenxia_Y1_2020_H5N8
H5N8|2344b|EPI_ISL_14823425|anseriformes|china|NA|2020-11-04,EPI_ISL_14823425,G2,H5N8,2020-11-04,2020,whooper swan,cygnus cygnus,anseriformes,anatidae,Aves,China,Henan,河南,Sanmenxia,三门峡市,"c(111.2000526, 34.7727068)",391,sea-level,A_Whooper_swan_Sanmenxia_G2_2020_H5N8
H5N8|2344b|EPI_ISL_14823426|anseriformes|china|NA|2020-11-05,EPI_ISL_14823426,Y6,H5N8,2020-11-05,2020,whooper swan,cygnus cygnus,anseriformes,anatidae,Aves,China,Henan,河南,Sanmenxia,三门峡市,"c(111.2000526, 34.7727068)",391,sea-level,A_Whooper_swan_Sanmenxia_Y6_2020_H5N8
H5N8|2344b|EPI_ISL_14823549|anseriformes|china|NA|2020-11-05,EPI_ISL_14823549,Y8,H5N8,2020-11-05,2020,whooper swan,cygnus cygnus,anseriformes,anatidae,Aves,China,Henan,河南,Sanmenxia,三门峡市,"c(111.2000526, 34.7727068)",391,sea-level,A_Whooper_swan_Sanmenxia_Y8_2020_H5N8
H5N8|2344b|EPI_ISL_14823646|anseriformes|china|NA|2020-11-08,EPI_ISL_14823646,Y10,H5N8,2020-11-08,2020,whooper swan,cygnus cygnus,anseriformes,anatidae,Aves,China,Henan,河南,Sanmenxia,三门峡市,"c(111.2000526, 34.7727068)",391,sea-level,A_Whooper_swan_Sanmenxia_Y10_2020_H5N8
H5N8|2344b|EPI_ISL_14823672|anseriformes|china|NA|2020-11-08,EPI_ISL_14823672,Y11,H5N8,2020-11-08,2020,whooper swan,cygnus cygnus,anseriformes,anatidae,Aves,China,Henan,河南,Sanmenxia,三门峡市,"c(111.2000526, 34.7727068)",391,sea-level,A_Whooper_swan_Sanmenxia_Y11_2020_H5N8
H5N8|2344b|EPI_ISL_14823811|anseriformes|china|NA|2020-11-08,EPI_ISL_14823811,Y12,H5N8,2020-11-08,2020,whooper swan,cygnus cygnus,anseriformes,anatidae,Aves,China,Henan,河南,Sanmenxia,三门峡市,"c(111.2000526, 34.7727068)",391,sea-level,A_Whooper_swan_Sanmenxia_Y12_2020_H5N8
H5N8|2344b|EPI_ISL_14823812|anseriformes|china|NA|2020-11-09,EPI_ISL_14823812,G13,H5N8,2020-11-09,2020,whooper swan,cygnus cygnus,anseriformes,anatidae,Aves,China,Henan,河南,Sanmenxia,三门峡市,"c(111.2000526, 34.7727068)",391,sea-level,A_Whooper_swan_Sanmenxia_G13_2020_H5N8
H5N8|2344b|EPI_ISL_14823813|anseriformes|china|NA|2020-11-09,EPI_ISL_14823813,Y14,H5N8,2020-11-09,2020,whooper swan,cygnus cygnus,anseriformes,anatidae,Aves,China,Henan,河南,Sanmenxia,三门峡市,"c(111.2000526, 34.7727068)",391,sea-level,A_Whooper_swan_Sanmenxia_Y14_2020_H5N8
H5N8|2344b|EPI_ISL_14823863|anseriformes|china|NA|2020-11-09,EPI_ISL_14823863,Y51,H5N8,2020-11-09,2020,whooper swan,cygnus cygnus,anseriformes,anatidae,Aves,China,Henan,河南,Sanmenxia,三门峡市,"c(111.2000526, 34.7727068)",391,sea-level,A_Whooper_swan_Sanmenxia_Y51_2020_H5N8
H5N8|2344b|EPI_ISL_14824026|anseriformes|china|NA|2020-11-10,EPI_ISL_14824026,G15,H5N8,2020-11-10,2020,whooper swan,cygnus cygnus,anseriformes,anatidae,Aves,China,Henan,河南,Sanmenxia,三门峡市,"c(111.2000526, 34.7727068)",391,sea-level,A_Whooper_swan_Sanmenxia_G15_2020_H5N8
H5N8|2344b|EPI_ISL_14824091|anseriformes|china|NA|2020-11-10,EPI_ISL_14824091,Y15,H5N8,2020-11-10,2020,whooper swan,cygnus cygnus,anseriformes,anatidae,Aves,China,Henan,河南,Sanmenxia,三门峡市,"c(111.2000526, 34.7727068)",391,sea-level,A_Whooper_swan_Sanmenxia_Y15_2020_H5N8
H5N8|2344b|EPI_ISL_14824095|anseriformes|china|NA|2020-11-10,EPI_ISL_14824095,Y16,H5N8,2020-11-10,2020,whooper swan,cygnus cygnus,anseriformes,anatidae,Aves,China,Henan,河南,Sanmenxia,三门峡市,"c(111.2000526, 34.7727068)",391,sea-level,A_Whooper_swan_Sanmenxia_Y16_2020_H5N8
H5N8|2344b|EPI_ISL_14824122|anseriformes|china|NA|2020-11-10,EPI_ISL_14824122,Y52,H5N8,2020-11-10,2020,whooper swan,cygnus cygnus,anseriformes,anatidae,Aves,China,Henan,河南,Sanmenxia,三门峡市,"c(111.2000526, 34.7727068)",391,sea-level,A_Whooper_swan_Sanmenxia_Y52_2020_H5N8
H5N8|2344b|EPI_ISL_14835960|anseriformes|china|NA|2020-11-11,EPI_ISL_14835960,H1,H5N8,2020-11-11,2020,whooper swan,cygnus cygnus,anseriformes,anatidae,Aves,China,Henan,河南,Sanmenxia,三门峡市,"c(111.2000526, 34.7727068)",391,sea-level,A_Whooper_swan_Sanmenxia_H1_2020_H5N8
H5N8|2344b|EPI_ISL_14835963|anseriformes|china|NA|2020-11-11,EPI_ISL_14835963,H615,H5N8,2020-11-11,2020,whooper swan,cygnus cygnus,anseriformes,anatidae,Aves,China,Henan,河南,Sanmenxia,三门峡市,"c(111.2000526, 34.7727068)",391,sea-level,A_Whooper_swan_Sanmenxia_H615_2020_H5N8
H5N8|2344b|EPI_ISL_14835964|anseriformes|china|NA|2020-11-11,EPI_ISL_14835964,H735,H5N8,2020-11-11,2020,whooper swan,cygnus cygnus,anseriformes,anatidae,Aves,China,Henan,河南,Sanmenxia,三门峡市,"c(111.2000526, 34.7727068)",391,sea-level,A_Whooper_swan_Sanmenxia_H735_2020_H5N8
H5N8|2344b|EPI_ISL_14835965|anseriformes|china|NA|2020-11-11,EPI_ISL_14835965,H810,H5N8,2020-11-11,2020,whooper swan,cygnus cygnus,anseriformes,anatidae,Aves,China,Henan,河南,Sanmenxia,三门峡市,"c(111.2000526, 34.7727068)",391,sea-level,A_Whooper_swan_Sanmenxia_H810_2020_H5N8
H5N8|2344b|EPI_ISL_14835968|anseriformes|china|NA|2020-11-12,EPI_ISL_14835968,Y24,H5N8,2020-11-12,2020,whooper swan,cygnus cygnus,anseriformes,anatidae,Aves,China,Henan,河南,Sanmenxia,三门峡市,"c(111.2000526, 34.7727068)",391,sea-level,A_Whooper_swan_Sanmenxia_Y24_2020_H5N8
H5N8|2344b|EPI_ISL_14835971|anseriformes|china|NA|2020-11-13,EPI_ISL_14835971,Y17,H5N8,2020-11-13,2020,whooper swan,cygnus cygnus,anseriformes,anatidae,Aves,China,Henan,河南,Sanmenxia,三门峡市,"c(111.2000526, 34.7727068)",391,sea-level,A_Whooper_swan_Sanmenxia_Y17_2020_H5N8
H5N8|2344b|EPI_ISL_14835974|anseriformes|china|NA|2020-11-13,EPI_ISL_14835974,Y18,H5N8,2020-11-13,2020,whooper swan,cygnus cygnus,anseriformes,anatidae,Aves,China,Henan,河南,Sanmenxia,三门峡市,"c(111.2000526, 34.7727068)",391,sea-level,A_Whooper_swan_Sanmenxia_Y18_2020_H5N8
H5N8|2344b|EPI_ISL_14835976|anseriformes|china|NA|2020-11-13,EPI_ISL_14835976,Y56,H5N8,2020-11-13,2020,whooper swan,cygnus cygnus,anseriformes,anatidae,Aves,China,Henan,河南,Sanmenxia,三门峡市,"c(111.2000526, 34.7727068)",391,sea-level,A_Whooper_swan_Sanmenxia_Y56_2020_H5N8
H5N8|2344b|EPI_ISL_14836024|anseriformes|china|NA|2020-11-14,EPI_ISL_14836024,Y19,H5N8,2020-11-14,2020,whooper swan,cygnus cygnus,anseriformes,anatidae,Aves,China,Henan,河南,Sanmenxia,三门峡市,"c(111.2000526, 34.7727068)",391,sea-level,A_Whooper_swan_Sanmenxia_Y19_2020_H5N8
H5N8|2344b|EPI_ISL_14836025|anseriformes|china|NA|2020-11-14,EPI_ISL_14836025,Y20,H5N8,2020-11-14,2020,whooper swan,cygnus cygnus,anseriformes,anatidae,Aves,China,Henan,河南,Sanmenxia,三门峡市,"c(111.2000526, 34.7727068)",391,sea-level,A_Whooper_swan_Sanmenxia_Y20_2020_H5N8
H5N8|2344b|EPI_ISL_14836026|anseriformes|china|NA|2020-11-14,EPI_ISL_14836026,Y21,H5N8,2020-11-14,2020,whooper swan,cygnus cygnus,anseriformes,anatidae,Aves,China,Henan,河南,Sanmenxia,三门峡市,"c(111.2000526, 34.7727068)",391,sea-level,A_Whooper_swan_Sanmenxia_Y21_2020_H5N8
H5N8|2344b|EPI_ISL_14836027|anseriformes|china|NA|2020-11-14,EPI_ISL_14836027,Y23-1,H5N8,2020-11-14,2020,whooper swan,cygnus cygnus,anseriformes,anatidae,Aves,China,Henan,河南,Sanmenxia,三门峡市,"c(111.2000526, 34.7727068)",391,sea-level,A_Whooper_swan_Sanmenxia_Y23-1_2020_H5N8
H5N8|2344b|EPI_ISL_14836077|anseriformes|china|NA|2020-11-14,EPI_ISL_14836077,Y23-2,H5N8,2020-11-14,2020,whooper swan,cygnus cygnus,anseriformes,anatidae,Aves,China,Henan,河南,Sanmenxia,三门峡市,"c(111.2000526, 34.7727068)",391,sea-level,A_Whooper_swan_Sanmenxia_Y23-2_2020_H5N8
H5N8|2344b|EPI_ISL_14836078|anseriformes|china|NA|2020-11-16,EPI_ISL_14836078,G27,H5N8,2020-11-16,2020,whooper swan,cygnus cygnus,anseriformes,anatidae,Aves,China,Henan,河南,Sanmenxia,三门峡市,"c(111.2000526, 34.7727068)",391,sea-level,A_Whooper_swan_Sanmenxia_G27_2020_H5N8
H5N8|2344b|EPI_ISL_14836079|anseriformes|china|NA|2020-11-16,EPI_ISL_14836079,G28,H5N8,2020-11-16,2020,whooper swan,cygnus cygnus,anseriformes,anatidae,Aves,China,Henan,河南,Sanmenxia,三门峡市,"c(111.2000526, 34.7727068)",391,sea-level,A_Whooper_swan_Sanmenxia_G28_2020_H5N8
H5N8|2344b|EPI_ISL_14836080|anseriformes|china|NA|2020-11-16,EPI_ISL_14836080,G29,H5N8,2020-11-16,2020,whooper swan,cygnus cygnus,anseriformes,anatidae,Aves,China,Henan,河南,Sanmenxia,三门峡市,"c(111.2000526, 34.7727068)",391,sea-level,A_Whooper_swan_Sanmenxia_G29_2020_H5N8
H5N8|2344b|EPI_ISL_14836081|anseriformes|china|NA|2020-11-16,EPI_ISL_14836081,Y26,H5N8,2020-11-16,2020,whooper swan,cygnus cygnus,anseriformes,anatidae,Aves,China,Henan,河南,Sanmenxia,三门峡市,"c(111.2000526, 34.7727068)",391,sea-level,A_Whooper_swan_Sanmenxia_Y26_2020_H5N8
H5N8|2344b|EPI_ISL_14836082|anseriformes|china|NA|2020-11-16,EPI_ISL_14836082,Y27,H5N8,2020-11-16,2020,whooper swan,cygnus cygnus,anseriformes,anatidae,Aves,China,Henan,河南,Sanmenxia,三门峡市,"c(111.2000526, 34.7727068)",391,sea-level,A_Whooper_swan_Sanmenxia_Y27_2020_H5N8
H5N8|2344b|EPI_ISL_14836083|anseriformes|china|NA|2020-11-16,EPI_ISL_14836083,Y31,H5N8,2020-11-16,2020,whooper swan,cygnus cygnus,anseriformes,anatidae,Aves,China,Henan,河南,Sanmenxia,三门峡市,"c(111.2000526, 34.7727068)",391,sea-level,A_Whooper_swan_Sanmenxia_Y31_2020_H5N8
H5N8|2344b|EPI_ISL_14836086|anseriformes|china|NA|2020-11-16,EPI_ISL_14836086,Y36,H5N8,2020-11-16,2020,whooper swan,cygnus cygnus,anseriformes,anatidae,Aves,China,Henan,河南,Sanmenxia,三门峡市,"c(111.2000526, 34.7727068)",391,sea-level,A_Whooper_swan_Sanmenxia_Y36_2020_H5N8
H5N8|2344b|EPI_ISL_14836088|anseriformes|china|NA|2020-11-16,EPI_ISL_14836088,Y48A,H5N8,2020-11-16,2020,whooper swan,cygnus cygnus,anseriformes,anatidae,Aves,China,Henan,河南,Sanmenxia,三门峡市,"c(111.2000526, 34.7727068)",391,sea-level,A_Whooper_swan_Sanmenxia_Y48A_2020_H5N8
H5N8|2344b|EPI_ISL_14836098|anseriformes|china|NA|2020-11-16,EPI_ISL_14836098,Y54,H5N8,2020-11-16,2020,whooper swan,cygnus cygnus,anseriformes,anatidae,Aves,China,Henan,河南,Sanmenxia,三门峡市,"c(111.2000526, 34.7727068)",391,sea-level,A_Whooper_swan_Sanmenxia_Y54_2020_H5N8
H5N8|2344b|EPI_ISL_14836101|anseriformes|china|NA|2020-11-16,EPI_ISL_14836101,Y57,H5N8,2020-11-16,2020,whooper swan,cygnus cygnus,anseriformes,anatidae,Aves,China,Henan,河南,Sanmenxia,三门峡市,"c(111.2000526, 34.7727068)",391,sea-level,A_Whooper_swan_Sanmenxia_Y57_2020_H5N8
H5N8|2344b|EPI_ISL_14836104|anseriformes|china|NA|2020-11-17,EPI_ISL_14836104,G48B,H5N8,2020-11-17,2020,whooper swan,cygnus cygnus,anseriformes,anatidae,Aves,China,Henan,河南,Sanmenxia,三门峡市,"c(111.2000526, 34.7727068)",391,sea-level,A_Whooper_swan_Sanmenxia_G48B_2020_H5N8
H5N8|2344b|EPI_ISL_14836369|anseriformes|china|NA|2020-11-17,EPI_ISL_14836369,Y48B,H5N8,2020-11-17,2020,whooper swan,cygnus cygnus,anseriformes,anatidae,Aves,China,Henan,河南,Sanmenxia,三门峡市,"c(111.2000526, 34.7727068)",391,sea-level,A_Whooper_swan_Sanmenxia_Y48B_2020_H5N8
H5N8|2344b|EPI_ISL_14836371|anseriformes|china|NA|2020-11-17,EPI_ISL_14836371,Y49,H5N8,2020-11-17,2020,whooper swan,cygnus cygnus,anseriformes,anatidae,Aves,China,Henan,河南,Sanmenxia,三门峡市,"c(111.2000526, 34.7727068)",391,sea-level,A_Whooper_swan_Sanmenxia_Y49_2020_H5N8
H5N8|2344b|EPI_ISL_14836374|anseriformes|china|NA|2020-11-18,EPI_ISL_14836374,G25,H5N8,2020-11-18,2020,whooper swan,cygnus cygnus,anseriformes,anatidae,Aves,China,Henan,河南,Sanmenxia,三门峡市,"c(111.2000526, 34.7727068)",391,sea-level,A_Whooper_swan_Sanmenxia_G25_2020_H5N8
H5N8|2344b|EPI_ISL_14836376|anseriformes|china|NA|2020-11-18,EPI_ISL_14836376,Y25,H5N8,2020-11-18,2020,whooper swan,cygnus cygnus,anseriformes,anatidae,Aves,China,Henan,河南,Sanmenxia,三门峡市,"c(111.2000526, 34.7727068)",391,sea-level,A_Whooper_swan_Sanmenxia_Y25_2020_H5N8
H5N8|2344b|EPI_ISL_14822451|anseriformes|china|NA|2021-03-12,EPI_ISL_14822451,P1908,H5N8,2021-03-12,2021,bar-headed goose,anser indicus,anseriformes,anatidae,Aves,China,Xizang,西藏自治區|西藏自治区,Shannan,山南地区,"c(91.76141, 29.2248399)",3729,high,A_Bar-headed_Goose_Tibet_P1908_2021_H5N8
H5N8|2344b|EPI_ISL_14822452|anseriformes|china|NA|2021-03-12,EPI_ISL_14822452,P1910,H5N8,2021-03-12,2021,bar-headed goose,anser indicus,anseriformes,anatidae,Aves,China,Xizang,西藏自治區|西藏自治区,Shannan,山南地区,"c(91.76141, 29.2248399)",3729,high,A_Bar-headed_Goose_Tibet_P1910_2021_H5N8
H5N8|2344b|EPI_ISL_14822547|anseriformes|china|NA|2021-03-12,EPI_ISL_14822547,P1987,H5N8,2021-03-12,2021,bar-headed goose,anser indicus,anseriformes,anatidae,Aves,China,Xizang,西藏自治區|西藏自治区,Shannan,山南地区,"c(91.76141, 29.2248399)",3729,high,A_Bar-headed_Goose_Tibet_P1987_2021_H5N8
H5N8|2344b|EPI_ISL_14822358|anseriformes|china|NA|2021-03-11,EPI_ISL_14822358,P2098,H5N8,2021-03-11,2021,bar-headed goose,anser indicus,anseriformes,anatidae,Aves,China,Xizang,西藏自治區|西藏自治区,Shannan,山南地区,"c(90.98421, 29.2894699)",3539,high,A_Bar-headed_Goose_Tibet_P2098_2021_H5N8
H5N8|2344b|EPI_ISL_14822426|anseriformes|china|NA|2021-03-11,EPI_ISL_14822426,P2320,H5N8,2021-03-11,2021,bar-headed goose,anser indicus,anseriformes,anatidae,Aves,China,Xizang,西藏自治區|西藏自治区,Shannan,山南地区,"c(90.98421, 29.2894699)",3539,high,A_Bar-headed_Goose_Tibet_P2320_2021_H5N8
H5N8|2344b|EPI_ISL_14819895|anseriformes|china|NA|2020-10-16,EPI_ISL_14819895,BY246,H5N8,2020-10-16,2020,mallard,anas platyrhynchos,anseriformes,anatidae,Aves,China,Ningxia Hui,寧夏回族自治區|宁夏回族自治区,Zhongwei,中卫市,"c(105.69609, 37.25493)",1315,low,A_Mallard_Ningxia_BY246_2020_H5N8
H5N8|2344b|EPI_ISL_14819896|anseriformes|china|NA|2020-10-16,EPI_ISL_14819896,BY247,H5N8,2020-10-16,2020,mallard,anas platyrhynchos,anseriformes,anatidae,Aves,China,Ningxia Hui,寧夏回族自治區|宁夏回族自治区,Zhongwei,中卫市,"c(105.69609, 37.25493)",1315,low,A_Mallard_Ningxia_BY247_2020_H5N8
H5N8|2344b|EPI_ISL_14819897|anseriformes|china|NA|2020-10-16,EPI_ISL_14819897,BY249,H5N8,2020-10-16,2020,mallard,anas platyrhynchos,anseriformes,anatidae,Aves,China,Ningxia Hui,寧夏回族自治區|宁夏回族自治区,Zhongwei,中卫市,"c(105.69609, 37.25493)",1315,low,A_Mallard_Ningxia_BY249_2020_H5N8
H5N8|2344b|EPI_ISL_14819900|anseriformes|china|NA|2021-03-11,EPI_ISL_14819900,Y16,H5N8,2021-03-11,2021,eastern spot-billed duck,anas zonorhyncha,anseriformes,anatidae,Aves,China,Ningxia Hui,寧夏回族自治區|宁夏回族自治区,Shizuishan,石嘴山市,"c(106.52304, 38.9133499)",1099,low,A_Spot-billed_Duck_Ningxia_Y16_2021_H5N8
H5N8|2344b|EPI_ISL_14822356|anseriformes|china|NA|2021-03-11,EPI_ISL_14822356,Y26,H5N8,2021-03-11,2021,eastern spot-billed duck,anas zonorhyncha,anseriformes,anatidae,Aves,China,Ningxia Hui,寧夏回族自治區|宁夏回族自治区,Shizuishan,石嘴山市,"c(106.52304, 38.9133499)",1099,low,A_Spot-billed_Duck_Ningxia_Y26_2021_H5N8
H5N8|2344b|EPI_ISL_14822357|anseriformes|china|NA|2021-03-09,EPI_ISL_14822357,Y54,H5N8,2021-03-09,2021,duck sp.,anatidae (duck sp.),anseriformes,anatidae,Aves,China,Ningxia Hui,寧夏回族自治區|宁夏回族自治区,Shizuishan,石嘴山市,"c(106.52304, 38.9133499)",1099,low,A_Wild_Duck_Ningxia_Y54_2021_H5N8
H5N8|2344b|EPI_ISL_14819898|anseriformes|china|NA|2021-03-09,EPI_ISL_14819898,Y95,H5N8,2021-03-09,2021,duck sp.,anatidae (duck sp.),anseriformes,anatidae,Aves,China,Ningxia Hui,寧夏回族自治區|宁夏回族自治区,Shizuishan,石嘴山市,"c(106.52304, 38.9133499)",1099,low,A_Wild_Duck_Ningxia_Y95_2021_H5N8
H5N8|2344b|EPI_ISL_14819899|anseriformes|china|NA|2021-03-09,EPI_ISL_14819899,Y99,H5N8,2021-03-09,2021,duck sp.,anatidae (duck sp.),anseriformes,anatidae,Aves,China,Ningxia Hui,寧夏回族自治區|宁夏回族自治区,Shizuishan,石嘴山市,"c(106.52304, 38.9133499)",1099,low,A_Wild_Duck_Ningxia_Y99_2021_H5N8
H5N8|2344b|EPI_ISL_14819894|charadriiformes|china|NA|2021-01-17,EPI_ISL_14819894,D197,H5N8,2021-01-17,2021,black-headed gull,chroicocephalus ridibundus,charadriiformes,laridae,Aves,China,Yunnan,雲南|云南,Kunming,昆明市,"c(102.64049, 24.66663)",1918,low,A_Black-headed_Gull_Yunnan_D197_2021_H5N8
H5N8|2344b|EPI_ISL_14823423|anseriformes|china|NA|2021-01-17,EPI_ISL_14823423,H68,H5N8,2021-01-17,2021,goose sp.,anatidae (goose sp.),anseriformes,anatidae,Aves,China,Hubei,湖北,Huangshi,黄石市,"c(115.384364, 29.875847)",15,sea-level,A_Wild_geese_Hubei_H68_2021_H5N8
H5N8|2344b|EPI_ISL_14823215|anseriformes|china|NA|2021-01-17,EPI_ISL_14823215,H159,H5N8,2021-01-17,2021,goose sp.,anatidae (goose sp.),anseriformes,anatidae,Aves,China,Hubei,湖北,Huangshi,黄石市,"c(115.384364, 29.875847)",15,sea-level,A_Wild_geese_Hubei_H159_2021_H5N8
H5N8|2344b|EPI_ISL_14823308|anseriformes|china|NA|2021-01-17,EPI_ISL_14823308,H262,H5N8,2021-01-17,2021,goose sp.,anatidae (goose sp.),anseriformes,anatidae,Aves,China,Hubei,湖北,Huangshi,黄石市,"c(115.384364, 29.875847)",15,sea-level,A_Wild_geese_Hubei_H262_2021_H5N8
H5N8|2344b|EPI_ISL_14823421|anseriformes|china|NA|2021-01-17,EPI_ISL_14823421,H418,H5N8,2021-01-17,2021,goose sp.,anatidae (goose sp.),anseriformes,anatidae,Aves,China,Hubei,湖北,Huangshi,黄石市,"c(115.384364, 29.875847)",15,sea-level,A_Wild_geese_Hubei_H418_2021_H5N8
H5N8|2344b|EPI_ISL_14823405|anseriformes|china|NA|2021-01-17,EPI_ISL_14823405,H358,H5N8,2021-01-17,2021,goose sp.,anatidae (goose sp.),anseriformes,anatidae,Aves,China,Hubei,湖北,Huangshi,黄石市,"c(115.384364, 29.875847)",15,sea-level,A_Wild_geese_Hubei_H358_2021_H5N8
H5N8|2344b|EPI_ISL_14823422|anseriformes|china|NA|2021-01-17,EPI_ISL_14823422,H549,H5N8,2021-01-17,2021,goose sp.,anatidae (goose sp.),anseriformes,anatidae,Aves,China,Hubei,湖北,Huangshi,黄石市,"c(115.384364, 29.875847)",15,sea-level,A_Wild_geese_Hubei_H549_2021_H5N8
H5N8|2344b|EPI_ISL_14822549|NA|china|NA|2021-05-18,EPI_ISL_14822549,T1640,H5N8,2021-05-18,2021,NA,NA,NA,NA,NA,China,Xizang,西藏自治區|西藏自治区,Nagchu,那曲地区,"c(92.05136, 31.4761399)",4539,high,NA
H5N8|2344b|EPI_ISL_14822756|NA|china|NA|2021-05-19,EPI_ISL_14822756,T1707,H5N8,2021-05-19,2021,NA,NA,NA,NA,NA,China,Xizang,西藏自治區|西藏自治区,Nagchu,那曲地区,"c(92.05136, 31.4761399)",4539,high,NA
H5N8|2344b|EPI_ISL_14822757|NA|china|NA|2021-05-24,EPI_ISL_14822757,N38,H5N8,2021-05-24,2021,NA,NA,NA,NA,NA,China,Xizang,西藏自治區|西藏自治区,Nagchu,那曲地区,"c(92.05136, 31.4761399)",4539,high,NA
H5N8|2344b|EPI_ISL_14819793|NA|china|NA|2020-05-25,EPI_ISL_14819793,TJ1533,H5N8,2020-05-25,2020,aves,NA,NA,NA,Aves,China,Nei Mongol,內蒙古自治區|内蒙古自治区,Xing'an,兴安盟,"c(123.0288, 46.28811)",138,sea-level,A_wild_bird_Tumuji_TJ1533_2020_H5N8
H5N8|2344b|EPI_ISL_14819814|anseriformes|china|NA|2020-09-24,EPI_ISL_14819814,Q24,H5N8,2020-09-24,2020,bar-headed goose,anser indicus,anseriformes,anatidae,Aves,China,Qinghai,青海,Haibei Tibetan,海北藏族自治州,"c(100.5076, 36.86661)",3195,high,A_Bar-headed_Goose_Qinghai_Q24_2020_H5N8
H5N8|2344b|A26|anseriformes|china|NA|2021-07-09,NA,A26,H5N8,2021-07-09,2021,bar-headed goose,anser indicus,anseriformes,anatidae,Aves,China,Qinghai,青海,Haibei Tibetan,海北藏族自治州,"c(100.5076, 36.86661)",3195,high,A_Bar-headed_Goose_Qinghai_A26_2021-7-9_H5N8
H5N8|2344b|A1715|anseriformes|china|NA|2021-07-09,NA,A1715,H5N8,2021-07-09,2021,bar-headed goose,anser indicus,anseriformes,anatidae,Aves,China,Qinghai,青海,Haibei Tibetan,海北藏族自治州,"c(100.5076, 36.86661)",3195,high,A_Bar-headed_Goose_Qinghai_A1715_2021-7-9_H5N8
H5N8|2344b|A1903|anseriformes|china|NA|2021-07-09,NA,A1903,H5N8,2021-07-09,2021,bar-headed goose,anser indicus,anseriformes,anatidae,Aves,China,Qinghai,青海,Haibei Tibetan,海北藏族自治州,"c(100.5076, 36.86661)",3195,high,A_Bar-headed_Goose_Qinghai_A1903_2021-7-9_H5N8
H5N8|2344b|A2029|anseriformes|china|NA|2021-07-09,NA,A2029,H5N8,2021-07-09,2021,bar-headed goose,anser indicus,anseriformes,anatidae,Aves,China,Qinghai,青海,Haibei Tibetan,海北藏族自治州,"c(100.5076, 36.86661)",3195,high,A_Bar-headed_Goose_Qinghai_A2029_2021-7-9_H5N8
H5N8|2344b|Z29|podicipediformes|china|NA|2021-06-17,NA,Z29,H5N8,2021-06-17,2021,eared grebe,podiceps nigricollis,podicipediformes,podicipedidae,Aves,China,Ningxia Hui,寧夏回族自治區|宁夏回族自治区,Yinchuan,银川市,"c(106.791155, 37.787222)",1352,low,A_Black-necked_Grebe_Ningxia_Z29_2021-6-17_H5N8
H5N8|2344b|Z31|podicipediformes|china|NA|2021-07-06,NA,Z31,H5N8,2021-07-06,2021,eared grebe,podiceps nigricollis,podicipediformes,podicipedidae,Aves,China,Ningxia Hui,寧夏回族自治區|宁夏回族自治区,Yinchuan,银川市,"c(106.791155, 37.787222)",1352,low,A_Black-necked_Grebe_Ningxia_Z31_2021-7-6_H5N8
H5N8|2344b|Z45|podicipediformes|china|NA|2021-07-06,NA,Z45,H5N8,2021-07-06,2021,eared grebe,podiceps nigricollis,podicipediformes,podicipedidae,Aves,China,Ningxia Hui,寧夏回族自治區|宁夏回族自治区,Yinchuan,银川市,"c(106.791155, 37.787222)",1352,low,A_Black-necked_Grebe_Ningxia_Z45_2021-7-6_H5N8
H5N1|2344b|G56|anseriformes|china|NA|2021-10-20,NA,G56,H5N1,2021-10-20,2021,duck sp.,anatidae (duck sp.),anseriformes,anatidae,Aves,China,Ningxia Hui,寧夏回族自治區|宁夏回族自治区,Yinchuan,银川市,"c(105.913735, 38.403079)",1309,low,A_wild_duck_Ningxia_G56_2021-10-20_H5N1
H5N1|2344b|BY1|anseriformes|china|NA|2021-12-01,NA,BY1,H5N1,2021-12-01,2021,whooper swan,cygnus cygnus,anseriformes,anatidae,Aves,China,Henan,河南,Sanmenxia,三门峡市,"c(111.2000526, 34.7727068)",391,sea-level,A_whooper_swan_Sanmenxia_BY1_2021-12-01_H5N1
H5N1|2344b|TY01|anseriformes|china|NA|2021-11-16,NA,TY01,H5N1,2021-11-16,2021,whooper swan,cygnus cygnus,anseriformes,anatidae,Aves,China,Guangdong,廣東|广东,Foshan,佛山市,"c(113.0235861, 23.2194569)",3,sea-level,A_whooper_swan_Sanmenxia_TY01_2021-11-16_H5N1
H5N1|2344b|R57|anseriformes|china|NA|2021-11-14,NA,R57,H5N1,2021-11-14,2021,whooper swan,cygnus cygnus,anseriformes,anatidae,Aves,China,Henan,河南,Sanmenxia,三门峡市,"c(111.2000526, 34.7727068)",391,sea-level,A_whooper_swan_Sanmenxia_R57_2021-11-14_H5N1
H5N1|2344b|K135|anseriformes|china|NA|2022-01-28,NA,K135,H5N1,2022-01-28,2022,bar-headed goose,anser indicus,anseriformes,anatidae,Aves,China,Xizang,西藏自治區|西藏自治区,Shigatse,日喀则地区,"c(88.88116, 29.2670499)",3859,high,A_bar-headed_goose_Tibet_K135_2022-01-28_H5N1
H5N1|2344b|K154|anseriformes|china|NA|2022-01-28,NA,K154,H5N1,2022-01-28,2022,bar-headed goose,anser indicus,anseriformes,anatidae,Aves,China,Xizang,西藏自治區|西藏自治区,Shigatse,日喀则地区,"c(88.88116, 29.2670499)",3859,high,A_bar-headed_goose_Tibet_K154_2022-01-28_H5N1
H5N1|2344b|K312|anseriformes|china|NA|2022-01-27,NA,K312,H5N1,2022-01-27,2022,bar-headed goose,anser indicus,anseriformes,anatidae,Aves,China,Xizang,西藏自治區|西藏自治区,Shigatse,日喀则地区,"c(88.936052, 29.184234)",3978,high,A_bar-headed_goose_Tibet_K312_2022-01-27_H5N1
H5N1|2344b|K339|anseriformes|china|NA|2022-01-27,NA,K339,H5N1,2022-01-27,2022,bar-headed goose,anser indicus,anseriformes,anatidae,Aves,China,Xizang,西藏自治區|西藏自治区,Shigatse,日喀则地区,"c(88.936052, 29.184234)",3978,high,A_bar-headed_goose_Tibet_K339_2022-01-27_H5N1
H5N1|2344b|K363|anseriformes|china|NA|2022-01-27,NA,K363,H5N1,2022-01-27,2022,bar-headed goose,anser indicus,anseriformes,anatidae,Aves,China,Xizang,西藏自治區|西藏自治区,Shigatse,日喀则地区,"c(88.936052, 29.184234)",3978,high,A_bar-headed_goose_Tibet_K363_2022-01-27_H5N1
H5N1|2344b|K565|anseriformes|china|NA|2022-01-28,NA,K565,H5N1,2022-01-28,2022,bar-headed goose,anser indicus,anseriformes,anatidae,Aves,China,Xizang,西藏自治區|西藏自治区,Shigatse,日喀则地区,"c(88.936052, 29.184234)",3978,high,A_bar-headed_goose_Tibet_K565_2022-01-28_H5N1
H5N1|2344b|A624|anseriformes|china|NA|2022-07-11,NA,A624,H5N1,2022-07-11,2022,bar-headed goose,anser indicus,anseriformes,anatidae,Aves,China,Qinghai,青海,Hainan Tibetan,海南藏族自治州,"c(100.3497895, 36.7599029)",3194,high,A_bar-headed_goose_QinghaiLake_A624_2022-07-11_H5N1
H5N1|2344b|A716|anseriformes|china|NA|2022-07-11,NA,A716,H5N1,2022-07-11,2022,bar-headed goose,anser indicus,anseriformes,anatidae,Aves,China,Qinghai,青海,Hainan Tibetan,海南藏族自治州,"c(100.3497895, 36.7599029)",3194,high,A_bar-headed_goose_QinghaiLake_A716_2022-07-11_H5N1
H5N1|2344b|AY37|anseriformes|china|NA|2022-07-19,NA,AY37,H5N1,2022-07-19,2022,dabbling duck sp.,anatidae sp. (dabbling duck sp.),anseriformes,anatidae,Aves,China,Qinghai,青海,Hainan Tibetan,海南藏族自治州,"c(100.3497895, 36.7599029)",3194,high,A_ruddy_shelduck_QinghaiLake_AY37_2022-07-19_H5N1
H5N1|2344b|AM11|podicipediformes|china|NA|2022-07-06,NA,AM11,H5N1,2022-07-06,2022,great crested grebe,podiceps cristatus,podicipediformes,podicipedidae,Aves,China,Qinghai,青海,Hainan Tibetan,海南藏族自治州,"c(99.8633333, 36.9591667)",3195,high,A_great_crested_grebe_QinghaiLake_AM11_2022-07-06_H5N1
H5N1|2344b|AM12|podicipediformes|china|NA|2022-07-06,NA,AM12,H5N1,2022-07-06,2022,great crested grebe,podiceps cristatus,podicipediformes,podicipedidae,Aves,China,Qinghai,青海,Hainan Tibetan,海南藏族自治州,"c(99.8633333, 36.9591667)",3195,high,A_great_crested_grebe_QinghaiLake_AM12_2022-07-06_H5N1
H5N1|2344b|AM22|podicipediformes|china|NA|2022-07-15,NA,AM22,H5N1,2022-07-15,2022,great crested grebe,podiceps cristatus,podicipediformes,podicipedidae,Aves,China,Qinghai,青海,Hainan Tibetan,海南藏族自治州,"c(99.8633333, 36.9591667)",3195,high,A_great_crested_grebe_QinghaiLake_AM22_2022-07-15_H5N1
H5N1|2344b|AM62|charadriiformes|china|NA|2022-07-12,NA,AM62,H5N1,2022-07-12,2022,brown-headed gull,chroicocephalus brunnicephalus,charadriiformes,laridae,Aves,China,Qinghai,青海,Haibei Tibetan,海北藏族自治州,"c(100.507598, 36.866536)",3195,high,A_brown-headed_gull_QinghaiLake_AM62_2022-07-12_H5N1
H5N1|2344b|AM92|charadriiformes|china|NA|2022-07-11,NA,AM92,H5N1,2022-07-11,2022,brown-headed gull,chroicocephalus brunnicephalus,charadriiformes,laridae,Aves,China,Qinghai,青海,Hainan Tibetan,海南藏族自治州,"c(100.3497895, 36.7599029)",3194,high,A_brown-headed_gull_QinghaiLake_AM92_2022-07-11_H5N1
H5N1|2344b|AM118|charadriiformes|china|NA|2022-07-11,NA,AM118,H5N1,2022-07-11,2022,brown-headed gull,chroicocephalus brunnicephalus,charadriiformes,laridae,Aves,China,Qinghai,青海,Hainan Tibetan,海南藏族自治州,"c(100.3497895, 36.7599029)",3194,high,A_brown-headed_gull_QinghaiLake_AM118_2022-07-11_H5N1
H5N1|2344b|AM137|charadriiformes|china|NA|2022-07-18,NA,AM137,H5N1,2022-07-18,2022,brown-headed gull,chroicocephalus brunnicephalus,charadriiformes,laridae,Aves,China,Qinghai,青海,Hainan Tibetan,海南藏族自治州,"c(100.3497895, 36.7599029)",3194,high,A_brown-headed_gull_QinghaiLake_AM137_2022-07-18_H5N1
H5N1|2344b|AM150|podicipediformes|china|NA|2022-07-18,NA,AM150,H5N1,2022-07-18,2022,great crested grebe,podiceps cristatus,podicipediformes,podicipedidae,Aves,China,Qinghai,青海,Hainan Tibetan,海南藏族自治州,"c(100.3497895, 36.7599029)",3194,high,A_great_crested_grebe_QinghaiLake_AM150_2022-07-18_H5N1
H5N1|2344b|AM161|charadriiformes|china|NA|2022-07-18,NA,AM161,H5N1,2022-07-18,2022,brown-headed gull,chroicocephalus brunnicephalus,charadriiformes,laridae,Aves,China,Qinghai,青海,Hainan Tibetan,海南藏族自治州,"c(100.3497895, 36.7599029)",3194,high,A_brown-headed_gull_QinghaiLake_AM161_2022-07-18_H5N1
H5N1|2344b|AM168|podicipediformes|china|NA|2022-07-16,NA,AM168,H5N1,2022-07-16,2022,great crested grebe,podiceps cristatus,podicipediformes,podicipedidae,Aves,China,Qinghai,青海,Hainan Tibetan,海南藏族自治州,"c(100.3497895, 36.7599029)",3194,high,A_great_crested_grebe_QinghaiLake_AM168_2022-07-16_H5N1
H5N1|2344b|AM173|NA|china|NA|2022-07-16,NA,AM173,H5N1,2022-07-16,2022,NA,NA,NA,NA,NA,China,Qinghai,青海,Hainan Tibetan,海南藏族自治州,"c(100.3497895, 36.7599029)",3194,high,NA
H5N1|2344b|AM197|charadriiformes|china|NA|2022-07-16,NA,AM197,H5N1,2022-07-16,2022,brown-headed gull,chroicocephalus brunnicephalus,charadriiformes,laridae,Aves,China,Qinghai,青海,Hainan Tibetan,海南藏族自治州,"c(100.3497895, 36.7599029)",3194,high,A_brown-headed_gull_QinghaiLake_AM197_2022-07-16_H5N1
H5N1|2344b|X30|anseriformes|china|NA|2023-07-12,NA,X30,H5N1,2023-07-12,2023,dabbling duck sp.,anatidae sp. (dabbling duck sp.),anseriformes,anatidae,Aves,China,Xizang,西藏自治區|西藏自治区,Ngari,阿里地区,"c(84.9609464, 31.2328288)",4622,high,A_ruddy_shelduck_Tibet_X30_2023-7-12_H5N1
H5N1|2344b|X38|anseriformes|china|NA|2023-07-12,NA,X38,H5N1,2023-07-12,2023,dabbling duck sp.,anatidae sp. (dabbling duck sp.),anseriformes,anatidae,Aves,China,Xizang,西藏自治區|西藏自治区,Ngari,阿里地区,"c(84.9609464, 31.2328288)",4622,high,A_ruddy_shelduck_Tibet_X38_2023-7-12_H5N1
H5N1|2344b|X92|anseriformes|china|NA|2023-07-12,NA,X92,H5N1,2023-07-12,2023,dabbling duck sp.,anatidae sp. (dabbling duck sp.),anseriformes,anatidae,Aves,China,Xizang,西藏自治區|西藏自治区,Ngari,阿里地区,"c(84.9609464, 31.2328288)",4622,high,A_ruddy_shelduck_Tibet_X92_2023-7-12_H5N1
H5N1|2344b|X114|charadriiformes|china|NA|2023-07-11,NA,X114,H5N1,2023-07-11,2023,brown-headed gull,chroicocephalus brunnicephalus,charadriiformes,laridae,Aves,China,Xizang,西藏自治區|西藏自治区,Nagchu,那曲地区,"c(87.1223362, 31.024502)",4682,high,A_brown-headed_gull_Tibet_X114_2023-7-11_H5N1
H5N1|2344b|XR2|charadriiformes|china|NA|2023-07-11,NA,XR2,H5N1,2023-07-11,2023,brown-headed gull,chroicocephalus brunnicephalus,charadriiformes,laridae,Aves,China,Xizang,西藏自治區|西藏自治区,Nagchu,那曲地区,"c(87.1223362, 31.024502)",4682,high,A_brown-headed_gull_Tibet_XR2_2023-7-11_H5N1
H5N1|2344b|XR13|charadriiformes|china|NA|2023-07-11,NA,XR13,H5N1,2023-07-11,2023,brown-headed gull,chroicocephalus brunnicephalus,charadriiformes,laridae,Aves,China,Xizang,西藏自治區|西藏自治区,Nagchu,那曲地区,"c(87.1223362, 31.024502)",4682,high,A_brown-headed_gull_Tibet_XR13_2023-7-11_H5N1
H5N1|2344b|XR15|charadriiformes|china|NA|2023-07-11,NA,XR15,H5N1,2023-07-11,2023,brown-headed gull,chroicocephalus brunnicephalus,charadriiformes,laridae,Aves,China,Xizang,西藏自治區|西藏自治区,Nagchu,那曲地区,"c(87.1223362, 31.024502)",4682,high,A_brown-headed_gull_Tibet_XR15_2023-7-11_H5N1
H5N1|2344b|XR28|charadriiformes|china|NA|2023-07-12,NA,XR28,H5N1,2023-07-12,2023,brown-headed gull,chroicocephalus brunnicephalus,charadriiformes,laridae,Aves,China,Xizang,西藏自治區|西藏自治区,Ngari,阿里地区,"c(84.9609464, 31.2328288)",4622,high,A_brown-headed_gull_Tibet_XR28_2023-7-12_H5N1
H5N1|2344b|XR35|charadriiformes|china|NA|2023-07-11,NA,XR35,H5N1,2023-07-11,2023,brown-headed gull,chroicocephalus brunnicephalus,charadriiformes,laridae,Aves,China,Xizang,西藏自治區|西藏自治区,Nagchu,那曲地区,"c(87.1223362, 31.024502)",4682,high,A_brown-headed_gull_Tibet_XR35_2023-7-11_H5N1
H5N1|2344b|XR37|charadriiformes|china|NA|2023-07-11,NA,XR37,H5N1,2023-07-11,2023,brown-headed gull,chroicocephalus brunnicephalus,charadriiformes,laridae,Aves,China,Xizang,西藏自治區|西藏自治区,Nagchu,那曲地区,"c(87.1223362, 31.024502)",4682,high,A_brown-headed_gull_Tibet_XR37_2023-7-11_H5N1
H5N1|2344b|XR38|charadriiformes|china|NA|2023-07-11,NA,XR38,H5N1,2023-07-11,2023,brown-headed gull,chroicocephalus brunnicephalus,charadriiformes,laridae,Aves,China,Xizang,西藏自治區|西藏自治区,Nagchu,那曲地区,"c(87.1223362, 31.024502)",4682,high,A_brown-headed_gull_Tibet_XR38_2023-7-11_H5N1
H5N1|2344b|XR41|charadriiformes|china|NA|2023-07-11,NA,XR41,H5N1,2023-07-11,2023,brown-headed gull,chroicocephalus brunnicephalus,charadriiformes,laridae,Aves,China,Xizang,西藏自治區|西藏自治区,Nagchu,那曲地区,"c(87.1223362, 31.024502)",4682,high,A_brown-headed_gull_Tibet_XR41_2023-7-11_H5N1
H5N1|2344b|XR49|charadriiformes|china|NA|2023-07-12,NA,XR49,H5N1,2023-07-12,2023,brown-headed gull,chroicocephalus brunnicephalus,charadriiformes,laridae,Aves,China,Xizang,西藏自治區|西藏自治区,Ngari,阿里地区,"c(84.9609464, 31.2328288)",4622,high,A_brown-headed_gull_Tibet_XR49_2023-7-12_H5N1
H5N1|2344b|XR52|charadriiformes|china|NA|2023-07-11,NA,XR52,H5N1,2023-07-11,2023,brown-headed gull,chroicocephalus brunnicephalus,charadriiformes,laridae,Aves,China,Xizang,西藏自治區|西藏自治区,Nagchu,那曲地区,"c(87.1223362, 31.024502)",4682,high,A_brown-headed_gull_Tibet_XR52_2023-7-11_H5N1
H5N1|2344b|XR53|charadriiformes|china|NA|2023-07-11,NA,XR53,H5N1,2023-07-11,2023,brown-headed gull,chroicocephalus brunnicephalus,charadriiformes,laridae,Aves,China,Xizang,西藏自治區|西藏自治区,Nagchu,那曲地区,"c(87.1223362, 31.024502)",4682,high,A_brown-headed_gull_Tibet_XR53_2023-7-11_H5N1
H5N1|2344b|XR55|charadriiformes|china|NA|2023-07-11,NA,XR55,H5N1,2023-07-11,2023,brown-headed gull,chroicocephalus brunnicephalus,charadriiformes,laridae,Aves,China,Xizang,西藏自治區|西藏自治区,Nagchu,那曲地区,"c(87.1223362, 31.024502)",4682,high,A_brown-headed_gull_Tibet_XR55_2023-7-11_H5N1
H5N1|2344b|XR56|charadriiformes|china|NA|2023-07-11,NA,XR56,H5N1,2023-07-11,2023,brown-headed gull,chroicocephalus brunnicephalus,charadriiformes,laridae,Aves,China,Xizang,西藏自治區|西藏自治区,Nagchu,那曲地区,"c(87.1223362, 31.024502)",4682,high,A_brown-headed_gull_Tibet_XR56_2023-7-11_H5N1
H5N1|2344b|XR57|charadriiformes|china|NA|2023-07-11,NA,XR57,H5N1,2023-07-11,2023,brown-headed gull,chroicocephalus brunnicephalus,charadriiformes,laridae,Aves,China,Xizang,西藏自治區|西藏自治区,Nagchu,那曲地区,"c(87.1223362, 31.024502)",4682,high,A_brown-headed_gull_Tibet_XR57_2023-7-11_H5N1
H5N1|2344b|XR67|charadriiformes|china|NA|2023-07-11,NA,XR67,H5N1,2023-07-11,2023,brown-headed gull,chroicocephalus brunnicephalus,charadriiformes,laridae,Aves,China,Xizang,西藏自治區|西藏自治区,Nagchu,那曲地区,"c(87.1223362, 31.024502)",4682,high,A_brown-headed_gull_Tibet_XR67_2023-7-11_H5N1
H5N1|2344b|XR71|charadriiformes|china|NA|2023-07-11,NA,XR71,H5N1,2023-07-11,2023,brown-headed gull,chroicocephalus brunnicephalus,charadriiformes,laridae,Aves,China,Xizang,西藏自治區|西藏自治区,Nagchu,那曲地区,"c(87.1223362, 31.024502)",4682,high,A_brown-headed_gull_Tibet_XR71_2023-7-11_H5N1
H5N1|2344b|XR72|charadriiformes|china|NA|2023-07-11,NA,XR72,H5N1,2023-07-11,2023,brown-headed gull,chroicocephalus brunnicephalus,charadriiformes,laridae,Aves,China,Xizang,西藏自治區|西藏自治区,Nagchu,那曲地区,"c(87.1223362, 31.024502)",4682,high,A_brown-headed_gull_Tibet_XR72_2023-7-11_H5N1
H5N1|2344b|XR73|charadriiformes|china|NA|2023-07-11,NA,XR73,H5N1,2023-07-11,2023,brown-headed gull,chroicocephalus brunnicephalus,charadriiformes,laridae,Aves,China,Xizang,西藏自治區|西藏自治区,Nagchu,那曲地区,"c(87.1223362, 31.024502)",4682,high,A_brown-headed_gull_Tibet_XR73_2023-7-11_H5N1
H5N1|2344b|XR74|charadriiformes|china|NA|2023-07-11,NA,XR74,H5N1,2023-07-11,2023,brown-headed gull,chroicocephalus brunnicephalus,charadriiformes,laridae,Aves,China,Xizang,西藏自治區|西藏自治区,Nagchu,那曲地区,"c(87.1223362, 31.024502)",4682,high,A_brown-headed_gull_Tibet_XR74_2023-7-11_H5N1
H5N1|2344b|XR78|charadriiformes|china|NA|2023-07-11,NA,XR78,H5N1,2023-07-11,2023,brown-headed gull,chroicocephalus brunnicephalus,charadriiformes,laridae,Aves,China,Xizang,西藏自治區|西藏自治区,Nagchu,那曲地区,"c(87.1223362, 31.024502)",4682,high,A_brown-headed_gull_Tibet_XR78_2023-7-11_H5N1
H5N1|2344b|XR79|charadriiformes|china|NA|2023-07-11,NA,XR79,H5N1,2023-07-11,2023,brown-headed gull,chroicocephalus brunnicephalus,charadriiformes,laridae,Aves,China,Xizang,西藏自治區|西藏自治区,Nagchu,那曲地区,"c(87.1223362, 31.024502)",4682,high,A_brown-headed_gull_Tibet_XR79_2023-7-11_H5N1
H5N1|2344b|XR89|charadriiformes|china|NA|2023-07-11,NA,XR89,H5N1,2023-07-11,2023,brown-headed gull,chroicocephalus brunnicephalus,charadriiformes,laridae,Aves,China,Xizang,西藏自治區|西藏自治区,Nagchu,那曲地区,"c(87.1223362, 31.024502)",4682,high,A_brown-headed_gull_Tibet_XR89_2023-7-11_H5N1
H5N1|2344b|SR54|anseriformes|china|NA|2022-12-29,NA,SR54,H5N1,2022-12-29,2022,whooper swan,cygnus cygnus,anseriformes,anatidae,Aves,China,Henan,河南,Sanmenxia,三门峡市,"c(111.14693, 34.76073)",345,sea-level,A_whooper_swan_Sanmenxia_SR54_2022-12-29_H5N1
H5N1|2344b|SR67|anseriformes|china|NA|2022-12-27,NA,SR67,H5N1,2022-12-27,2022,whooper swan,cygnus cygnus,anseriformes,anatidae,Aves,China,Henan,河南,Sanmenxia,三门峡市,"c(111.14693, 34.76073)",345,sea-level,A_whooper_swan_Sanmenxia_SR67_2022-12-27_H5N1
H5N1|2344b|SR71|anseriformes|china|NA|2022-12-27,NA,SR71,H5N1,2022-12-27,2022,whooper swan,cygnus cygnus,anseriformes,anatidae,Aves,China,Henan,河南,Sanmenxia,三门峡市,"c(111.14693, 34.76073)",345,sea-level,A_whooper_swan_Sanmenxia_SR71_2022-12-27_H5N1
H5N1|2344b|SR77|anseriformes|china|NA|2022-12-27,NA,SR77,H5N1,2022-12-27,2022,whooper swan,cygnus cygnus,anseriformes,anatidae,Aves,China,Henan,河南,Sanmenxia,三门峡市,"c(111.14693, 34.76073)",345,sea-level,A_whooper_swan_Sanmenxia_SR77_2022-12-27_H5N1
H5N1|2344b|T1388|anseriformes|china|NA|2022-04-29,NA,T1388,H5N1,2022-04-29,2022,taiga/tundra bean-goose,anser fabalis/serrirostris,anseriformes,anatidae,Aves,China,Nei Mongol,內蒙古自治區|内蒙古自治区,Xing'an,兴安盟,"c(123.0288, 46.28811)",138,sea-level,A_bean_goose_Tumuji_T1388_2022-4-29_H5N1
H5N1|2344b|6-Y76|NA|china|NA|2023-03-08,NA,6-Y76,H5N1,2023-03-08,2023,aves,NA,NA,NA,Aves,China,Ningxia Hui,寧夏回族自治區|宁夏回族自治区,Zhongwei,中卫市,"c(105.68518, 37.4915699)",1183,low,A_wild_bird_Ningxia_6-Y76_2023-3-8_H5N1
H5N1|2344b|C7|anseriformes|china|NA|2024-02-18,NA,C7,H5N1,2024-02-18,2024,whooper swan,cygnus cygnus,anseriformes,anatidae,Aves,China,Shandong,山東|山东,Weihai,威海市,"c(122.48628, 37.1652299)",32,sea-level,A_whooper_swan_Rongcheng_C7_2024-2-18_H5N1
H5N1|2344b|C9|anseriformes|china|NA|2024-02-18,NA,C9,H5N1,2024-02-18,2024,whooper swan,cygnus cygnus,anseriformes,anatidae,Aves,China,Shandong,山東|山东,Weihai,威海市,"c(122.48628, 37.1652299)",32,sea-level,A_whooper_swan_Rongcheng_C9_2024-2-18_H5N1
H5N1|2344b|C10|anseriformes|china|NA|2024-02-18,NA,C10,H5N1,2024-02-18,2024,whooper swan,cygnus cygnus,anseriformes,anatidae,Aves,China,Shandong,山東|山东,Weihai,威海市,"c(122.48628, 37.1652299)",32,sea-level,A_whooper_swan_Rongcheng_C10_2024-2-18_H5N1
H5N1|2344b|4-9|anseriformes|china|NA|2024-02-26,NA,4-9,H5N1,2024-02-26,2024,whooper swan,cygnus cygnus,anseriformes,anatidae,Aves,China,Shandong,山東|山东,Weihai,威海市,"c(122.48628, 37.1652299)",32,sea-level,A_whooper_swan_Rongcheng_4-9_2024-2-26_H5N1
H5N1|2344b|XB2-8|anseriformes|china|NA|2024-06-08,NA,XB2-8,H5N1,2024-06-08,2024,bar-headed goose,anser indicus,anseriformes,anatidae,Aves,China,Xizang,西藏自治區|西藏自治区,Nagchu,那曲地区,"c(92.05136, 31.4761399)",4539,high,A_bar-headed_goose_Tibet_XB2-8_2024-6-8_H5N1
H5N1|2344b|XB3-2|anseriformes|china|NA|2024-06-08,NA,XB3-2,H5N1,2024-06-08,2024,bar-headed goose,anser indicus,anseriformes,anatidae,Aves,China,Xizang,西藏自治區|西藏自治区,Nagchu,那曲地区,"c(92.05136, 31.4761399)",4539,high,A_bar-headed_goose_Tibet_XB3-2_2024-6-8_H5N1
H5N1|2344b|XB3-3|anseriformes|china|NA|2024-06-08,NA,XB3-3,H5N1,2024-06-08,2024,bar-headed goose,anser indicus,anseriformes,anatidae,Aves,China,Xizang,西藏自治區|西藏自治区,Nagchu,那曲地区,"c(92.05136, 31.4761399)",4539,high,A_bar-headed_goose_Tibet_XB3-3_2024-6-8_H5N1
H5N1|2344b|XP1-5|podicipediformes|china|NA|2024-06-09,NA,XP1-5,H5N1,2024-06-09,2024,great crested grebe,podiceps cristatus,podicipediformes,podicipedidae,Aves,China,Xizang,西藏自治區|西藏自治区,Nagchu,那曲地区,"c(90.6393702, 30.6644393)",4725,high,A_great_crested_grebe_Tibet_XP1-5_2024-6-9_H5N1
H5N1|2344b|XP1-8|podicipediformes|china|NA|2024-06-09,NA,XP1-8,H5N1,2024-06-09,2024,great crested grebe,podiceps cristatus,podicipediformes,podicipedidae,Aves,China,Xizang,西藏自治區|西藏自治区,Nagchu,那曲地区,"c(90.6393702, 30.6644393)",4725,high,A_great_crested_grebe_Tibet_XP1-8_2024-6-9_H5N1
H5N1|2344b|XP2-2|podicipediformes|china|NA|2024-06-09,NA,XP2-2,H5N1,2024-06-09,2024,great crested grebe,podiceps cristatus,podicipediformes,podicipedidae,Aves,China,Xizang,西藏自治區|西藏自治区,Nagchu,那曲地区,"c(90.6393702, 30.6644393)",4725,high,A_great_crested_grebe_Tibet_XP2-2_2024-6-9_H5N1
H5N1|2344b|XP2-5|podicipediformes|china|NA|2024-06-09,NA,XP2-5,H5N1,2024-06-09,2024,great crested grebe,podiceps cristatus,podicipediformes,podicipedidae,Aves,China,Xizang,西藏自治區|西藏自治区,Nagchu,那曲地区,"c(90.6393702, 30.6644393)",4725,high,A_great_crested_grebe_Tibet_XP2-5_2024-6-9_H5N1
H5N1|2344b|XZ10-5|charadriiformes|china|NA|2024-06-08,NA,XZ10-5,H5N1,2024-06-08,2024,brown-headed gull,chroicocephalus brunnicephalus,charadriiformes,laridae,Aves,China,Xizang,西藏自治區|西藏自治区,Nagchu,那曲地区,"c(92.05136, 31.4761399)",4539,high,A_brown-headed_gull_Tibet_XZ10-5_2024-6-8_H5N1
H5N1|2344b|XZ11-3|charadriiformes|china|NA|2024-06-09,NA,XZ11-3,H5N1,2024-06-09,2024,brown-headed gull,chroicocephalus brunnicephalus,charadriiformes,laridae,Aves,China,Xizang,西藏自治區|西藏自治区,Nagchu,那曲地区,"c(90.6393702, 30.6644393)",4725,high,A_brown-headed_gull_Tibet_XZ11-3_2024-6-9_H5N1
H5N1|2344b|XZ11-8|charadriiformes|china|NA|2024-06-09,NA,XZ11-8,H5N1,2024-06-09,2024,brown-headed gull,chroicocephalus brunnicephalus,charadriiformes,laridae,Aves,China,Xizang,西藏自治區|西藏自治区,Nagchu,那曲地区,"c(90.6393702, 30.6644393)",4725,high,A_brown-headed_gull_Tibet_XZ11-8_2024-6-9_H5N1
H5N1|2344b|XZ12-4|charadriiformes|china|NA|2024-06-09,NA,XZ12-4,H5N1,2024-06-09,2024,brown-headed gull,chroicocephalus brunnicephalus,charadriiformes,laridae,Aves,China,Xizang,西藏自治區|西藏自治区,Nagchu,那曲地区,"c(90.6393702, 30.6644393)",4725,high,A_brown-headed_gull_Tibet_XZ12-4_2024-6-9_H5N1
H5N1|2344b|XZ12-8|charadriiformes|china|NA|2024-06-09,NA,XZ12-8,H5N1,2024-06-09,2024,brown-headed gull,chroicocephalus brunnicephalus,charadriiformes,laridae,Aves,China,Xizang,西藏自治區|西藏自治区,Nagchu,那曲地区,"c(90.6393702, 30.6644393)",4725,high,A_brown-headed_gull_Tibet_XZ12-8_2024-6-9_H5N1
H5N1|2344b|XZ2-4|charadriiformes|china|NA|2024-06-08,NA,XZ2-4,H5N1,2024-06-08,2024,brown-headed gull,chroicocephalus brunnicephalus,charadriiformes,laridae,Aves,China,Xizang,西藏自治區|西藏自治区,Nagchu,那曲地区,"c(92.05136, 31.4761399)",4539,high,A_brown-headed_gull_Tibet_XZ2-4_2024-6-8_H5N1
H5N1|2344b|XZ6-4|charadriiformes|china|NA|2024-06-08,NA,XZ6-4,H5N1,2024-06-08,2024,brown-headed gull,chroicocephalus brunnicephalus,charadriiformes,laridae,Aves,China,Xizang,西藏自治區|西藏自治区,Nagchu,那曲地区,"c(92.05136, 31.4761399)",4539,high,A_brown-headed_gull_Tibet_XZ6-4_2024-6-8_H5N1
H5N1|2344b|XZ8-1|charadriiformes|china|NA|2024-06-08,NA,XZ8-1,H5N1,2024-06-08,2024,brown-headed gull,chroicocephalus brunnicephalus,charadriiformes,laridae,Aves,China,Xizang,西藏自治區|西藏自治区,Nagchu,那曲地区,"c(92.05136, 31.4761399)",4539,high,A_brown-headed_gull_Tibet_XZ8-1_2024-6-8_H5N1
H5N1|2344b|Y1-4|charadriiformes|china|NA|2024-05-16,NA,Y1-4,H5N1,2024-05-16,2024,pallas's gull,ichthyaetus ichthyaetus,charadriiformes,laridae,Aves,China,Qinghai,青海,Hainan Tibetan,海南藏族自治州,"c(100.3497895, 36.7599029)",3194,high,A_pallas’s_gull_Qinghai_Y1-4_2024-5-16_H5N1
H5N1|2344b|Y2-3|charadriiformes|china|NA|2024-05-16,NA,Y2-3,H5N1,2024-05-16,2024,pallas's gull,ichthyaetus ichthyaetus,charadriiformes,laridae,Aves,China,Qinghai,青海,Hainan Tibetan,海南藏族自治州,"c(100.3497895, 36.7599029)",3194,high,A_pallas’s_gull_Qinghai_Y2-3_2024-5-16_H5N1
H5N1|2344b|Y3-3|charadriiformes|china|NA|2024-05-16,NA,Y3-3,H5N1,2024-05-16,2024,pallas's gull,ichthyaetus ichthyaetus,charadriiformes,laridae,Aves,China,Qinghai,青海,Hainan Tibetan,海南藏族自治州,"c(100.3497895, 36.7599029)",3194,high,A_pallas’s_gull_Qinghai_Y3-3_2024-5-16_H5N1
H5N1|2344b|Y4-8|charadriiformes|china|NA|2024-05-16,NA,Y4-8,H5N1,2024-05-16,2024,pallas's gull,ichthyaetus ichthyaetus,charadriiformes,laridae,Aves,China,Qinghai,青海,Hainan Tibetan,海南藏族自治州,"c(100.3497895, 36.7599029)",3194,high,A_pallas’s_gull_Qinghai_Y4-8_2024-5-16_H5N1
H5N1|2344b|Y5-9|charadriiformes|china|NA|2024-05-16,NA,Y5-9,H5N1,2024-05-16,2024,pallas's gull,ichthyaetus ichthyaetus,charadriiformes,laridae,Aves,China,Qinghai,青海,Hainan Tibetan,海南藏族自治州,"c(100.3497895, 36.7599029)",3194,high,A_pallas’s_gull_Qinghai_Y5-9_2024-5-16_H5N1
H5N1|2344b|Y6-1|charadriiformes|china|NA|2024-05-16,NA,Y6-1,H5N1,2024-05-16,2024,pallas's gull,ichthyaetus ichthyaetus,charadriiformes,laridae,Aves,China,Qinghai,青海,Hainan Tibetan,海南藏族自治州,"c(100.3497895, 36.7599029)",3194,high,A_pallas’s_gull_Qinghai_Y6-1_2024-5-16_H5N1
H5N1|2344b|Y7-3|charadriiformes|china|NA|2024-05-27,NA,Y7-3,H5N1,2024-05-27,2024,pallas's gull,ichthyaetus ichthyaetus,charadriiformes,laridae,Aves,China,Qinghai,青海,Haibei Tibetan,海北藏族自治州,"c(100.99504, 36.8969999)",3010,high,A_pallas’s_gull_Qinghai_Y7-3_2024-5-27_H5N1
H5N1|2344b|Z1-6|charadriiformes|china|NA|2024-05-16,NA,Z1-6,H5N1,2024-05-16,2024,brown-headed gull,chroicocephalus brunnicephalus,charadriiformes,laridae,Aves,China,Qinghai,青海,Hainan Tibetan,海南藏族自治州,"c(100.3497895, 36.7599029)",3194,high,A_brown-headed_gull_Qinghai_Z1-6_2024-5-16_H5N1
H5N1|2344b|B1-6|anseriformes|china|NA|2024-05-16,NA,B1-6,H5N1,2024-05-16,2024,bar-headed goose,anser indicus,anseriformes,anatidae,Aves,China,Qinghai,青海,Hainan Tibetan,海南藏族自治州,"c(100.3497895, 36.7599029)",3194,high,A_bar-headed_goose_Qinghai_B1-6_2024-5-16_H5N1
H5N1|2344b|H1-8|charadriiformes|china|NA|2024-05-27,NA,H1-8,H5N1,2024-05-27,2024,black-headed gull,chroicocephalus ridibundus,charadriiformes,laridae,Aves,China,Qinghai,青海,Haibei Tibetan,海北藏族自治州,"c(100.99504, 36.8969999)",3010,high,A_black-headed_gull_Qinghai_H1-8_2024-5-27_H5N1
H5N1|2344b|L2-10|suliformes|china|NA|2024-05-16,NA,L2-10,H5N1,2024-05-16,2024,great cormorant,phalacrocorax carbo,suliformes,phalacrocoracidae,Aves,China,Qinghai,青海,Hainan Tibetan,海南藏族自治州,"c(100.3497895, 36.7599029)",3194,high,A_great_cormorant_Qinghai_L2-10_2024-5-16_H5N1
H5N1|2344b|L4-7|suliformes|china|NA|2024-05-16,NA,L4-7,H5N1,2024-05-16,2024,great cormorant,phalacrocorax carbo,suliformes,phalacrocoracidae,Aves,China,Qinghai,青海,Hainan Tibetan,海南藏族自治州,"c(100.3497895, 36.7599029)",3194,high,A_great_cormorant_Qinghai_L4-7_2024-5-16_H5N1
H5N1|2344b|L5-6|suliformes|china|NA|2024-05-16,NA,L5-6,H5N1,2024-05-16,2024,great cormorant,phalacrocorax carbo,suliformes,phalacrocoracidae,Aves,China,Qinghai,青海,Hainan Tibetan,海南藏族自治州,"c(100.3497895, 36.7599029)",3194,high,A_great_cormorant_Qinghai_L5-6_2024-5-16_H5N1
H5N1|2344b|L8-9|suliformes|china|NA|2024-05-16,NA,L8-9,H5N1,2024-05-16,2024,great cormorant,phalacrocorax carbo,suliformes,phalacrocoracidae,Aves,China,Qinghai,青海,Hainan Tibetan,海南藏族自治州,"c(100.3497895, 36.7599029)",3194,high,A_great_cormorant_Qinghai_L8-9_2024-5-16_H5N1
H5N1|2344b|AM1173|podicipediformes|china|NA|2022,NA,AM1173,H5N1,NA,2022,great crested grebe,podiceps cristatus,podicipediformes,podicipedidae,Aves,China,Qinghai,青海,Hainan Tibetan,海南藏族自治州,"c(100.3497895, 36.7599029)",3194,high,A_great_crested_grebe_QinghaiLake_AM1173_2022-07-16_H5N1
H5N8|2344b|Q11|anseriformes|china|NA|2020,NA,Q11,H5N8,NA,2020,bar-headed goose,anser indicus,anseriformes,anatidae,Aves,China,Qinghai,青海,NA,NA,"c(101.7801099, 36.6208699)",2249,medium,A_Bar-headed_Goose_Qinghai_Q11_2020_H5N8
H5N8|2344b|TJ318|NA|china|NA|2020,NA,TJ318,H5N8,NA,2020,aves,NA,NA,NA,Aves,China,Nei Mongol,內蒙古自治區|内蒙古自治区,Xing'an,兴安盟,"c(123.0288, 46.28811)",138,sea-level,A_wild_bird_Tumuji_TJ318_2020_H5N8
H5N8|2344b|Y41|anseriformes|china|NA|2020,NA,Y41,H5N8,NA,2020,whooper swan,cygnus cygnus,anseriformes,anatidae,Aves,China,Henan,河南,Sanmenxia,三门峡市,"c(111.2000526, 34.7727068)",391,sea-level,A_Whooper_swan_Sanmenxia_Y41_2020_H5N8
